-- phpMyAdmin SQL Dump
-- version 4.8.0.1
-- https://www.phpmyadmin.net/
--
-- Servidor: 127.0.0.1
-- Tiempo de generación: 30-07-2018 a las 21:04:02
-- Versión del servidor: 10.1.32-MariaDB
-- Versión de PHP: 7.2.5

SET SQL_MODE = "NO_AUTO_VALUE_ON_ZERO";
SET AUTOCOMMIT = 0;
START TRANSACTION;
SET time_zone = "+00:00";


/*!40101 SET @OLD_CHARACTER_SET_CLIENT=@@CHARACTER_SET_CLIENT */;
/*!40101 SET @OLD_CHARACTER_SET_RESULTS=@@CHARACTER_SET_RESULTS */;
/*!40101 SET @OLD_COLLATION_CONNECTION=@@COLLATION_CONNECTION */;
/*!40101 SET NAMES utf8mb4 */;

--
-- Base de datos: `homestead`
--

-- --------------------------------------------------------

--
-- Estructura de tabla para la tabla `categories`
--

CREATE TABLE `categories` (
  `id` int(10) UNSIGNED NOT NULL,
  `name` varchar(191) COLLATE utf8mb4_unicode_ci NOT NULL,
  `description` varchar(1000) COLLATE utf8mb4_unicode_ci NOT NULL,
  `created_at` timestamp NULL DEFAULT NULL,
  `updated_at` timestamp NULL DEFAULT NULL
) ENGINE=InnoDB DEFAULT CHARSET=utf8mb4 COLLATE=utf8mb4_unicode_ci;

--
-- Volcado de datos para la tabla `categories`
--

INSERT INTO `categories` (`id`, `name`, `description`, `created_at`, `updated_at`) VALUES
(1, 'et', 'Consectetur odio sit sunt vel est. Recusandae doloremque et veritatis expedita.', '2018-07-30 18:12:53', '2018-07-30 18:12:53'),
(2, 'quisquam', 'Et aut omnis voluptas itaque. Veniam molestiae ducimus id excepturi et vel exercitationem nulla.', '2018-07-30 18:12:54', '2018-07-30 18:12:54'),
(3, 'vero', 'Fuga nostrum rerum placeat velit. Et dolorum odio vitae sunt sit officiis sed aliquam.', '2018-07-30 18:12:54', '2018-07-30 18:12:54'),
(4, 'assumenda', 'Velit ut odio aperiam facilis cum facilis. Ut magnam praesentium non velit ab sit sunt.', '2018-07-30 18:12:54', '2018-07-30 18:12:54'),
(5, 'facilis', 'Sit dolores totam ab commodi facere rem.', '2018-07-30 18:12:54', '2018-07-30 18:12:54'),
(6, 'iure', 'Asperiores quisquam laboriosam aut est et.', '2018-07-30 18:12:54', '2018-07-30 18:12:54'),
(7, 'id', 'Officiis in eum vel ut.', '2018-07-30 18:12:54', '2018-07-30 18:12:54'),
(8, 'quisquam', 'Ea magnam totam eum qui blanditiis earum officiis est. Voluptate est cumque natus laudantium ipsum consequuntur.', '2018-07-30 18:12:54', '2018-07-30 18:12:54'),
(9, 'sed', 'Modi reiciendis perspiciatis fugiat beatae et.', '2018-07-30 18:12:54', '2018-07-30 18:12:54'),
(10, 'architecto', 'Quam eveniet molestiae quae nostrum rem veritatis est tempora.', '2018-07-30 18:12:54', '2018-07-30 18:12:54'),
(11, 'enim', 'Blanditiis veritatis deserunt rerum ut voluptas quos unde voluptas. Et ab vel commodi quia.', '2018-07-30 18:12:54', '2018-07-30 18:12:54'),
(12, 'a', 'Dolorem enim neque tenetur dicta. Cupiditate fugiat distinctio est et quasi.', '2018-07-30 18:12:54', '2018-07-30 18:12:54'),
(13, 'eos', 'Doloremque et et sit excepturi accusamus molestiae.', '2018-07-30 18:12:54', '2018-07-30 18:12:54'),
(14, 'delectus', 'Voluptatem rerum quasi praesentium hic eos. Exercitationem fugiat rem maxime nihil et.', '2018-07-30 18:12:55', '2018-07-30 18:12:55'),
(15, 'ipsam', 'Necessitatibus labore alias voluptatibus molestias quos ea tempore. Error vel nihil voluptatibus asperiores.', '2018-07-30 18:12:55', '2018-07-30 18:12:55'),
(16, 'sunt', 'Adipisci aspernatur ullam illo.', '2018-07-30 18:12:55', '2018-07-30 18:12:55'),
(17, 'rerum', 'Quo quisquam qui illum.', '2018-07-30 18:12:55', '2018-07-30 18:12:55'),
(18, 'commodi', 'Doloribus totam aut qui dolorem dolor voluptatem.', '2018-07-30 18:12:55', '2018-07-30 18:12:55'),
(19, 'sed', 'Impedit perspiciatis cupiditate aliquid quibusdam at ipsum. Reprehenderit delectus sapiente ipsam quisquam voluptatem.', '2018-07-30 18:12:55', '2018-07-30 18:12:55'),
(20, 'laborum', 'Non exercitationem occaecati quisquam modi.', '2018-07-30 18:12:55', '2018-07-30 18:12:55'),
(21, 'ut', 'Laborum aspernatur sed laudantium quia et. Et optio maiores qui aspernatur.', '2018-07-30 18:12:55', '2018-07-30 18:12:55'),
(22, 'magni', 'Amet accusantium tempora similique omnis non.', '2018-07-30 18:12:55', '2018-07-30 18:12:55'),
(23, 'at', 'Eveniet dolores qui quod esse excepturi omnis. Modi qui quia beatae libero.', '2018-07-30 18:12:55', '2018-07-30 18:12:55'),
(24, 'tempora', 'Quos quaerat a perferendis et. Porro et consequatur dolore odio.', '2018-07-30 18:12:55', '2018-07-30 18:12:55'),
(25, 'sunt', 'Rerum nulla nihil nostrum quia voluptatem et.', '2018-07-30 18:12:55', '2018-07-30 18:12:55'),
(26, 'voluptas', 'Incidunt quos esse temporibus aliquid corporis autem.', '2018-07-30 18:12:55', '2018-07-30 18:12:55'),
(27, 'omnis', 'Earum quia quaerat quis sed laudantium illum pariatur. Assumenda ut quibusdam corporis illum sint.', '2018-07-30 18:12:55', '2018-07-30 18:12:55'),
(28, 'ipsum', 'Minima eum quidem nihil voluptatem at expedita est.', '2018-07-30 18:12:55', '2018-07-30 18:12:55'),
(29, 'aspernatur', 'Dolores eius quis quis aut tempora.', '2018-07-30 18:12:55', '2018-07-30 18:12:55'),
(30, 'voluptatem', 'Minima ipsam ad libero eum tempora.', '2018-07-30 18:12:55', '2018-07-30 18:12:55');

-- --------------------------------------------------------

--
-- Estructura de tabla para la tabla `category_product`
--

CREATE TABLE `category_product` (
  `category_id` int(10) UNSIGNED NOT NULL,
  `product_id` int(10) UNSIGNED NOT NULL
) ENGINE=InnoDB DEFAULT CHARSET=utf8mb4 COLLATE=utf8mb4_unicode_ci;

--
-- Volcado de datos para la tabla `category_product`
--

INSERT INTO `category_product` (`category_id`, `product_id`) VALUES
(3, 1),
(7, 1),
(13, 1),
(28, 2),
(2, 3),
(8, 3),
(11, 3),
(20, 3),
(25, 3),
(4, 4),
(7, 4),
(12, 4),
(21, 4),
(28, 4),
(1, 5),
(17, 5),
(25, 5),
(12, 6),
(1, 7),
(5, 7),
(18, 7),
(19, 8),
(6, 9),
(10, 9),
(13, 9),
(18, 9),
(29, 9),
(17, 10),
(24, 10),
(25, 10),
(10, 11),
(13, 11),
(21, 12),
(22, 12),
(5, 13),
(9, 13),
(12, 13),
(16, 13),
(27, 13),
(6, 14),
(8, 14),
(1, 15),
(2, 15),
(28, 15),
(4, 16),
(21, 16),
(22, 16),
(15, 17),
(7, 18),
(12, 18),
(14, 18),
(17, 18),
(7, 19),
(2, 20),
(4, 20),
(6, 20),
(30, 20),
(9, 21),
(7, 22),
(13, 22),
(22, 22),
(28, 22),
(10, 23),
(12, 23),
(16, 23),
(3, 24),
(8, 24),
(16, 24),
(17, 24),
(14, 25),
(17, 25),
(18, 25),
(23, 25),
(30, 25),
(2, 26),
(9, 26),
(12, 27),
(22, 27),
(26, 27),
(30, 27),
(11, 28),
(15, 28),
(27, 28),
(21, 29),
(22, 29),
(26, 29),
(3, 30),
(18, 31),
(21, 31),
(25, 31),
(30, 31),
(3, 32),
(14, 32),
(29, 32),
(19, 33),
(3, 34),
(12, 34),
(13, 34),
(28, 34),
(11, 35),
(14, 36),
(21, 36),
(24, 36),
(6, 37),
(9, 37),
(29, 37),
(21, 38),
(4, 39),
(5, 39),
(7, 39),
(10, 39),
(23, 39),
(2, 40),
(10, 40),
(15, 41),
(3, 42),
(14, 42),
(21, 42),
(14, 43),
(18, 43),
(3, 44),
(12, 44),
(14, 44),
(21, 44),
(5, 45),
(10, 45),
(21, 45),
(22, 45),
(4, 46),
(9, 46),
(26, 46),
(28, 46),
(9, 47),
(11, 47),
(13, 47),
(23, 47),
(30, 47),
(2, 48),
(28, 48),
(6, 49),
(20, 49),
(21, 49),
(24, 49),
(21, 50),
(22, 51),
(26, 51),
(1, 52),
(8, 52),
(13, 52),
(17, 52),
(24, 52),
(13, 53),
(19, 53),
(1, 54),
(11, 54),
(26, 54),
(4, 55),
(6, 55),
(9, 55),
(27, 55),
(9, 56),
(19, 56),
(20, 56),
(28, 56),
(9, 57),
(19, 58),
(20, 58),
(22, 58),
(27, 58),
(4, 59),
(20, 59),
(9, 60),
(18, 60),
(28, 60),
(3, 61),
(9, 61),
(12, 61),
(26, 61),
(11, 62),
(21, 62),
(25, 62),
(3, 63),
(4, 63),
(24, 63),
(7, 64),
(11, 64),
(23, 64),
(9, 65),
(29, 65),
(23, 66),
(16, 67),
(29, 67),
(14, 68),
(15, 68),
(17, 68),
(29, 68),
(30, 68),
(1, 69),
(5, 69),
(30, 69),
(4, 70),
(17, 70),
(20, 70),
(5, 71),
(12, 71),
(25, 71),
(29, 71),
(2, 72),
(13, 72),
(29, 72),
(6, 73),
(15, 73),
(16, 73),
(27, 73),
(3, 74),
(11, 74),
(24, 74),
(26, 74),
(9, 75),
(10, 75),
(13, 75),
(14, 75),
(3, 76),
(13, 76),
(25, 76),
(29, 76),
(2, 77),
(12, 77),
(14, 77),
(25, 77),
(28, 77),
(16, 78),
(1, 79),
(4, 79),
(7, 79),
(12, 79),
(15, 79),
(1, 80),
(4, 81),
(12, 81),
(15, 82),
(16, 82),
(22, 82),
(24, 82),
(30, 82),
(16, 83),
(6, 84),
(16, 84),
(19, 84),
(28, 84),
(10, 85),
(14, 85),
(2, 86),
(4, 86),
(28, 86),
(5, 87),
(14, 87),
(16, 87),
(17, 88),
(19, 88),
(27, 88),
(29, 88),
(5, 89),
(13, 89),
(19, 89),
(20, 89),
(27, 89),
(12, 90),
(26, 90),
(4, 91),
(9, 91),
(13, 91),
(25, 91),
(28, 91),
(3, 92),
(14, 92),
(20, 92),
(27, 93),
(21, 94),
(10, 95),
(13, 95),
(16, 95),
(26, 95),
(28, 95),
(10, 96),
(12, 96),
(20, 96),
(17, 97),
(28, 98),
(5, 99),
(17, 99),
(3, 100),
(4, 100),
(5, 100),
(12, 100),
(15, 100),
(30, 101),
(1, 102),
(18, 102),
(4, 103),
(8, 103),
(29, 103),
(7, 104),
(9, 104),
(27, 104),
(2, 105),
(5, 105),
(12, 105),
(17, 105),
(11, 106),
(12, 106),
(20, 106),
(3, 107),
(13, 107),
(19, 107),
(26, 107),
(29, 107),
(7, 108),
(20, 108),
(21, 108),
(22, 108),
(5, 109),
(6, 109),
(18, 109),
(20, 109),
(4, 110),
(6, 110),
(8, 110),
(13, 110),
(30, 110),
(16, 111),
(19, 111),
(21, 111),
(28, 111),
(2, 112),
(7, 112),
(10, 112),
(17, 112),
(19, 112),
(1, 113),
(5, 114),
(14, 114),
(27, 114),
(28, 114),
(2, 115),
(3, 115),
(11, 115),
(27, 115),
(6, 116),
(7, 116),
(14, 116),
(5, 117),
(19, 117),
(21, 117),
(24, 117),
(27, 117),
(8, 118),
(9, 118),
(14, 118),
(22, 118),
(27, 118),
(1, 119),
(5, 119),
(11, 119),
(25, 119),
(29, 119),
(12, 120),
(20, 120),
(13, 121),
(19, 121),
(9, 122),
(16, 122),
(26, 122),
(30, 122),
(8, 123),
(9, 123),
(15, 123),
(23, 123),
(17, 124),
(9, 125),
(15, 125),
(3, 126),
(4, 126),
(28, 126),
(30, 126),
(2, 127),
(12, 127),
(28, 127),
(1, 128),
(6, 128),
(11, 128),
(20, 128),
(24, 128),
(14, 129),
(27, 129),
(15, 130),
(18, 130),
(25, 130),
(11, 131),
(27, 131),
(1, 132),
(4, 132),
(11, 132),
(15, 132),
(30, 132),
(5, 133),
(14, 133),
(22, 133),
(25, 133),
(11, 134),
(20, 134),
(25, 134),
(6, 135),
(14, 135),
(24, 135),
(2, 136),
(10, 136),
(24, 136),
(5, 137),
(18, 137),
(3, 138),
(4, 138),
(28, 138),
(30, 138),
(5, 139),
(13, 140),
(22, 140),
(26, 140),
(28, 140),
(9, 141),
(24, 141),
(23, 142),
(25, 142),
(28, 142),
(29, 142),
(6, 143),
(14, 143),
(25, 143),
(14, 144),
(17, 144),
(19, 144),
(5, 145),
(6, 145),
(21, 145),
(27, 145),
(9, 146),
(2, 147),
(4, 147),
(5, 147),
(12, 147),
(1, 148),
(7, 148),
(21, 148),
(5, 149),
(7, 150),
(14, 150),
(16, 150),
(19, 150),
(22, 150),
(3, 151),
(13, 151),
(7, 152),
(14, 152),
(15, 152),
(20, 152),
(21, 152),
(4, 153),
(17, 153),
(18, 153),
(21, 153),
(27, 153),
(27, 154),
(4, 155),
(12, 155),
(19, 155),
(28, 155),
(10, 156),
(11, 156),
(29, 156),
(4, 157),
(15, 157),
(18, 157),
(20, 157),
(29, 157),
(23, 158),
(28, 158),
(29, 158),
(4, 159),
(6, 159),
(25, 159),
(29, 159),
(10, 160),
(11, 160),
(18, 160),
(22, 160),
(21, 161),
(23, 161),
(26, 161),
(11, 162),
(19, 162),
(21, 162),
(22, 162),
(28, 162),
(2, 163),
(11, 164),
(18, 164),
(20, 164),
(4, 165),
(12, 166),
(19, 167),
(30, 167),
(11, 168),
(17, 168),
(13, 169),
(15, 169),
(18, 169),
(2, 170),
(2, 171),
(10, 171),
(15, 171),
(19, 171),
(26, 172),
(2, 173),
(1, 174),
(16, 174),
(20, 174),
(21, 174),
(29, 174),
(16, 175),
(21, 175),
(1, 176),
(3, 176),
(5, 176),
(10, 176),
(21, 176),
(1, 177),
(5, 177),
(10, 177),
(14, 177),
(29, 177),
(16, 178),
(20, 178),
(28, 178),
(11, 179),
(15, 179),
(19, 179),
(2, 180),
(5, 180),
(8, 181),
(12, 181),
(21, 181),
(23, 181),
(7, 182),
(13, 182),
(2, 183),
(10, 183),
(13, 183),
(10, 184),
(22, 184),
(24, 184),
(5, 185),
(7, 185),
(14, 185),
(17, 185),
(29, 185),
(2, 186),
(5, 186),
(7, 186),
(29, 186),
(11, 187),
(14, 187),
(27, 187),
(30, 187),
(10, 188),
(16, 188),
(8, 189),
(4, 190),
(8, 190),
(19, 190),
(25, 191),
(6, 192),
(11, 192),
(13, 192),
(20, 192),
(7, 193),
(9, 193),
(13, 193),
(23, 193),
(26, 193),
(1, 194),
(29, 194),
(5, 195),
(7, 195),
(16, 195),
(24, 195),
(6, 196),
(10, 196),
(18, 196),
(23, 196),
(5, 197),
(25, 197),
(5, 198),
(8, 198),
(14, 198),
(27, 198),
(10, 199),
(18, 199),
(22, 199),
(7, 200),
(17, 200),
(12, 201),
(17, 201),
(23, 201),
(30, 201),
(19, 202),
(30, 202),
(1, 203),
(4, 203),
(18, 203),
(28, 203),
(5, 204),
(6, 204),
(19, 204),
(26, 204),
(27, 204),
(9, 205),
(13, 205),
(28, 205),
(3, 206),
(4, 206),
(8, 206),
(25, 206),
(4, 207),
(7, 207),
(22, 207),
(23, 207),
(30, 207),
(27, 208),
(10, 209),
(8, 210),
(2, 211),
(6, 211),
(24, 211),
(11, 212),
(18, 212),
(20, 212),
(25, 212),
(30, 212),
(14, 213),
(17, 213),
(3, 214),
(14, 214),
(18, 214),
(29, 215),
(20, 216),
(22, 216),
(25, 216),
(29, 216),
(1, 217),
(8, 217),
(14, 217),
(19, 217),
(18, 218),
(8, 219),
(23, 219),
(3, 220),
(8, 220),
(11, 220),
(27, 220),
(1, 221),
(20, 221),
(18, 222),
(22, 222),
(17, 223),
(21, 223),
(1, 224),
(4, 224),
(16, 224),
(24, 224),
(29, 224),
(1, 225),
(13, 225),
(14, 225),
(20, 225),
(24, 225),
(1, 226),
(12, 226),
(9, 227),
(11, 227),
(22, 227),
(25, 227),
(28, 227),
(3, 228),
(1, 229),
(9, 229),
(13, 229),
(27, 229),
(3, 230),
(21, 230),
(26, 230),
(6, 231),
(8, 231),
(10, 231),
(19, 231),
(26, 231),
(6, 232),
(8, 232),
(16, 232),
(18, 232),
(23, 232),
(3, 233),
(11, 233),
(15, 233),
(20, 233),
(24, 233),
(2, 234),
(6, 234),
(12, 234),
(17, 234),
(4, 235),
(12, 235),
(19, 235),
(21, 235),
(26, 236),
(5, 237),
(19, 237),
(20, 237),
(30, 237),
(6, 238),
(15, 238),
(4, 239),
(10, 239),
(21, 239),
(26, 239),
(4, 240),
(7, 240),
(21, 240),
(23, 240),
(24, 240),
(1, 241),
(14, 241),
(16, 241),
(24, 241),
(16, 242),
(29, 243),
(13, 244),
(19, 244),
(22, 244),
(2, 245),
(22, 245),
(24, 245),
(2, 246),
(18, 246),
(10, 247),
(27, 247),
(7, 248),
(9, 248),
(10, 248),
(29, 248),
(13, 249),
(6, 250),
(24, 250),
(18, 251),
(24, 251),
(27, 251),
(9, 252),
(25, 252),
(27, 252),
(28, 252),
(1, 253),
(16, 253),
(23, 253),
(24, 253),
(13, 254),
(19, 254),
(15, 255),
(16, 255),
(19, 255),
(27, 255),
(30, 255),
(12, 256),
(13, 256),
(14, 256),
(26, 256),
(1, 257),
(23, 257),
(1, 258),
(14, 259),
(25, 260),
(7, 261),
(14, 261),
(18, 261),
(19, 261),
(29, 261),
(5, 262),
(11, 262),
(15, 262),
(16, 262),
(12, 263),
(15, 263),
(20, 263),
(27, 263),
(22, 264),
(12, 265),
(13, 265),
(27, 265),
(28, 265),
(12, 266),
(19, 266),
(4, 267),
(3, 268),
(18, 268),
(24, 268),
(26, 268),
(29, 268),
(4, 269),
(5, 269),
(24, 269),
(28, 269),
(6, 270),
(12, 270),
(24, 270),
(21, 271),
(10, 272),
(19, 272),
(20, 272),
(22, 272),
(29, 272),
(4, 273),
(5, 273),
(8, 273),
(11, 273),
(24, 273),
(9, 274),
(18, 274),
(2, 275),
(8, 275),
(24, 275),
(25, 275),
(2, 276),
(8, 276),
(13, 276),
(24, 276),
(28, 276),
(13, 277),
(15, 277),
(24, 277),
(30, 277),
(1, 278),
(13, 278),
(28, 278),
(3, 279),
(6, 279),
(24, 279),
(28, 279),
(14, 280),
(26, 280),
(2, 281),
(3, 281),
(9, 281),
(10, 281),
(28, 281),
(7, 282),
(10, 282),
(22, 282),
(24, 282),
(11, 283),
(17, 283),
(21, 283),
(27, 283),
(1, 284),
(15, 284),
(26, 284),
(11, 285),
(12, 285),
(15, 285),
(19, 285),
(26, 285),
(14, 286),
(4, 287),
(23, 287),
(29, 287),
(5, 288),
(11, 288),
(13, 288),
(27, 288),
(2, 289),
(6, 289),
(9, 289),
(25, 289),
(21, 290),
(28, 290),
(10, 291),
(10, 292),
(10, 293),
(24, 293),
(27, 293),
(3, 294),
(5, 294),
(13, 294),
(16, 294),
(29, 294),
(3, 295),
(20, 295),
(21, 295),
(25, 295),
(27, 295),
(5, 296),
(17, 296),
(22, 296),
(10, 297),
(26, 297),
(27, 297),
(4, 298),
(6, 298),
(12, 298),
(15, 298),
(20, 298),
(19, 299),
(29, 299),
(3, 300),
(11, 300),
(17, 300),
(25, 300),
(14, 301),
(23, 301),
(4, 302),
(12, 302),
(27, 302),
(7, 303),
(1, 304),
(2, 305),
(3, 305),
(18, 305),
(8, 306),
(14, 306),
(13, 307),
(18, 307),
(27, 307),
(19, 308),
(21, 308),
(27, 308),
(29, 308),
(25, 309),
(11, 310),
(28, 310),
(9, 311),
(15, 311),
(20, 311),
(21, 311),
(7, 312),
(8, 312),
(18, 312),
(29, 312),
(1, 313),
(9, 314),
(19, 314),
(28, 314),
(4, 315),
(5, 315),
(22, 316),
(1, 317),
(9, 317),
(10, 317),
(29, 317),
(17, 318),
(1, 319),
(27, 319),
(4, 320),
(5, 320),
(8, 320),
(15, 320),
(23, 320),
(14, 321),
(16, 321),
(24, 321),
(1, 322),
(5, 322),
(6, 322),
(16, 322),
(1, 323),
(10, 323),
(11, 323),
(18, 323),
(19, 323),
(24, 324),
(2, 325),
(5, 325),
(30, 325),
(3, 326),
(9, 326),
(16, 326),
(4, 327),
(8, 328),
(17, 328),
(24, 328),
(26, 328),
(30, 328),
(13, 329),
(2, 330),
(3, 330),
(7, 330),
(13, 330),
(19, 330),
(5, 331),
(8, 331),
(20, 331),
(1, 332),
(11, 332),
(25, 332),
(26, 332),
(28, 332),
(10, 333),
(13, 333),
(22, 333),
(3, 334),
(9, 334),
(11, 334),
(26, 334),
(28, 334),
(8, 335),
(25, 335),
(29, 335),
(5, 336),
(11, 336),
(17, 336),
(11, 337),
(16, 337),
(21, 337),
(24, 337),
(1, 338),
(3, 338),
(12, 338),
(22, 338),
(11, 339),
(20, 339),
(29, 339),
(23, 340),
(24, 340),
(26, 340),
(27, 340),
(29, 340),
(21, 341),
(23, 341),
(25, 341),
(27, 341),
(15, 342),
(21, 342),
(22, 342),
(6, 343),
(7, 343),
(11, 343),
(21, 344),
(23, 344),
(25, 344),
(30, 344),
(21, 345),
(22, 345),
(7, 346),
(20, 346),
(26, 346),
(4, 347),
(7, 347),
(12, 347),
(16, 347),
(17, 347),
(2, 348),
(5, 349),
(8, 349),
(9, 349),
(28, 349),
(4, 350),
(6, 350),
(26, 350),
(8, 351),
(1, 352),
(10, 352),
(13, 352),
(19, 352),
(20, 352),
(17, 353),
(5, 354),
(3, 355),
(13, 355),
(22, 355),
(23, 355),
(2, 356),
(18, 356),
(29, 356),
(2, 357),
(14, 357),
(22, 357),
(24, 357),
(4, 358),
(6, 358),
(12, 358),
(13, 358),
(26, 358),
(4, 359),
(11, 359),
(30, 359),
(6, 360),
(21, 360),
(3, 361),
(7, 361),
(29, 361),
(3, 362),
(11, 362),
(17, 363),
(9, 364),
(20, 364),
(30, 364),
(7, 365),
(15, 365),
(16, 365),
(18, 365),
(28, 365),
(17, 366),
(18, 366),
(24, 366),
(4, 367),
(21, 367),
(23, 367),
(27, 367),
(6, 368),
(13, 368),
(14, 368),
(23, 368),
(20, 369),
(27, 369),
(21, 370),
(29, 370),
(10, 371),
(14, 371),
(17, 371),
(18, 371),
(27, 371),
(8, 372),
(21, 372),
(24, 372),
(28, 372),
(22, 373),
(23, 373),
(27, 373),
(30, 373),
(17, 374),
(19, 374),
(15, 375),
(10, 376),
(15, 376),
(17, 376),
(18, 376),
(21, 376),
(1, 377),
(6, 377),
(7, 377),
(16, 377),
(30, 377),
(13, 378),
(14, 378),
(19, 378),
(1, 379),
(6, 379),
(10, 379),
(24, 379),
(30, 379),
(10, 380),
(21, 381),
(30, 381),
(2, 382),
(6, 382),
(7, 382),
(22, 382),
(24, 382),
(20, 383),
(21, 383),
(5, 384),
(14, 385),
(16, 385),
(20, 385),
(23, 385),
(26, 385),
(11, 386),
(15, 386),
(22, 386),
(27, 386),
(16, 387),
(1, 388),
(8, 388),
(17, 388),
(18, 388),
(11, 389),
(20, 390),
(21, 390),
(3, 391),
(5, 391),
(6, 391),
(7, 391),
(15, 391),
(7, 392),
(12, 392),
(27, 392),
(28, 392),
(11, 393),
(15, 393),
(18, 393),
(26, 393),
(30, 393),
(16, 394),
(26, 395),
(29, 395),
(15, 396),
(29, 396),
(10, 397),
(12, 398),
(15, 398),
(20, 398),
(12, 399),
(2, 400),
(13, 400),
(21, 400),
(27, 400),
(2, 401),
(1, 402),
(27, 402),
(30, 402),
(2, 403),
(4, 403),
(6, 403),
(11, 403),
(14, 403),
(8, 404),
(11, 404),
(20, 404),
(2, 405),
(9, 405),
(17, 405),
(20, 405),
(28, 405),
(9, 406),
(25, 406),
(29, 406),
(30, 406),
(12, 407),
(17, 407),
(25, 407),
(27, 407),
(28, 408),
(2, 409),
(3, 409),
(11, 409),
(16, 409),
(30, 409),
(5, 410),
(25, 410),
(1, 411),
(3, 411),
(24, 411),
(26, 411),
(29, 411),
(1, 412),
(28, 412),
(1, 413),
(9, 413),
(11, 413),
(16, 413),
(21, 414),
(22, 414),
(28, 414),
(14, 415),
(15, 415),
(21, 415),
(30, 415),
(3, 416),
(16, 416),
(18, 416),
(23, 416),
(27, 416),
(13, 417),
(6, 418),
(11, 418),
(5, 419),
(6, 419),
(25, 419),
(30, 419),
(7, 420),
(23, 420),
(25, 420),
(15, 421),
(11, 422),
(22, 422),
(24, 422),
(3, 423),
(12, 423),
(15, 423),
(17, 423),
(19, 424),
(23, 424),
(25, 424),
(23, 425),
(4, 426),
(6, 426),
(27, 426),
(9, 427),
(19, 427),
(29, 427),
(30, 427),
(12, 428),
(29, 428),
(5, 429),
(13, 429),
(19, 429),
(29, 429),
(2, 430),
(21, 430),
(23, 430),
(29, 430),
(24, 431),
(1, 432),
(1, 433),
(12, 433),
(17, 433),
(26, 433),
(3, 434),
(18, 434),
(24, 434),
(25, 434),
(1, 435),
(13, 435),
(15, 435),
(23, 435),
(29, 435),
(7, 436),
(8, 436),
(17, 436),
(25, 436),
(8, 437),
(22, 437),
(25, 437),
(9, 438),
(16, 438),
(17, 438),
(21, 438),
(24, 438),
(10, 439),
(28, 439),
(3, 440),
(18, 440),
(24, 440),
(25, 440),
(26, 440),
(1, 441),
(4, 442),
(14, 442),
(26, 442),
(30, 442),
(1, 443),
(8, 443),
(9, 443),
(13, 443),
(14, 443),
(28, 444),
(2, 445),
(5, 445),
(30, 445),
(6, 446),
(11, 446),
(25, 446),
(13, 447),
(15, 447),
(20, 447),
(26, 447),
(4, 448),
(18, 448),
(23, 448),
(4, 449),
(11, 449),
(13, 449),
(29, 449),
(30, 449),
(2, 450),
(3, 450),
(15, 450),
(8, 451),
(16, 451),
(26, 451),
(8, 452),
(10, 452),
(12, 452),
(18, 452),
(28, 452),
(7, 453),
(20, 453),
(28, 453),
(14, 454),
(29, 454),
(6, 455),
(22, 455),
(1, 456),
(3, 456),
(16, 456),
(17, 456),
(19, 456),
(13, 457),
(15, 457),
(15, 458),
(16, 458),
(18, 458),
(1, 459),
(17, 459),
(22, 459),
(23, 459),
(26, 459),
(6, 460),
(7, 460),
(20, 460),
(25, 460),
(29, 460),
(5, 461),
(12, 461),
(27, 461),
(10, 462),
(30, 462),
(4, 463),
(9, 463),
(15, 463),
(17, 463),
(2, 464),
(12, 464),
(16, 464),
(13, 465),
(30, 466),
(3, 467),
(28, 467),
(15, 468),
(16, 468),
(17, 468),
(22, 468),
(6, 469),
(8, 469),
(16, 469),
(30, 469),
(1, 470),
(5, 470),
(24, 470),
(25, 470),
(27, 470),
(1, 471),
(5, 471),
(6, 471),
(19, 471),
(30, 471),
(20, 472),
(28, 472),
(1, 473),
(5, 473),
(6, 473),
(2, 474),
(10, 474),
(14, 475),
(15, 475),
(19, 475),
(20, 475),
(4, 476),
(9, 476),
(20, 476),
(29, 476),
(5, 477),
(10, 477),
(12, 477),
(21, 477),
(17, 478),
(20, 478),
(21, 478),
(24, 478),
(25, 478),
(12, 479),
(18, 479),
(10, 480),
(11, 480),
(12, 480),
(14, 480),
(17, 480),
(2, 481),
(8, 481),
(21, 481),
(25, 481),
(28, 481),
(9, 482),
(24, 482),
(4, 483),
(18, 483),
(23, 483),
(1, 484),
(21, 484),
(22, 484),
(9, 485),
(10, 486),
(12, 486),
(19, 486),
(20, 486),
(29, 486),
(2, 487),
(11, 487),
(19, 487),
(21, 487),
(27, 488),
(30, 488),
(12, 489),
(19, 489),
(27, 489),
(16, 490),
(4, 491),
(8, 491),
(20, 491),
(23, 491),
(4, 492),
(7, 492),
(26, 493),
(5, 494),
(10, 494),
(27, 494),
(21, 495),
(27, 495),
(12, 496),
(18, 496),
(19, 496),
(28, 496),
(16, 497),
(5, 498),
(18, 498),
(19, 498),
(24, 498),
(8, 499),
(2, 500),
(6, 500),
(23, 500),
(8, 501),
(19, 501),
(26, 501),
(27, 501),
(30, 501),
(10, 502),
(26, 503),
(4, 504),
(10, 504),
(18, 504),
(3, 505),
(5, 505),
(11, 505),
(12, 505),
(8, 506),
(12, 506),
(23, 506),
(24, 506),
(28, 506),
(1, 507),
(23, 507),
(29, 507),
(1, 508),
(11, 508),
(14, 508),
(15, 508),
(1, 509),
(5, 509),
(24, 509),
(8, 510),
(11, 510),
(21, 510),
(27, 510),
(12, 511),
(16, 511),
(20, 511),
(25, 511),
(1, 512),
(5, 512),
(6, 512),
(7, 512),
(2, 513),
(12, 513),
(22, 514),
(13, 515),
(16, 515),
(20, 515),
(24, 515),
(27, 515),
(16, 516),
(19, 516),
(24, 516),
(30, 516),
(10, 517),
(8, 518),
(9, 518),
(23, 518),
(8, 519),
(10, 519),
(16, 520),
(29, 520),
(13, 521),
(27, 522),
(1, 523),
(3, 523),
(6, 523),
(8, 523),
(13, 523),
(14, 524),
(16, 524),
(22, 524),
(12, 525),
(15, 525),
(18, 525),
(21, 525),
(30, 525),
(15, 526),
(14, 527),
(26, 527),
(27, 527),
(28, 527),
(29, 527),
(1, 528),
(3, 528),
(5, 528),
(29, 528),
(5, 529),
(10, 529),
(15, 529),
(17, 529),
(24, 529),
(1, 530),
(9, 530),
(1, 531),
(3, 531),
(6, 531),
(19, 531),
(24, 531),
(2, 532),
(15, 532),
(18, 532),
(19, 532),
(29, 532),
(8, 533),
(21, 533),
(29, 533),
(8, 534),
(23, 534),
(3, 535),
(8, 535),
(19, 535),
(27, 535),
(28, 535),
(8, 536),
(10, 537),
(25, 537),
(30, 537),
(4, 538),
(8, 538),
(27, 538),
(28, 538),
(29, 538),
(4, 539),
(11, 539),
(29, 539),
(14, 540),
(23, 541),
(3, 542),
(4, 542),
(5, 542),
(10, 542),
(30, 542),
(7, 543),
(8, 543),
(4, 544),
(9, 544),
(27, 544),
(19, 545),
(24, 545),
(28, 545),
(29, 545),
(10, 546),
(12, 546),
(25, 546),
(29, 546),
(13, 547),
(14, 547),
(18, 547),
(22, 547),
(29, 547),
(11, 548),
(19, 548),
(4, 549),
(18, 549),
(26, 549),
(28, 549),
(30, 549),
(5, 550),
(6, 550),
(20, 550),
(22, 550),
(26, 550),
(8, 551),
(18, 551),
(22, 551),
(26, 551),
(27, 551),
(8, 552),
(8, 553),
(9, 553),
(21, 553),
(22, 553),
(5, 554),
(8, 554),
(19, 554),
(24, 554),
(30, 554),
(13, 555),
(23, 555),
(9, 556),
(1, 557),
(2, 557),
(3, 557),
(14, 557),
(19, 557),
(5, 558),
(10, 558),
(11, 558),
(22, 558),
(20, 559),
(4, 560),
(15, 560),
(24, 560),
(4, 561),
(19, 561),
(28, 561),
(11, 562),
(21, 562),
(4, 563),
(18, 563),
(22, 563),
(29, 563),
(5, 564),
(7, 564),
(22, 564),
(28, 564),
(3, 565),
(7, 565),
(8, 565),
(11, 565),
(2, 566),
(18, 566),
(15, 567),
(22, 568),
(10, 569),
(6, 570),
(10, 570),
(16, 570),
(18, 570),
(19, 570),
(8, 571),
(10, 572),
(14, 572),
(15, 572),
(25, 572),
(10, 573),
(13, 573),
(16, 573),
(22, 573),
(28, 573),
(20, 574),
(21, 574),
(26, 574),
(27, 574),
(5, 575),
(11, 575),
(12, 575),
(28, 575),
(30, 575),
(5, 576),
(5, 577),
(10, 577),
(17, 577),
(27, 577),
(29, 577),
(20, 578),
(30, 578),
(7, 579),
(18, 579),
(25, 579),
(15, 580),
(16, 580),
(17, 580),
(4, 581),
(8, 581),
(18, 581),
(21, 581),
(24, 581),
(11, 582),
(4, 583),
(16, 583),
(7, 584),
(15, 584),
(4, 585),
(10, 585),
(14, 585),
(27, 585),
(7, 586),
(8, 586),
(13, 586),
(18, 586),
(30, 586),
(4, 587),
(6, 587),
(11, 587),
(18, 587),
(1, 588),
(19, 588),
(8, 589),
(14, 589),
(7, 590),
(10, 590),
(18, 590),
(27, 590),
(13, 591),
(18, 591),
(19, 591),
(28, 591),
(1, 592),
(5, 592),
(13, 592),
(14, 592),
(28, 592),
(6, 593),
(13, 593),
(15, 593),
(19, 593),
(23, 593),
(13, 594),
(18, 594),
(19, 594),
(2, 595),
(16, 595),
(21, 595),
(26, 595),
(27, 595),
(9, 596),
(7, 597),
(12, 597),
(10, 598),
(8, 599),
(23, 599),
(24, 599),
(29, 599),
(13, 600),
(17, 600),
(20, 600),
(30, 600),
(5, 601),
(22, 601),
(10, 602),
(20, 602),
(22, 602),
(10, 603),
(11, 603),
(19, 603),
(21, 603),
(2, 604),
(6, 604),
(22, 604),
(1, 605),
(5, 605),
(2, 606),
(11, 606),
(12, 606),
(16, 606),
(23, 606),
(2, 607),
(6, 607),
(18, 607),
(20, 607),
(21, 607),
(28, 608),
(1, 609),
(3, 609),
(5, 609),
(20, 609),
(30, 610),
(7, 611),
(9, 611),
(26, 611),
(27, 611),
(7, 612),
(26, 612),
(8, 613),
(11, 614),
(21, 614),
(25, 614),
(29, 614),
(10, 615),
(19, 615),
(26, 615),
(5, 616),
(20, 616),
(23, 616),
(1, 617),
(6, 617),
(23, 617),
(3, 618),
(8, 618),
(10, 618),
(16, 618),
(24, 618),
(7, 619),
(10, 619),
(17, 619),
(22, 619),
(2, 620),
(29, 620),
(30, 620),
(6, 621),
(12, 621),
(30, 621),
(2, 622),
(3, 622),
(16, 622),
(20, 622),
(2, 623),
(4, 623),
(10, 623),
(23, 624),
(25, 624),
(4, 625),
(25, 625),
(27, 625),
(14, 626),
(30, 626),
(24, 627),
(26, 627),
(2, 628),
(8, 628),
(14, 628),
(15, 628),
(29, 628),
(8, 629),
(9, 629),
(14, 629),
(17, 629),
(28, 629),
(4, 630),
(3, 631),
(6, 631),
(7, 631),
(10, 631),
(22, 631),
(2, 632),
(7, 632),
(17, 632),
(29, 632),
(5, 633),
(15, 634),
(23, 634),
(26, 634),
(9, 635),
(5, 636),
(11, 636),
(17, 636),
(29, 636),
(5, 637),
(18, 637),
(22, 637),
(24, 637),
(28, 637),
(8, 638),
(10, 638),
(14, 638),
(19, 638),
(25, 638),
(12, 639),
(17, 639),
(24, 639),
(25, 639),
(1, 640),
(7, 640),
(8, 640),
(28, 640),
(29, 640),
(20, 641),
(27, 641),
(6, 642),
(10, 642),
(16, 642),
(17, 642),
(20, 642),
(4, 643),
(6, 643),
(17, 643),
(2, 644),
(11, 644),
(15, 644),
(18, 644),
(30, 644),
(8, 645),
(12, 645),
(20, 645),
(22, 646),
(1, 647),
(3, 647),
(30, 647),
(3, 648),
(9, 648),
(11, 648),
(29, 648),
(30, 648),
(3, 649),
(10, 649),
(23, 649),
(7, 650),
(9, 650),
(11, 650),
(12, 650),
(27, 651),
(3, 652),
(14, 652),
(26, 652),
(30, 652),
(4, 653),
(15, 653),
(6, 654),
(9, 654),
(30, 654),
(4, 655),
(6, 655),
(7, 655),
(9, 655),
(24, 655),
(8, 656),
(12, 656),
(27, 656),
(5, 657),
(13, 657),
(17, 657),
(18, 657),
(11, 658),
(23, 658),
(26, 658),
(29, 658),
(21, 659),
(6, 660),
(8, 660),
(11, 660),
(24, 660),
(25, 660),
(8, 661),
(13, 661),
(26, 661),
(28, 661),
(10, 662),
(13, 662),
(25, 662),
(30, 662),
(8, 663),
(19, 663),
(20, 663),
(8, 664),
(10, 664),
(12, 664),
(18, 664),
(27, 665),
(14, 666),
(2, 667),
(8, 667),
(11, 668),
(20, 668),
(22, 668),
(9, 669),
(15, 669),
(23, 669),
(26, 669),
(28, 669),
(2, 670),
(17, 670),
(6, 671),
(12, 671),
(30, 671),
(9, 672),
(19, 673),
(11, 674),
(12, 674),
(19, 674),
(30, 674),
(15, 675),
(26, 675),
(28, 675),
(23, 676),
(2, 677),
(10, 677),
(13, 677),
(17, 677),
(24, 677),
(7, 678),
(8, 678),
(11, 678),
(13, 678),
(16, 678),
(14, 679),
(1, 680),
(27, 680),
(3, 681),
(9, 681),
(17, 681),
(18, 681),
(28, 681),
(2, 682),
(4, 682),
(8, 682),
(28, 682),
(18, 683),
(27, 684),
(4, 685),
(9, 685),
(29, 685),
(30, 686),
(2, 687),
(8, 687),
(16, 687),
(20, 687),
(1, 688),
(14, 688),
(19, 688),
(20, 688),
(21, 688),
(2, 689),
(7, 689),
(13, 689),
(16, 689),
(22, 689),
(1, 690),
(12, 690),
(9, 691),
(15, 691),
(25, 691),
(1, 692),
(10, 692),
(27, 692),
(30, 692),
(1, 693),
(16, 693),
(22, 693),
(26, 693),
(12, 694),
(13, 694),
(15, 694),
(18, 694),
(23, 694),
(19, 695),
(25, 695),
(10, 696),
(20, 696),
(2, 697),
(3, 697),
(9, 697),
(10, 697),
(17, 697),
(5, 698),
(8, 698),
(15, 698),
(12, 699),
(13, 699),
(14, 699),
(27, 699),
(1, 700),
(21, 700),
(28, 701),
(6, 702),
(20, 702),
(30, 702),
(5, 703),
(6, 703),
(19, 703),
(2, 704),
(4, 704),
(7, 704),
(12, 704),
(21, 704),
(17, 705),
(13, 706),
(17, 706),
(24, 706),
(3, 707),
(21, 707),
(25, 707),
(11, 708),
(14, 709),
(28, 709),
(3, 710),
(9, 710),
(11, 710),
(12, 710),
(29, 710),
(4, 711),
(20, 711),
(23, 711),
(24, 711),
(17, 712),
(9, 713),
(13, 713),
(24, 713),
(30, 713),
(14, 714),
(23, 714),
(15, 715),
(18, 715),
(26, 715),
(7, 716),
(27, 716),
(10, 717),
(18, 717),
(19, 717),
(22, 717),
(26, 717),
(3, 718),
(9, 718),
(23, 718),
(27, 718),
(6, 719),
(22, 719),
(7, 720),
(24, 720),
(25, 720),
(26, 720),
(28, 720),
(6, 721),
(7, 721),
(11, 721),
(12, 721),
(17, 721),
(1, 722),
(13, 722),
(24, 722),
(29, 723),
(5, 724),
(20, 724),
(27, 724),
(29, 724),
(1, 725),
(8, 725),
(17, 725),
(19, 725),
(5, 726),
(7, 727),
(2, 728),
(3, 728),
(19, 728),
(26, 728),
(8, 729),
(9, 729),
(28, 729),
(16, 730),
(23, 730),
(29, 730),
(24, 731),
(3, 732),
(13, 732),
(14, 732),
(11, 733),
(21, 733),
(17, 734),
(26, 735),
(27, 735),
(28, 735),
(29, 735),
(1, 736),
(24, 737),
(30, 737),
(10, 738),
(13, 738),
(21, 738),
(4, 739),
(12, 739),
(13, 739),
(29, 740),
(30, 740),
(20, 741),
(23, 741),
(29, 741),
(13, 742),
(14, 742),
(12, 743),
(10, 744),
(13, 744),
(30, 744),
(14, 745),
(22, 746),
(4, 747),
(10, 747),
(3, 748),
(15, 748),
(18, 748),
(26, 748),
(27, 748),
(3, 749),
(14, 749),
(16, 749),
(3, 750),
(8, 751),
(13, 751),
(28, 751),
(8, 752),
(16, 752),
(25, 752),
(28, 752),
(30, 752),
(8, 753),
(19, 753),
(24, 753),
(26, 753),
(29, 753),
(3, 754),
(6, 754),
(8, 754),
(17, 754),
(28, 754),
(3, 755),
(6, 755),
(7, 755),
(11, 755),
(16, 755),
(5, 756),
(7, 756),
(17, 756),
(20, 756),
(26, 756),
(9, 757),
(3, 758),
(12, 758),
(14, 758),
(24, 758),
(13, 759),
(17, 759),
(18, 759),
(22, 759),
(30, 759),
(3, 760),
(4, 760),
(8, 760),
(14, 760),
(25, 760),
(3, 761),
(14, 761),
(21, 761),
(29, 761),
(11, 762),
(15, 762),
(19, 762),
(23, 762),
(14, 763),
(19, 763),
(28, 763),
(7, 764),
(12, 764),
(15, 764),
(18, 764),
(25, 764),
(5, 765),
(7, 765),
(9, 765),
(19, 765),
(24, 765),
(6, 766),
(10, 766),
(14, 766),
(22, 767),
(13, 768),
(25, 768),
(12, 769),
(18, 769),
(29, 769),
(7, 770),
(16, 771),
(20, 771),
(5, 772),
(8, 772),
(10, 772),
(15, 772),
(18, 772),
(7, 773),
(30, 773),
(9, 774),
(17, 774),
(22, 774),
(19, 775),
(23, 775),
(24, 775),
(30, 775),
(4, 776),
(7, 776),
(19, 776),
(7, 777),
(12, 777),
(1, 778),
(11, 778),
(13, 779),
(21, 779),
(24, 779),
(29, 779),
(1, 780),
(5, 781),
(9, 781),
(26, 781),
(4, 782),
(30, 782),
(3, 783),
(16, 783),
(18, 783),
(26, 783),
(8, 784),
(16, 784),
(7, 785),
(24, 785),
(25, 785),
(29, 785),
(8, 786),
(2, 787),
(14, 787),
(18, 787),
(20, 787),
(24, 787),
(5, 788),
(6, 788),
(13, 788),
(16, 788),
(24, 788),
(12, 789),
(21, 789),
(2, 790),
(7, 790),
(14, 790),
(26, 790),
(5, 791),
(10, 791),
(18, 791),
(28, 791),
(4, 792),
(12, 792),
(20, 792),
(24, 792),
(26, 792),
(10, 793),
(16, 793),
(10, 794),
(21, 794),
(27, 794),
(13, 795),
(21, 795),
(23, 795),
(29, 795),
(27, 796),
(30, 796),
(4, 797),
(7, 797),
(20, 797),
(22, 797),
(27, 797),
(5, 798),
(8, 798),
(19, 798),
(21, 798),
(27, 798),
(25, 799),
(6, 800),
(15, 800),
(8, 801),
(15, 801),
(21, 801),
(22, 801),
(26, 801),
(3, 802),
(10, 802),
(14, 802),
(20, 802),
(29, 802),
(3, 803),
(7, 803),
(11, 803),
(27, 803),
(1, 804),
(30, 804),
(5, 805),
(23, 805),
(28, 805),
(12, 806),
(13, 806),
(26, 806),
(2, 807),
(3, 807),
(8, 807),
(24, 807),
(27, 807),
(27, 808),
(1, 809),
(3, 809),
(23, 809),
(24, 809),
(29, 809),
(1, 810),
(10, 810),
(11, 810),
(25, 810),
(2, 811),
(4, 811),
(9, 812),
(10, 812),
(26, 812),
(6, 813),
(7, 813),
(9, 813),
(10, 813),
(28, 813),
(14, 814),
(17, 814),
(28, 814),
(29, 814),
(5, 815),
(8, 815),
(11, 815),
(16, 815),
(1, 816),
(22, 816),
(30, 816),
(12, 817),
(20, 817),
(23, 817),
(5, 818),
(3, 819),
(10, 819),
(16, 819),
(19, 819),
(24, 819),
(16, 820),
(6, 821),
(8, 821),
(16, 821),
(19, 821),
(26, 821),
(8, 822),
(26, 822),
(27, 822),
(4, 823),
(12, 823),
(27, 823),
(11, 824),
(14, 824),
(16, 824),
(29, 824),
(30, 824),
(6, 825),
(21, 825),
(14, 826),
(19, 826),
(30, 826),
(1, 827),
(15, 827),
(27, 827),
(9, 828),
(28, 828),
(17, 829),
(7, 830),
(16, 830),
(9, 831),
(19, 831),
(24, 831),
(30, 831),
(5, 832),
(9, 832),
(13, 832),
(23, 832),
(20, 833),
(4, 834),
(9, 835),
(10, 835),
(19, 835),
(3, 836),
(6, 836),
(24, 836),
(15, 837),
(25, 837),
(5, 838),
(6, 838),
(10, 838),
(19, 838),
(14, 839),
(16, 839),
(27, 839),
(29, 839),
(1, 840),
(15, 840),
(22, 840),
(4, 841),
(7, 841),
(16, 841),
(29, 841),
(30, 841),
(12, 842),
(2, 843),
(5, 843),
(6, 843),
(8, 843),
(19, 843),
(1, 844),
(6, 844),
(19, 845),
(30, 845),
(16, 846),
(17, 846),
(29, 846),
(30, 846),
(18, 847),
(5, 848),
(24, 848),
(27, 848),
(3, 849),
(7, 849),
(23, 849),
(29, 849),
(16, 850),
(22, 850),
(22, 851),
(5, 852),
(26, 852),
(23, 853),
(3, 854),
(7, 854),
(9, 854),
(18, 854),
(23, 854),
(2, 855),
(4, 855),
(5, 855),
(15, 855),
(21, 855),
(1, 856),
(3, 856),
(20, 856),
(1, 857),
(4, 857),
(10, 857),
(15, 857),
(10, 858),
(25, 858),
(1, 859),
(6, 859),
(20, 860),
(18, 861),
(19, 861),
(28, 861),
(6, 862),
(19, 862),
(10, 863),
(25, 863),
(2, 864),
(1, 865),
(4, 865),
(13, 865),
(6, 866),
(20, 866),
(28, 866),
(30, 866),
(5, 867),
(13, 867),
(26, 867),
(30, 867),
(12, 868),
(18, 868),
(23, 868),
(3, 869),
(21, 869),
(20, 870),
(6, 871),
(19, 871),
(25, 871),
(28, 872),
(6, 873),
(9, 873),
(15, 873),
(28, 873),
(8, 874),
(23, 874),
(24, 874),
(25, 874),
(26, 874),
(10, 875),
(11, 875),
(14, 875),
(3, 876),
(5, 876),
(16, 876),
(12, 877),
(24, 877),
(25, 877),
(29, 877),
(18, 878),
(19, 879),
(23, 880),
(30, 880),
(3, 881),
(19, 881),
(22, 881),
(23, 881),
(30, 881),
(1, 882),
(7, 882),
(17, 882),
(23, 882),
(30, 882),
(22, 883),
(11, 884),
(12, 884),
(10, 885),
(18, 885),
(22, 885),
(27, 885),
(7, 886),
(28, 886),
(1, 887),
(2, 887),
(10, 887),
(14, 887),
(29, 887),
(4, 888),
(12, 889),
(1, 890),
(2, 890),
(6, 890),
(23, 890),
(7, 891),
(27, 891),
(14, 892),
(15, 892),
(22, 892),
(10, 893),
(11, 893),
(12, 893),
(29, 893),
(1, 894),
(19, 894),
(24, 894),
(26, 894),
(17, 895),
(1, 896),
(13, 896),
(15, 896),
(16, 896),
(18, 896),
(15, 897),
(22, 897),
(24, 897),
(6, 898),
(16, 898),
(17, 898),
(4, 899),
(17, 899),
(24, 899),
(26, 900),
(7, 901),
(14, 901),
(1, 902),
(4, 902),
(9, 902),
(11, 902),
(22, 902),
(27, 903),
(13, 904),
(16, 904),
(21, 904),
(26, 904),
(30, 904),
(16, 905),
(25, 906),
(3, 907),
(5, 907),
(14, 907),
(25, 907),
(13, 908),
(3, 909),
(6, 909),
(7, 909),
(16, 909),
(6, 910),
(13, 910),
(25, 910),
(1, 911),
(12, 911),
(22, 911),
(3, 912),
(15, 913),
(2, 914),
(3, 914),
(5, 914),
(23, 914),
(28, 914),
(21, 915),
(8, 916),
(19, 916),
(22, 916),
(15, 917),
(16, 918),
(17, 918),
(24, 918),
(28, 918),
(13, 919),
(11, 920),
(15, 920),
(12, 921),
(25, 921),
(19, 922),
(24, 922),
(1, 923),
(15, 923),
(23, 923),
(3, 924),
(6, 924),
(15, 924),
(27, 924),
(10, 925),
(18, 925),
(19, 925),
(21, 925),
(27, 925),
(2, 926),
(5, 926),
(26, 926),
(3, 927),
(4, 927),
(20, 927),
(11, 928),
(12, 928),
(13, 928),
(18, 928),
(22, 928),
(15, 929),
(28, 929),
(4, 930),
(17, 930),
(18, 930),
(22, 930),
(4, 931),
(2, 932),
(3, 932),
(4, 932),
(10, 932),
(2, 933),
(11, 934),
(16, 934),
(25, 934),
(2, 935),
(3, 935),
(10, 935),
(20, 935),
(1, 936),
(7, 936),
(25, 936),
(29, 936),
(9, 937),
(11, 937),
(17, 937),
(6, 938),
(19, 938),
(22, 938),
(5, 939),
(7, 939),
(12, 939),
(13, 939),
(1, 940),
(9, 940),
(11, 940),
(26, 940),
(3, 941),
(15, 941),
(27, 941),
(4, 942),
(5, 942),
(6, 942),
(1, 943),
(5, 943),
(22, 943),
(28, 943),
(3, 944),
(4, 944),
(7, 944),
(15, 944),
(23, 944),
(17, 945),
(29, 945),
(21, 946),
(27, 946),
(7, 947),
(3, 948),
(18, 949),
(26, 949),
(2, 950),
(5, 950),
(7, 950),
(26, 950),
(2, 951),
(10, 951),
(12, 951),
(21, 951),
(29, 951),
(6, 952),
(10, 952),
(22, 953),
(2, 954),
(30, 954),
(2, 955),
(6, 955),
(17, 955),
(18, 955),
(6, 956),
(11, 956),
(14, 956),
(15, 957),
(20, 958),
(24, 958),
(13, 959),
(16, 959),
(24, 959),
(28, 959),
(6, 960),
(12, 960),
(15, 960),
(15, 961),
(10, 962),
(23, 962),
(28, 962),
(4, 963),
(7, 963),
(3, 964),
(4, 964),
(13, 964),
(2, 965),
(19, 965),
(22, 965),
(28, 965),
(18, 966),
(23, 966),
(28, 966),
(6, 967),
(14, 967),
(15, 967),
(16, 967),
(24, 967),
(9, 968),
(21, 968),
(23, 968),
(30, 968),
(2, 969),
(4, 969),
(13, 969),
(30, 969),
(25, 970),
(27, 970),
(13, 971),
(23, 971),
(25, 971),
(7, 972),
(15, 972),
(22, 972),
(15, 973),
(19, 973),
(6, 974),
(30, 974),
(9, 975),
(12, 975),
(2, 976),
(6, 976),
(21, 976),
(26, 976),
(22, 977),
(25, 977),
(9, 978),
(18, 978),
(29, 978),
(13, 979),
(19, 979),
(23, 979),
(26, 979),
(29, 979),
(1, 980),
(7, 980),
(13, 980),
(20, 980),
(25, 980),
(22, 981),
(24, 981),
(30, 981),
(6, 982),
(17, 982),
(10, 983),
(13, 983),
(19, 983),
(22, 983),
(30, 983),
(30, 984),
(6, 985),
(8, 985),
(13, 985),
(16, 985),
(7, 986),
(8, 986),
(11, 986),
(27, 986),
(17, 987),
(4, 988),
(5, 988),
(17, 988),
(26, 988),
(2, 989),
(16, 989),
(23, 989),
(25, 989),
(28, 989),
(4, 990),
(7, 990),
(13, 990),
(21, 990),
(27, 990),
(7, 991),
(9, 991),
(10, 991),
(24, 991),
(27, 991),
(15, 992),
(2, 993),
(17, 993),
(18, 993),
(23, 993),
(2, 994),
(9, 994),
(14, 994),
(30, 994),
(15, 995),
(16, 995),
(20, 995),
(1, 996),
(11, 996),
(18, 996),
(2, 997),
(6, 997),
(10, 997),
(29, 997),
(16, 998),
(24, 998),
(9, 999),
(19, 999),
(25, 1000);

-- --------------------------------------------------------

--
-- Estructura de tabla para la tabla `migrations`
--

CREATE TABLE `migrations` (
  `id` int(10) UNSIGNED NOT NULL,
  `migration` varchar(191) COLLATE utf8mb4_unicode_ci NOT NULL,
  `batch` int(11) NOT NULL
) ENGINE=InnoDB DEFAULT CHARSET=utf8mb4 COLLATE=utf8mb4_unicode_ci;

--
-- Volcado de datos para la tabla `migrations`
--

INSERT INTO `migrations` (`id`, `migration`, `batch`) VALUES
(13, '2014_10_12_000000_create_users_table', 1),
(14, '2014_10_12_100000_create_password_resets_table', 1),
(15, '2018_07_25_183200_create_products_table', 1),
(16, '2018_07_25_183302_create_transactions_table', 1),
(17, '2018_07_25_183422_create_categories_table', 1),
(18, '2018_07_26_151850_category_product_table', 1);

-- --------------------------------------------------------

--
-- Estructura de tabla para la tabla `password_resets`
--

CREATE TABLE `password_resets` (
  `email` varchar(191) COLLATE utf8mb4_unicode_ci NOT NULL,
  `token` varchar(191) COLLATE utf8mb4_unicode_ci NOT NULL,
  `created_at` timestamp NULL DEFAULT NULL
) ENGINE=InnoDB DEFAULT CHARSET=utf8mb4 COLLATE=utf8mb4_unicode_ci;

-- --------------------------------------------------------

--
-- Estructura de tabla para la tabla `products`
--

CREATE TABLE `products` (
  `id` int(10) UNSIGNED NOT NULL,
  `name` varchar(191) COLLATE utf8mb4_unicode_ci NOT NULL,
  `description` varchar(1000) COLLATE utf8mb4_unicode_ci NOT NULL,
  `quantity` int(10) UNSIGNED NOT NULL,
  `estatus` varchar(191) COLLATE utf8mb4_unicode_ci NOT NULL DEFAULT 'no disponible',
  `image` varchar(191) COLLATE utf8mb4_unicode_ci NOT NULL,
  `seller_id` int(10) UNSIGNED NOT NULL,
  `created_at` timestamp NULL DEFAULT NULL,
  `updated_at` timestamp NULL DEFAULT NULL
) ENGINE=InnoDB DEFAULT CHARSET=utf8mb4 COLLATE=utf8mb4_unicode_ci;

--
-- Volcado de datos para la tabla `products`
--

INSERT INTO `products` (`id`, `name`, `description`, `quantity`, `estatus`, `image`, `seller_id`, `created_at`, `updated_at`) VALUES
(1, 'sit', 'Corrupti minus odio ut recusandae consequatur at id.', 7, 'no disponible', '2.jpg', 233, '2018-07-30 18:13:16', '2018-07-30 18:13:16'),
(2, 'corporis', 'Aut ipsum ut est sit. Est impedit impedit consequatur nulla deleniti.', 3, 'no disponible', '1.jpg', 607, '2018-07-30 18:13:16', '2018-07-30 18:13:16'),
(3, 'eveniet', 'Soluta voluptatum autem ea accusamus asperiores ipsum earum.', 6, 'disponible', '1.jpg', 335, '2018-07-30 18:13:16', '2018-07-30 18:13:16'),
(4, 'nulla', 'Cumque placeat rerum assumenda minus corporis itaque. Provident voluptates aut voluptate qui.', 9, 'disponible', '2.jpg', 778, '2018-07-30 18:13:16', '2018-07-30 18:13:16'),
(5, 'voluptas', 'Rerum id quae exercitationem et qui. Magni impedit quia voluptatibus mollitia.', 8, 'disponible', '1.jpg', 431, '2018-07-30 18:13:16', '2018-07-30 18:13:16'),
(6, 'illum', 'Quo fugit veritatis est animi. Qui quo ab provident aliquid debitis et.', 1, 'no disponible', '1.jpg', 312, '2018-07-30 18:13:16', '2018-07-30 18:13:16'),
(7, 'et', 'Nesciunt asperiores ut ut molestiae ut ex quia. Id amet aliquam voluptatum porro inventore nesciunt.', 6, 'no disponible', '2.jpg', 403, '2018-07-30 18:13:16', '2018-07-30 18:13:16'),
(8, 'dolorem', 'Cumque et officia assumenda voluptate amet debitis.', 8, 'no disponible', '2.jpg', 706, '2018-07-30 18:13:16', '2018-07-30 18:13:16'),
(9, 'voluptatum', 'Molestiae rem quam provident veritatis dolores fugit. Cum voluptas itaque suscipit maxime voluptatum.', 9, 'no disponible', '1.jpg', 184, '2018-07-30 18:13:16', '2018-07-30 18:13:16'),
(10, 'quidem', 'Quis explicabo placeat adipisci ut. Minus ea neque ut in.', 10, 'disponible', '2.jpg', 544, '2018-07-30 18:13:16', '2018-07-30 18:13:16'),
(11, 'maxime', 'Veritatis ullam cupiditate et rerum ratione incidunt delectus.', 4, 'disponible', '2.jpg', 687, '2018-07-30 18:13:16', '2018-07-30 18:13:16'),
(12, 'omnis', 'Et cumque ipsam quaerat architecto omnis eveniet laudantium.', 10, 'disponible', '2.jpg', 694, '2018-07-30 18:13:16', '2018-07-30 18:13:16'),
(13, 'non', 'Maiores laudantium accusamus incidunt dolorum et sed dolorem.', 9, 'no disponible', '1.jpg', 435, '2018-07-30 18:13:16', '2018-07-30 18:13:16'),
(14, 'ullam', 'Quae quidem enim ducimus magni.', 8, 'no disponible', '1.jpg', 288, '2018-07-30 18:13:16', '2018-07-30 18:13:16'),
(15, 'quia', 'Ut suscipit voluptate aut. Quis voluptas ratione ad amet in fugiat unde et.', 1, 'disponible', '1.jpg', 23, '2018-07-30 18:13:16', '2018-07-30 18:13:16'),
(16, 'laborum', 'Voluptatem quia totam natus nostrum pariatur. Deleniti molestiae saepe perspiciatis aut voluptatibus et ipsum atque.', 8, 'disponible', '1.jpg', 747, '2018-07-30 18:13:16', '2018-07-30 18:13:16'),
(17, 'quae', 'Ut placeat cupiditate aliquid qui adipisci numquam aut. Eveniet culpa optio iure eius ipsum qui ipsa magni.', 9, 'no disponible', '2.jpg', 378, '2018-07-30 18:13:16', '2018-07-30 18:13:16'),
(18, 'accusantium', 'Vel alias exercitationem non recusandae ut ipsam.', 2, 'disponible', '2.jpg', 221, '2018-07-30 18:13:16', '2018-07-30 18:13:16'),
(19, 'quod', 'Illo dolores doloremque vitae incidunt.', 3, 'no disponible', '1.jpg', 184, '2018-07-30 18:13:17', '2018-07-30 18:13:17'),
(20, 'in', 'Rem et adipisci dolores quia placeat quas aliquam rerum. Sapiente repudiandae animi recusandae recusandae rerum iste.', 2, 'no disponible', '2.jpg', 310, '2018-07-30 18:13:17', '2018-07-30 18:13:17'),
(21, 'voluptatem', 'Culpa et reprehenderit ullam quae quae. Eligendi officia facere tempore debitis aut qui.', 2, 'disponible', '2.jpg', 277, '2018-07-30 18:13:17', '2018-07-30 18:13:17'),
(22, 'non', 'Eum quas excepturi quo aut molestias non voluptatem.', 3, 'no disponible', '1.jpg', 219, '2018-07-30 18:13:17', '2018-07-30 18:13:17'),
(23, 'sit', 'Nisi doloribus labore quidem molestiae. Modi quibusdam sequi natus nostrum asperiores et.', 8, 'disponible', '2.jpg', 370, '2018-07-30 18:13:17', '2018-07-30 18:13:17'),
(24, 'maxime', 'Assumenda eius magnam consequatur sit quae nisi deleniti. Sed sint modi quia ut.', 6, 'disponible', '1.jpg', 567, '2018-07-30 18:13:17', '2018-07-30 18:13:17'),
(25, 'ducimus', 'Delectus voluptas labore sint saepe velit. Ut et omnis incidunt excepturi.', 4, 'no disponible', '1.jpg', 143, '2018-07-30 18:13:17', '2018-07-30 18:13:17'),
(26, 'dolore', 'Officiis nisi aut dignissimos dolorem facilis ut ea sint. Ut aut illum sit voluptatem quia.', 8, 'no disponible', '1.jpg', 110, '2018-07-30 18:13:17', '2018-07-30 18:13:17'),
(27, 'aliquid', 'Delectus repellat totam repellendus illo ab molestiae sunt laborum. Excepturi eum quaerat inventore ratione et.', 4, 'disponible', '2.jpg', 426, '2018-07-30 18:13:17', '2018-07-30 18:13:17'),
(28, 'sit', 'Natus nulla corporis perferendis sed distinctio ipsam nisi.', 3, 'no disponible', '1.jpg', 691, '2018-07-30 18:13:17', '2018-07-30 18:13:17'),
(29, 'iure', 'Et eos iure et nobis nulla est. Et adipisci eveniet suscipit id explicabo quibusdam voluptatem qui.', 4, 'disponible', '1.jpg', 29, '2018-07-30 18:13:17', '2018-07-30 18:13:17'),
(30, 'et', 'Ullam est rerum perspiciatis quod possimus facere voluptatem. Veniam voluptas voluptatum adipisci unde.', 4, 'disponible', '2.jpg', 964, '2018-07-30 18:13:17', '2018-07-30 18:13:17'),
(31, 'aliquid', 'Dicta dolor unde quae pariatur ipsum magnam maxime.', 7, 'disponible', '2.jpg', 109, '2018-07-30 18:13:17', '2018-07-30 18:13:17'),
(32, 'unde', 'Enim earum cupiditate itaque omnis.', 10, 'no disponible', '2.jpg', 133, '2018-07-30 18:13:17', '2018-07-30 18:13:17'),
(33, 'quas', 'Quidem quo velit voluptas dolorum.', 3, 'disponible', '1.jpg', 255, '2018-07-30 18:13:17', '2018-07-30 18:13:17'),
(34, 'omnis', 'Saepe quam expedita quaerat est. Nostrum vero explicabo nemo cum.', 2, 'disponible', '1.jpg', 666, '2018-07-30 18:13:17', '2018-07-30 18:13:17'),
(35, 'soluta', 'Molestias animi non voluptas placeat. Libero quis molestiae quisquam saepe.', 5, 'no disponible', '2.jpg', 850, '2018-07-30 18:13:17', '2018-07-30 18:13:17'),
(36, 'quo', 'Cumque molestias alias in corrupti ipsa. Dolorem non numquam sint asperiores officiis.', 2, 'no disponible', '1.jpg', 159, '2018-07-30 18:13:17', '2018-07-30 18:13:17'),
(37, 'tenetur', 'Saepe nulla sunt nisi voluptatem totam. Molestiae nisi et sapiente eos officia labore.', 4, 'no disponible', '2.jpg', 591, '2018-07-30 18:13:17', '2018-07-30 18:13:17'),
(38, 'earum', 'Quasi eos necessitatibus aperiam autem explicabo.', 5, 'disponible', '1.jpg', 410, '2018-07-30 18:13:17', '2018-07-30 18:13:17'),
(39, 'est', 'Eaque optio error libero eum in sed quidem. Ut soluta similique ea quasi quam aliquid.', 2, 'disponible', '1.jpg', 23, '2018-07-30 18:13:17', '2018-07-30 18:13:17'),
(40, 'deserunt', 'Consectetur est qui sit officia voluptatum. Iusto rerum nihil omnis nostrum necessitatibus.', 9, 'no disponible', '1.jpg', 841, '2018-07-30 18:13:17', '2018-07-30 18:13:17'),
(41, 'optio', 'Sint deleniti repellat laboriosam harum dolorum quia ut ducimus. Molestiae quam a asperiores ut in earum.', 10, 'disponible', '1.jpg', 651, '2018-07-30 18:13:17', '2018-07-30 18:13:17'),
(42, 'qui', 'Maxime sequi quaerat esse voluptatem excepturi corrupti. Ducimus et iure cumque temporibus sed.', 6, 'no disponible', '1.jpg', 708, '2018-07-30 18:13:17', '2018-07-30 18:13:17'),
(43, 'id', 'Dolores nulla tempora tempore explicabo consequatur et voluptas. Doloremque at rerum modi expedita perferendis voluptatibus ducimus.', 2, 'no disponible', '2.jpg', 36, '2018-07-30 18:13:17', '2018-07-30 18:13:17'),
(44, 'aperiam', 'Et et quia non vel voluptatem in repellendus.', 1, 'no disponible', '2.jpg', 358, '2018-07-30 18:13:17', '2018-07-30 18:13:17'),
(45, 'ea', 'Ut et aperiam sit quia illum amet sed.', 9, 'disponible', '1.jpg', 527, '2018-07-30 18:13:17', '2018-07-30 18:13:17'),
(46, 'veritatis', 'Explicabo vitae itaque autem aut a voluptatem corrupti dolores. Ea odit iure voluptatem optio sit.', 3, 'no disponible', '2.jpg', 752, '2018-07-30 18:13:17', '2018-07-30 18:13:17'),
(47, 'magni', 'Provident quis rerum aperiam officia accusamus omnis est. Animi a ea libero animi vel consequatur eveniet.', 6, 'no disponible', '2.jpg', 636, '2018-07-30 18:13:17', '2018-07-30 18:13:17'),
(48, 'repellat', 'Labore aspernatur sed eum fuga qui quia sapiente consequatur. Sed ea beatae nulla maiores est numquam.', 1, 'disponible', '2.jpg', 411, '2018-07-30 18:13:17', '2018-07-30 18:13:17'),
(49, 'ipsa', 'Est sit perspiciatis magni nobis.', 4, 'disponible', '2.jpg', 900, '2018-07-30 18:13:17', '2018-07-30 18:13:17'),
(50, 'et', 'Doloremque aperiam vel qui quo qui rerum corporis.', 9, 'disponible', '1.jpg', 341, '2018-07-30 18:13:17', '2018-07-30 18:13:17'),
(51, 'esse', 'Vel et ullam ipsum cupiditate voluptates magni illo. Aut inventore dolorem beatae velit quia.', 5, 'disponible', '2.jpg', 201, '2018-07-30 18:13:17', '2018-07-30 18:13:17'),
(52, 'qui', 'Quae rem cumque aspernatur aut.', 9, 'disponible', '2.jpg', 496, '2018-07-30 18:13:17', '2018-07-30 18:13:17'),
(53, 'culpa', 'Et fugit et sed cumque cupiditate.', 6, 'no disponible', '1.jpg', 13, '2018-07-30 18:13:17', '2018-07-30 18:13:17'),
(54, 'tenetur', 'Corporis ratione excepturi voluptate et.', 3, 'disponible', '2.jpg', 835, '2018-07-30 18:13:17', '2018-07-30 18:13:17'),
(55, 'est', 'Eligendi sit veritatis ducimus sapiente omnis. Minima quia quae doloremque eos velit eveniet non.', 6, 'disponible', '1.jpg', 211, '2018-07-30 18:13:17', '2018-07-30 18:13:17'),
(56, 'omnis', 'Perspiciatis dolorem tenetur corporis fuga. Nisi qui enim nihil quibusdam tenetur qui distinctio.', 1, 'disponible', '1.jpg', 414, '2018-07-30 18:13:17', '2018-07-30 18:13:17'),
(57, 'nulla', 'Quasi repellat et quidem architecto non architecto necessitatibus.', 8, 'disponible', '1.jpg', 255, '2018-07-30 18:13:18', '2018-07-30 18:13:18'),
(58, 'quia', 'Iste ab maiores debitis reiciendis cum.', 1, 'disponible', '1.jpg', 22, '2018-07-30 18:13:18', '2018-07-30 18:13:18'),
(59, 'iusto', 'Ab corrupti excepturi facere temporibus architecto ut voluptatem. Vel ab deserunt mollitia commodi.', 5, 'no disponible', '1.jpg', 688, '2018-07-30 18:13:18', '2018-07-30 18:13:18'),
(60, 'vitae', 'Et dolores quis deserunt et aut saepe veritatis. Dignissimos voluptate distinctio id fuga.', 6, 'disponible', '1.jpg', 281, '2018-07-30 18:13:18', '2018-07-30 18:13:18'),
(61, 'est', 'Consequatur enim dolore dolorem. Occaecati earum omnis quae error adipisci assumenda.', 7, 'no disponible', '2.jpg', 159, '2018-07-30 18:13:18', '2018-07-30 18:13:18'),
(62, 'omnis', 'Eveniet error itaque est laudantium vel accusamus. Amet et delectus autem sed.', 4, 'no disponible', '2.jpg', 993, '2018-07-30 18:13:18', '2018-07-30 18:13:18'),
(63, 'quo', 'Qui ut ut animi aut. Nihil alias sint molestias id eius quia et.', 7, 'no disponible', '1.jpg', 252, '2018-07-30 18:13:18', '2018-07-30 18:13:18'),
(64, 'asperiores', 'Et accusantium eos beatae voluptatem.', 10, 'no disponible', '2.jpg', 122, '2018-07-30 18:13:18', '2018-07-30 18:13:18'),
(65, 'officia', 'Magnam ea et aut veniam tempore nemo. Perferendis debitis quia fugiat est quam et.', 5, 'no disponible', '1.jpg', 321, '2018-07-30 18:13:18', '2018-07-30 18:13:18'),
(66, 'ipsam', 'Reprehenderit recusandae aut exercitationem consequuntur tenetur praesentium quidem in. Odit rerum et voluptates ut.', 1, 'disponible', '2.jpg', 792, '2018-07-30 18:13:18', '2018-07-30 18:13:18'),
(67, 'ut', 'Omnis quod unde eum ipsa reprehenderit tempore.', 10, 'disponible', '1.jpg', 412, '2018-07-30 18:13:18', '2018-07-30 18:13:18'),
(68, 'nihil', 'Ut et rerum ut sit magnam expedita.', 10, 'no disponible', '2.jpg', 629, '2018-07-30 18:13:18', '2018-07-30 18:13:18'),
(69, 'corporis', 'Voluptatibus corrupti possimus animi rerum distinctio voluptas.', 5, 'disponible', '1.jpg', 679, '2018-07-30 18:13:18', '2018-07-30 18:13:18'),
(70, 'vero', 'Facilis culpa doloremque omnis distinctio quia dolorum.', 2, 'no disponible', '2.jpg', 199, '2018-07-30 18:13:18', '2018-07-30 18:13:18'),
(71, 'eum', 'Inventore consequuntur quae provident earum ipsum harum. Repellat magni est est pariatur deleniti sit.', 8, 'disponible', '2.jpg', 344, '2018-07-30 18:13:18', '2018-07-30 18:13:18'),
(72, 'praesentium', 'Enim deleniti reiciendis qui hic officiis aut.', 10, 'disponible', '1.jpg', 676, '2018-07-30 18:13:18', '2018-07-30 18:13:18'),
(73, 'esse', 'Sunt illum illo quia est odio.', 6, 'disponible', '2.jpg', 386, '2018-07-30 18:13:18', '2018-07-30 18:13:18'),
(74, 'quam', 'Nobis maxime quis ipsa iure accusamus facere voluptas.', 8, 'disponible', '1.jpg', 297, '2018-07-30 18:13:18', '2018-07-30 18:13:18'),
(75, 'debitis', 'Porro cumque enim iure laborum dolorem facilis esse. Maxime illo quam nobis quaerat vitae.', 1, 'disponible', '1.jpg', 153, '2018-07-30 18:13:18', '2018-07-30 18:13:18'),
(76, 'ex', 'Consequatur qui et error ut.', 7, 'no disponible', '2.jpg', 252, '2018-07-30 18:13:18', '2018-07-30 18:13:18'),
(77, 'velit', 'Ab voluptate voluptates voluptatem quis.', 7, 'no disponible', '2.jpg', 168, '2018-07-30 18:13:18', '2018-07-30 18:13:18'),
(78, 'adipisci', 'Nihil sit neque officia et corrupti.', 9, 'no disponible', '2.jpg', 624, '2018-07-30 18:13:18', '2018-07-30 18:13:18'),
(79, 'totam', 'Non accusamus quis voluptas quam non a a et. Et architecto voluptatem perferendis ab maxime ea.', 5, 'no disponible', '1.jpg', 786, '2018-07-30 18:13:18', '2018-07-30 18:13:18'),
(80, 'omnis', 'Aut velit qui et. Molestiae mollitia minima at qui iste.', 6, 'no disponible', '1.jpg', 613, '2018-07-30 18:13:18', '2018-07-30 18:13:18'),
(81, 'qui', 'Ea rerum optio veritatis dicta quod. Eum tenetur excepturi et et perspiciatis ut recusandae.', 3, 'no disponible', '2.jpg', 835, '2018-07-30 18:13:18', '2018-07-30 18:13:18'),
(82, 'enim', 'Dolorem ducimus aut est aliquid mollitia tempora. Velit omnis et fugit.', 3, 'disponible', '2.jpg', 519, '2018-07-30 18:13:18', '2018-07-30 18:13:18'),
(83, 'necessitatibus', 'Optio quam illo inventore iste. Ex et nihil voluptatum ea qui non sunt.', 10, 'no disponible', '2.jpg', 141, '2018-07-30 18:13:18', '2018-07-30 18:13:18'),
(84, 'cupiditate', 'Maxime deserunt quos laborum nihil. Magni quod ea excepturi voluptatem cumque quaerat at.', 4, 'no disponible', '1.jpg', 371, '2018-07-30 18:13:18', '2018-07-30 18:13:18'),
(85, 'est', 'Quisquam cum est autem quae ipsa.', 3, 'disponible', '1.jpg', 283, '2018-07-30 18:13:18', '2018-07-30 18:13:18'),
(86, 'voluptas', 'Est quia nostrum earum velit et.', 6, 'no disponible', '2.jpg', 803, '2018-07-30 18:13:18', '2018-07-30 18:13:18'),
(87, 'nisi', 'Et aut sunt cum nulla delectus. Autem vel quidem odio et voluptatem repellendus et.', 5, 'disponible', '1.jpg', 377, '2018-07-30 18:13:18', '2018-07-30 18:13:18'),
(88, 'occaecati', 'Ut non consequatur est provident mollitia error aliquid.', 4, 'disponible', '2.jpg', 55, '2018-07-30 18:13:18', '2018-07-30 18:13:18'),
(89, 'ut', 'Autem quis exercitationem nihil possimus alias provident sunt.', 1, 'no disponible', '1.jpg', 739, '2018-07-30 18:13:18', '2018-07-30 18:13:18'),
(90, 'quidem', 'Quas nihil in aperiam tempora exercitationem et tempore. Eligendi commodi vitae distinctio sit molestiae.', 1, 'disponible', '2.jpg', 938, '2018-07-30 18:13:18', '2018-07-30 18:13:18'),
(91, 'fugit', 'Quia sit aperiam dolore tempora assumenda accusantium quibusdam.', 5, 'no disponible', '1.jpg', 843, '2018-07-30 18:13:18', '2018-07-30 18:13:18'),
(92, 'quia', 'Vitae vitae provident voluptatem iste deleniti labore dolorum. Dolores numquam dolore magnam atque praesentium aut.', 10, 'disponible', '2.jpg', 455, '2018-07-30 18:13:18', '2018-07-30 18:13:18'),
(93, 'nostrum', 'Facere a debitis et debitis fugiat.', 3, 'no disponible', '2.jpg', 16, '2018-07-30 18:13:19', '2018-07-30 18:13:19'),
(94, 'nihil', 'Magni modi non consequatur placeat sint numquam delectus in.', 4, 'disponible', '1.jpg', 661, '2018-07-30 18:13:19', '2018-07-30 18:13:19'),
(95, 'cumque', 'Non recusandae quia beatae. Corporis eveniet rerum sunt autem saepe explicabo.', 5, 'no disponible', '1.jpg', 172, '2018-07-30 18:13:19', '2018-07-30 18:13:19'),
(96, 'dolore', 'Odit maxime qui et aliquam repellendus delectus fuga. Occaecati placeat perspiciatis possimus placeat.', 8, 'disponible', '1.jpg', 472, '2018-07-30 18:13:19', '2018-07-30 18:13:19'),
(97, 'doloribus', 'Quo rerum animi inventore dolor.', 9, 'disponible', '1.jpg', 900, '2018-07-30 18:13:19', '2018-07-30 18:13:19'),
(98, 'consectetur', 'Omnis cupiditate culpa nulla inventore quos sint impedit. Esse repellat a provident autem in.', 9, 'disponible', '2.jpg', 184, '2018-07-30 18:13:19', '2018-07-30 18:13:19'),
(99, 'blanditiis', 'Dignissimos expedita quos eveniet dolores voluptatem nihil. Aut qui ut tempora et aut.', 3, 'no disponible', '1.jpg', 46, '2018-07-30 18:13:19', '2018-07-30 18:13:19'),
(100, 'et', 'Sed ut rerum dolor a. Sed ad quasi et aut.', 2, 'disponible', '2.jpg', 54, '2018-07-30 18:13:19', '2018-07-30 18:13:19'),
(101, 'eius', 'Qui provident consequatur qui rerum aliquid itaque provident ea. Voluptates mollitia possimus voluptas dolorum.', 7, 'no disponible', '1.jpg', 985, '2018-07-30 18:13:19', '2018-07-30 18:13:19'),
(102, 'maxime', 'Ut eos velit repudiandae.', 5, 'disponible', '2.jpg', 438, '2018-07-30 18:13:19', '2018-07-30 18:13:19'),
(103, 'sunt', 'Ut a molestiae aut et omnis.', 4, 'no disponible', '2.jpg', 116, '2018-07-30 18:13:19', '2018-07-30 18:13:19'),
(104, 'vel', 'Ut velit facilis voluptatem fugiat dolorum cum.', 1, 'disponible', '2.jpg', 531, '2018-07-30 18:13:19', '2018-07-30 18:13:19'),
(105, 'quasi', 'Rerum qui eos nostrum eum ea. A reprehenderit quos laboriosam voluptatem ex sint eum.', 10, 'disponible', '1.jpg', 139, '2018-07-30 18:13:19', '2018-07-30 18:13:19'),
(106, 'est', 'Sint quam et pariatur quia veniam necessitatibus.', 7, 'no disponible', '1.jpg', 35, '2018-07-30 18:13:19', '2018-07-30 18:13:19'),
(107, 'dolor', 'Laudantium eius est reiciendis reprehenderit voluptatum.', 1, 'disponible', '1.jpg', 948, '2018-07-30 18:13:19', '2018-07-30 18:13:19'),
(108, 'eos', 'Atque labore voluptatum quis et quibusdam error. Maxime quos eum eius facere.', 3, 'disponible', '1.jpg', 982, '2018-07-30 18:13:19', '2018-07-30 18:13:19'),
(109, 'id', 'Ut ea placeat ipsum dolorem. Et aut nesciunt quis in.', 4, 'disponible', '2.jpg', 379, '2018-07-30 18:13:19', '2018-07-30 18:13:19'),
(110, 'mollitia', 'Totam velit officia numquam et quisquam tenetur.', 1, 'disponible', '1.jpg', 382, '2018-07-30 18:13:19', '2018-07-30 18:13:19'),
(111, 'itaque', 'Minima aliquid exercitationem et autem nemo et soluta. Quis optio qui consectetur et sed fugit et tempora.', 6, 'no disponible', '1.jpg', 741, '2018-07-30 18:13:20', '2018-07-30 18:13:20'),
(112, 'est', 'Adipisci magnam cumque distinctio ab recusandae. Voluptas aut odio fugit et laborum.', 7, 'no disponible', '2.jpg', 922, '2018-07-30 18:13:20', '2018-07-30 18:13:20'),
(113, 'nihil', 'Odit porro quod dolorem illo veniam doloremque quasi.', 10, 'disponible', '2.jpg', 516, '2018-07-30 18:13:20', '2018-07-30 18:13:20'),
(114, 'et', 'Neque enim ipsam sunt id nam consectetur.', 9, 'disponible', '1.jpg', 156, '2018-07-30 18:13:20', '2018-07-30 18:13:20'),
(115, 'quasi', 'Ut rem ad aut totam.', 8, 'disponible', '2.jpg', 912, '2018-07-30 18:13:20', '2018-07-30 18:13:20'),
(116, 'et', 'Repudiandae tenetur ipsum et qui beatae. Doloribus laboriosam dolore voluptates in.', 6, 'disponible', '2.jpg', 604, '2018-07-30 18:13:20', '2018-07-30 18:13:20'),
(117, 'quidem', 'Reprehenderit veritatis est odio quisquam. Ratione sed voluptatum nobis fugiat.', 1, 'disponible', '2.jpg', 846, '2018-07-30 18:13:20', '2018-07-30 18:13:20'),
(118, 'in', 'Laboriosam sunt nihil qui in. Quod provident et quam fuga sit veniam.', 8, 'no disponible', '2.jpg', 394, '2018-07-30 18:13:20', '2018-07-30 18:13:20'),
(119, 'labore', 'Ut voluptas voluptates consequatur minima quo. Qui quod officiis est est laudantium.', 3, 'no disponible', '2.jpg', 209, '2018-07-30 18:13:20', '2018-07-30 18:13:20'),
(120, 'sunt', 'Voluptas reprehenderit nam est quod numquam. Impedit et dolores at totam.', 5, 'no disponible', '2.jpg', 313, '2018-07-30 18:13:20', '2018-07-30 18:13:20'),
(121, 'illo', 'Aliquid rerum qui et minima adipisci consequuntur ut. Ut qui accusamus voluptas quos nisi rerum explicabo.', 8, 'disponible', '1.jpg', 211, '2018-07-30 18:13:20', '2018-07-30 18:13:20'),
(122, 'possimus', 'Enim aut eum ratione repellendus sit autem ex. Vel sed ut alias ipsum quidem sed.', 5, 'disponible', '2.jpg', 141, '2018-07-30 18:13:20', '2018-07-30 18:13:20'),
(123, 'dolore', 'Ut voluptate odit voluptatem amet.', 2, 'disponible', '2.jpg', 957, '2018-07-30 18:13:20', '2018-07-30 18:13:20'),
(124, 'accusantium', 'Similique dolor quidem ut.', 5, 'no disponible', '1.jpg', 254, '2018-07-30 18:13:20', '2018-07-30 18:13:20'),
(125, 'voluptates', 'Aperiam voluptates architecto qui ipsum occaecati in. Ratione qui minima id repudiandae ut architecto.', 8, 'disponible', '2.jpg', 778, '2018-07-30 18:13:20', '2018-07-30 18:13:20'),
(126, 'inventore', 'Inventore doloremque laudantium quia ut maxime libero. Sit non est quo aut.', 1, 'disponible', '2.jpg', 469, '2018-07-30 18:13:20', '2018-07-30 18:13:20'),
(127, 'labore', 'Explicabo ut magnam corrupti. Similique non rerum dolor qui.', 3, 'disponible', '1.jpg', 912, '2018-07-30 18:13:20', '2018-07-30 18:13:20'),
(128, 'est', 'Ad ut corporis sunt est rem ex. Soluta voluptatem magni quae est sapiente dolor non.', 9, 'disponible', '1.jpg', 295, '2018-07-30 18:13:20', '2018-07-30 18:13:20'),
(129, 'tempore', 'Qui nostrum illum eum sit reprehenderit distinctio ad nisi.', 1, 'no disponible', '2.jpg', 867, '2018-07-30 18:13:20', '2018-07-30 18:13:20'),
(130, 'magnam', 'Enim omnis minus facilis nisi itaque.', 8, 'disponible', '1.jpg', 80, '2018-07-30 18:13:20', '2018-07-30 18:13:20'),
(131, 'ducimus', 'Error in delectus qui ut.', 7, 'no disponible', '2.jpg', 444, '2018-07-30 18:13:20', '2018-07-30 18:13:20'),
(132, 'enim', 'Consequatur vero distinctio in dolorem fuga voluptatem. Qui harum eveniet assumenda error in ut.', 4, 'disponible', '2.jpg', 181, '2018-07-30 18:13:20', '2018-07-30 18:13:20'),
(133, 'et', 'Ea rem sit provident iusto id voluptas.', 7, 'no disponible', '2.jpg', 816, '2018-07-30 18:13:20', '2018-07-30 18:13:20'),
(134, 'accusamus', 'Occaecati animi ut dolor enim.', 6, 'disponible', '2.jpg', 532, '2018-07-30 18:13:20', '2018-07-30 18:13:20'),
(135, 'eum', 'Sit aspernatur sit ratione ut.', 3, 'no disponible', '2.jpg', 238, '2018-07-30 18:13:20', '2018-07-30 18:13:20'),
(136, 'sapiente', 'Minima assumenda necessitatibus sed qui.', 5, 'disponible', '2.jpg', 491, '2018-07-30 18:13:21', '2018-07-30 18:13:21'),
(137, 'velit', 'Architecto suscipit illum id adipisci ut doloremque quaerat.', 8, 'no disponible', '1.jpg', 86, '2018-07-30 18:13:21', '2018-07-30 18:13:21'),
(138, 'qui', 'Ea ullam suscipit voluptas est.', 2, 'disponible', '1.jpg', 255, '2018-07-30 18:13:21', '2018-07-30 18:13:21'),
(139, 'non', 'Ratione consequatur omnis omnis.', 4, 'no disponible', '2.jpg', 705, '2018-07-30 18:13:21', '2018-07-30 18:13:21'),
(140, 'repellendus', 'Consequuntur ut minima corrupti reprehenderit.', 10, 'disponible', '1.jpg', 4, '2018-07-30 18:13:21', '2018-07-30 18:13:21'),
(141, 'et', 'Id qui saepe sequi atque eligendi.', 6, 'no disponible', '1.jpg', 857, '2018-07-30 18:13:21', '2018-07-30 18:13:21'),
(142, 'culpa', 'Velit aut voluptatem est recusandae eius.', 4, 'disponible', '2.jpg', 564, '2018-07-30 18:13:21', '2018-07-30 18:13:21'),
(143, 'quis', 'Facere eum est eaque sequi error facilis aut. Ut aut accusantium esse quod voluptatem qui.', 4, 'no disponible', '1.jpg', 114, '2018-07-30 18:13:21', '2018-07-30 18:13:21'),
(144, 'dolorem', 'Reiciendis occaecati sed eaque et iure consequatur. Dicta provident et accusamus nesciunt.', 9, 'no disponible', '2.jpg', 959, '2018-07-30 18:13:21', '2018-07-30 18:13:21'),
(145, 'possimus', 'Repudiandae rem distinctio nostrum necessitatibus. Praesentium et qui ut occaecati saepe velit.', 1, 'disponible', '2.jpg', 599, '2018-07-30 18:13:21', '2018-07-30 18:13:21'),
(146, 'eveniet', 'Dolores sed illum exercitationem laudantium.', 8, 'no disponible', '1.jpg', 941, '2018-07-30 18:13:21', '2018-07-30 18:13:21'),
(147, 'ratione', 'Aspernatur temporibus molestiae temporibus et fugiat.', 9, 'no disponible', '2.jpg', 217, '2018-07-30 18:13:21', '2018-07-30 18:13:21'),
(148, 'unde', 'Nobis quo vel expedita adipisci quos omnis.', 4, 'no disponible', '2.jpg', 404, '2018-07-30 18:13:21', '2018-07-30 18:13:21'),
(149, 'enim', 'Perspiciatis totam consequuntur in vel ducimus quia. Et dolor corrupti et illum et.', 7, 'no disponible', '2.jpg', 703, '2018-07-30 18:13:21', '2018-07-30 18:13:21'),
(150, 'saepe', 'Eum enim modi consequatur illum est fugit.', 1, 'disponible', '2.jpg', 310, '2018-07-30 18:13:21', '2018-07-30 18:13:21'),
(151, 'tempore', 'Velit ad voluptas rerum ea ipsa vero.', 2, 'no disponible', '2.jpg', 820, '2018-07-30 18:13:21', '2018-07-30 18:13:21'),
(152, 'alias', 'Rerum facilis quis consequatur earum explicabo sit. Temporibus deleniti neque quasi minus.', 8, 'no disponible', '2.jpg', 46, '2018-07-30 18:13:21', '2018-07-30 18:13:21'),
(153, 'nisi', 'Est sed omnis nobis molestias ipsam. Labore laborum cum et corporis vel modi sunt.', 4, 'disponible', '2.jpg', 24, '2018-07-30 18:13:21', '2018-07-30 18:13:21'),
(154, 'voluptatem', 'Nostrum et itaque accusamus sit aut est. Omnis et deserunt iste voluptate fugiat.', 7, 'disponible', '1.jpg', 388, '2018-07-30 18:13:21', '2018-07-30 18:13:21'),
(155, 'beatae', 'Id temporibus sint sint quia. Culpa repellendus accusamus distinctio quibusdam molestiae.', 9, 'disponible', '2.jpg', 387, '2018-07-30 18:13:21', '2018-07-30 18:13:21'),
(156, 'voluptatibus', 'Voluptatibus vel praesentium reprehenderit quia. Est ducimus deleniti et ut.', 2, 'disponible', '1.jpg', 221, '2018-07-30 18:13:21', '2018-07-30 18:13:21'),
(157, 'et', 'Molestias et voluptas et dolores.', 2, 'no disponible', '1.jpg', 904, '2018-07-30 18:13:21', '2018-07-30 18:13:21'),
(158, 'doloremque', 'Et nesciunt commodi omnis corporis voluptatem. Facilis est numquam quaerat iure sed fuga numquam vel.', 8, 'no disponible', '1.jpg', 984, '2018-07-30 18:13:21', '2018-07-30 18:13:21'),
(159, 'totam', 'Nihil enim veniam aliquid sed quia aliquid molestias nesciunt.', 8, 'no disponible', '2.jpg', 318, '2018-07-30 18:13:21', '2018-07-30 18:13:21'),
(160, 'dolores', 'Aliquam voluptatibus nesciunt dolor quia vero possimus optio. Temporibus non eos voluptatibus laborum magni qui qui est.', 7, 'no disponible', '2.jpg', 11, '2018-07-30 18:13:21', '2018-07-30 18:13:21'),
(161, 'soluta', 'Unde exercitationem aut sit voluptates.', 7, 'no disponible', '2.jpg', 519, '2018-07-30 18:13:21', '2018-07-30 18:13:21'),
(162, 'placeat', 'Dicta qui ea deleniti ut libero nihil. Eius molestiae quasi dolor iste.', 9, 'no disponible', '1.jpg', 62, '2018-07-30 18:13:21', '2018-07-30 18:13:21'),
(163, 'vitae', 'Consequatur et et reiciendis quidem doloremque rerum in qui.', 9, 'disponible', '2.jpg', 557, '2018-07-30 18:13:21', '2018-07-30 18:13:21'),
(164, 'aut', 'Sapiente harum ratione ab. Expedita incidunt neque alias iure eligendi et.', 3, 'no disponible', '2.jpg', 705, '2018-07-30 18:13:21', '2018-07-30 18:13:21'),
(165, 'quo', 'Est dolorem et voluptas sit. Aliquam et ducimus aliquam voluptas exercitationem.', 6, 'no disponible', '2.jpg', 837, '2018-07-30 18:13:21', '2018-07-30 18:13:21'),
(166, 'qui', 'Ut est id dolores quasi occaecati veniam. Beatae eligendi ratione eius asperiores earum delectus.', 8, 'disponible', '2.jpg', 78, '2018-07-30 18:13:21', '2018-07-30 18:13:21'),
(167, 'voluptates', 'Id quod nam sapiente. Voluptas omnis animi non dolor distinctio delectus dolorem.', 9, 'no disponible', '1.jpg', 621, '2018-07-30 18:13:21', '2018-07-30 18:13:21'),
(168, 'aliquam', 'Aliquam eveniet qui voluptates qui enim et. Nisi ut a eligendi architecto.', 6, 'disponible', '1.jpg', 812, '2018-07-30 18:13:21', '2018-07-30 18:13:21'),
(169, 'nihil', 'Et placeat quaerat deserunt porro. Eveniet aut perferendis dignissimos aut nesciunt culpa.', 6, 'no disponible', '1.jpg', 92, '2018-07-30 18:13:21', '2018-07-30 18:13:21'),
(170, 'sint', 'Placeat qui dolorem pariatur quo asperiores. Sed voluptas eveniet corrupti expedita.', 3, 'no disponible', '2.jpg', 618, '2018-07-30 18:13:21', '2018-07-30 18:13:21'),
(171, 'debitis', 'Est assumenda voluptatem optio voluptatem repellat totam minus.', 3, 'disponible', '2.jpg', 807, '2018-07-30 18:13:21', '2018-07-30 18:13:21'),
(172, 'sit', 'Vel minus est maxime quos optio.', 10, 'disponible', '1.jpg', 902, '2018-07-30 18:13:22', '2018-07-30 18:13:22'),
(173, 'corporis', 'Omnis quas magnam eligendi fugit ratione fugiat ut.', 3, 'disponible', '1.jpg', 32, '2018-07-30 18:13:22', '2018-07-30 18:13:22'),
(174, 'suscipit', 'Commodi debitis et omnis nemo doloremque suscipit.', 7, 'no disponible', '1.jpg', 248, '2018-07-30 18:13:22', '2018-07-30 18:13:22'),
(175, 'quam', 'Voluptatem provident eum omnis qui nulla.', 10, 'no disponible', '2.jpg', 971, '2018-07-30 18:13:22', '2018-07-30 18:13:22'),
(176, 'eum', 'Veritatis laborum occaecati aut quis. Iure odit occaecati necessitatibus deserunt est.', 5, 'disponible', '1.jpg', 656, '2018-07-30 18:13:22', '2018-07-30 18:13:22'),
(177, 'qui', 'Nihil velit maiores quos aliquid quasi autem aliquid. Voluptas error assumenda voluptatibus corrupti debitis illum.', 6, 'disponible', '2.jpg', 698, '2018-07-30 18:13:22', '2018-07-30 18:13:22'),
(178, 'quo', 'Labore adipisci cumque voluptates qui iusto quam vel. Non ex facilis perspiciatis accusantium hic doloremque voluptatem.', 6, 'no disponible', '1.jpg', 623, '2018-07-30 18:13:22', '2018-07-30 18:13:22'),
(179, 'cupiditate', 'Velit totam dolores recusandae perspiciatis qui iure assumenda.', 5, 'no disponible', '1.jpg', 386, '2018-07-30 18:13:22', '2018-07-30 18:13:22'),
(180, 'assumenda', 'Veritatis qui expedita ipsam aliquam.', 7, 'disponible', '1.jpg', 243, '2018-07-30 18:13:22', '2018-07-30 18:13:22'),
(181, 'eum', 'Autem illum aut blanditiis voluptatem similique vero enim.', 7, 'disponible', '2.jpg', 990, '2018-07-30 18:13:22', '2018-07-30 18:13:22'),
(182, 'et', 'Praesentium doloribus optio eveniet assumenda ut.', 7, 'no disponible', '1.jpg', 641, '2018-07-30 18:13:22', '2018-07-30 18:13:22'),
(183, 'dolorem', 'Ut veniam ut sit voluptas et dolorem fuga id.', 6, 'no disponible', '1.jpg', 649, '2018-07-30 18:13:22', '2018-07-30 18:13:22'),
(184, 'quia', 'Rem at quia necessitatibus odio ut. Earum expedita reiciendis laudantium voluptas quod eos amet.', 2, 'no disponible', '2.jpg', 53, '2018-07-30 18:13:22', '2018-07-30 18:13:22'),
(185, 'eum', 'Aspernatur non facere fugit et rerum tempora. Aut maiores quibusdam veritatis expedita.', 3, 'no disponible', '2.jpg', 31, '2018-07-30 18:13:22', '2018-07-30 18:13:22'),
(186, 'sit', 'Sit et quibusdam doloremque.', 2, 'disponible', '1.jpg', 280, '2018-07-30 18:13:22', '2018-07-30 18:13:22'),
(187, 'quas', 'Nihil ducimus nihil repudiandae fugit.', 7, 'no disponible', '2.jpg', 338, '2018-07-30 18:13:22', '2018-07-30 18:13:22'),
(188, 'et', 'Suscipit et porro sed magnam et ut illo.', 2, 'disponible', '2.jpg', 657, '2018-07-30 18:13:22', '2018-07-30 18:13:22'),
(189, 'ex', 'Aliquid sint asperiores voluptate temporibus alias.', 7, 'disponible', '2.jpg', 370, '2018-07-30 18:13:22', '2018-07-30 18:13:22'),
(190, 'voluptatem', 'Rerum doloremque iure vitae autem omnis qui. Autem incidunt temporibus delectus laboriosam eaque ut facilis omnis.', 2, 'disponible', '2.jpg', 169, '2018-07-30 18:13:22', '2018-07-30 18:13:22'),
(191, 'sapiente', 'Voluptas aut occaecati ea.', 10, 'no disponible', '2.jpg', 681, '2018-07-30 18:13:22', '2018-07-30 18:13:22'),
(192, 'ut', 'Et labore est non quis voluptas commodi.', 10, 'no disponible', '2.jpg', 62, '2018-07-30 18:13:22', '2018-07-30 18:13:22'),
(193, 'libero', 'Fugit similique veritatis corporis aliquid voluptatem error ut. Unde possimus autem perspiciatis consequuntur corporis quae reprehenderit.', 9, 'no disponible', '1.jpg', 614, '2018-07-30 18:13:22', '2018-07-30 18:13:22'),
(194, 'et', 'Deserunt eius quam eum quia quo.', 8, 'no disponible', '1.jpg', 618, '2018-07-30 18:13:22', '2018-07-30 18:13:22'),
(195, 'sit', 'Tenetur consequatur vitae possimus non.', 6, 'disponible', '2.jpg', 13, '2018-07-30 18:13:22', '2018-07-30 18:13:22'),
(196, 'est', 'Non dolorem ut provident eaque dolor eos.', 1, 'no disponible', '1.jpg', 292, '2018-07-30 18:13:22', '2018-07-30 18:13:22'),
(197, 'ut', 'Est consequatur sed aut autem aut perferendis iste.', 5, 'no disponible', '1.jpg', 566, '2018-07-30 18:13:22', '2018-07-30 18:13:22'),
(198, 'enim', 'Eveniet ea suscipit nihil. Et placeat reiciendis ratione laboriosam maiores.', 5, 'no disponible', '1.jpg', 778, '2018-07-30 18:13:22', '2018-07-30 18:13:22'),
(199, 'in', 'Laborum dolorem est exercitationem ut.', 2, 'disponible', '1.jpg', 175, '2018-07-30 18:13:23', '2018-07-30 18:13:23'),
(200, 'modi', 'Amet reprehenderit rerum eum.', 9, 'disponible', '1.jpg', 566, '2018-07-30 18:13:23', '2018-07-30 18:13:23'),
(201, 'ipsum', 'Eum beatae dolorum et atque. Dolor perferendis aspernatur rem sint at non qui.', 1, 'no disponible', '2.jpg', 379, '2018-07-30 18:13:23', '2018-07-30 18:13:23'),
(202, 'perspiciatis', 'Ipsam dolores eum qui voluptas.', 2, 'disponible', '2.jpg', 5, '2018-07-30 18:13:23', '2018-07-30 18:13:23'),
(203, 'consequuntur', 'Amet est corporis omnis deserunt ut.', 2, 'no disponible', '1.jpg', 511, '2018-07-30 18:13:23', '2018-07-30 18:13:23'),
(204, 'voluptatem', 'Eos laboriosam necessitatibus neque sit tenetur dignissimos. Suscipit qui quisquam non laboriosam dolorum sit.', 6, 'no disponible', '1.jpg', 143, '2018-07-30 18:13:23', '2018-07-30 18:13:23'),
(205, 'cupiditate', 'Omnis voluptatem mollitia iste aut. Aliquam dignissimos quia impedit.', 8, 'disponible', '2.jpg', 661, '2018-07-30 18:13:23', '2018-07-30 18:13:23'),
(206, 'aspernatur', 'Est cumque odit qui omnis optio qui repudiandae. Atque enim iste et animi eum.', 2, 'disponible', '1.jpg', 835, '2018-07-30 18:13:23', '2018-07-30 18:13:23'),
(207, 'corrupti', 'Labore incidunt qui amet quo voluptas quidem vitae. Unde sed numquam soluta.', 5, 'disponible', '1.jpg', 989, '2018-07-30 18:13:23', '2018-07-30 18:13:23'),
(208, 'totam', 'Voluptas cum earum occaecati animi corrupti nesciunt molestias. Libero quibusdam temporibus dolorem.', 6, 'disponible', '1.jpg', 819, '2018-07-30 18:13:23', '2018-07-30 18:13:23'),
(209, 'ut', 'Praesentium soluta quidem aut quia.', 10, 'no disponible', '2.jpg', 976, '2018-07-30 18:13:23', '2018-07-30 18:13:23'),
(210, 'officia', 'Eaque porro adipisci non in aperiam odit est. Harum nam pariatur aliquid ut ipsum.', 7, 'no disponible', '1.jpg', 22, '2018-07-30 18:13:23', '2018-07-30 18:13:23'),
(211, 'architecto', 'Voluptas optio aliquam ducimus cumque dolores. Harum animi eos nostrum dignissimos.', 2, 'disponible', '2.jpg', 974, '2018-07-30 18:13:23', '2018-07-30 18:13:23'),
(212, 'cumque', 'Omnis sit quaerat dicta et deleniti quo eveniet.', 9, 'no disponible', '1.jpg', 8, '2018-07-30 18:13:23', '2018-07-30 18:13:23'),
(213, 'voluptatum', 'Laborum aut suscipit ut hic. Et porro laudantium aut et perspiciatis.', 4, 'no disponible', '1.jpg', 403, '2018-07-30 18:13:23', '2018-07-30 18:13:23'),
(214, 'est', 'Quis earum sed quo. Et totam est similique iusto officiis aspernatur quo.', 8, 'disponible', '2.jpg', 737, '2018-07-30 18:13:23', '2018-07-30 18:13:23'),
(215, 'sapiente', 'Qui officia sapiente ipsa. Quae voluptatibus officia voluptatem rerum dolor ut.', 5, 'no disponible', '1.jpg', 225, '2018-07-30 18:13:23', '2018-07-30 18:13:23'),
(216, 'in', 'Est est consequuntur minima id consequuntur distinctio. Iusto dicta maxime animi dolore quis blanditiis voluptatem ea.', 2, 'disponible', '1.jpg', 784, '2018-07-30 18:13:23', '2018-07-30 18:13:23'),
(217, 'eligendi', 'Aut dolorem pariatur animi quis inventore rerum amet. Aut error molestiae et voluptatem doloribus eum qui sed.', 5, 'disponible', '1.jpg', 948, '2018-07-30 18:13:23', '2018-07-30 18:13:23'),
(218, 'aut', 'Vel quas perferendis dignissimos optio officia sunt voluptatem libero. Iure perspiciatis aspernatur distinctio nam ut.', 9, 'disponible', '1.jpg', 603, '2018-07-30 18:13:23', '2018-07-30 18:13:23'),
(219, 'illo', 'Placeat soluta qui excepturi architecto.', 2, 'no disponible', '2.jpg', 7, '2018-07-30 18:13:23', '2018-07-30 18:13:23'),
(220, 'et', 'Minus ratione dolores corporis impedit doloremque magni quis.', 10, 'no disponible', '1.jpg', 466, '2018-07-30 18:13:23', '2018-07-30 18:13:23'),
(221, 'magni', 'Voluptatem nesciunt ea perferendis saepe ipsum. Hic voluptatem sequi incidunt commodi molestiae.', 9, 'disponible', '1.jpg', 20, '2018-07-30 18:13:23', '2018-07-30 18:13:23'),
(222, 'et', 'Sunt ut et veritatis et deleniti omnis voluptas. Voluptatem aut id quis sint.', 7, 'disponible', '2.jpg', 645, '2018-07-30 18:13:23', '2018-07-30 18:13:23'),
(223, 'pariatur', 'Consequuntur eum vel aut.', 1, 'disponible', '2.jpg', 100, '2018-07-30 18:13:23', '2018-07-30 18:13:23'),
(224, 'quisquam', 'Architecto nemo blanditiis et et.', 6, 'no disponible', '2.jpg', 403, '2018-07-30 18:13:23', '2018-07-30 18:13:23'),
(225, 'sunt', 'Natus voluptas et iusto neque quibusdam aut qui.', 2, 'no disponible', '2.jpg', 80, '2018-07-30 18:13:23', '2018-07-30 18:13:23'),
(226, 'repudiandae', 'Est est neque omnis et doloribus.', 10, 'disponible', '1.jpg', 673, '2018-07-30 18:13:23', '2018-07-30 18:13:23'),
(227, 'et', 'Pariatur molestias molestiae ut minus id. Accusamus sit quae nihil reprehenderit delectus et.', 6, 'disponible', '1.jpg', 552, '2018-07-30 18:13:24', '2018-07-30 18:13:24'),
(228, 'dolorum', 'Et doloribus ipsam officiis sit sed saepe.', 10, 'no disponible', '1.jpg', 33, '2018-07-30 18:13:24', '2018-07-30 18:13:24'),
(229, 'ducimus', 'Voluptatibus ut voluptate est omnis dolor numquam aliquam quia. Vel accusantium est expedita.', 5, 'disponible', '1.jpg', 686, '2018-07-30 18:13:24', '2018-07-30 18:13:24'),
(230, 'aut', 'Magni error vel culpa pariatur est veniam tempora nulla.', 2, 'disponible', '1.jpg', 746, '2018-07-30 18:13:24', '2018-07-30 18:13:24'),
(231, 'necessitatibus', 'Et asperiores id aliquam voluptates. Aut at aut cum dolor.', 10, 'no disponible', '2.jpg', 413, '2018-07-30 18:13:24', '2018-07-30 18:13:24'),
(232, 'assumenda', 'Ratione quia temporibus incidunt sed. Aut et laudantium eius modi non doloribus.', 10, 'no disponible', '2.jpg', 577, '2018-07-30 18:13:24', '2018-07-30 18:13:24'),
(233, 'aut', 'Sunt eum nihil et ipsum neque aut ea. Sunt eius quia et repudiandae ut accusantium.', 1, 'disponible', '1.jpg', 167, '2018-07-30 18:13:24', '2018-07-30 18:13:24'),
(234, 'molestiae', 'Molestiae quidem itaque modi consectetur consequatur.', 4, 'disponible', '1.jpg', 61, '2018-07-30 18:13:24', '2018-07-30 18:13:24'),
(235, 'similique', 'Repellendus quibusdam magni harum. Consectetur qui et aperiam a saepe et.', 9, 'disponible', '2.jpg', 724, '2018-07-30 18:13:24', '2018-07-30 18:13:24'),
(236, 'omnis', 'Adipisci optio voluptas quaerat quibusdam repellendus aut.', 8, 'disponible', '2.jpg', 706, '2018-07-30 18:13:24', '2018-07-30 18:13:24'),
(237, 'omnis', 'Maxime dignissimos pariatur labore nisi. Quia voluptatem molestias assumenda laborum deserunt.', 5, 'no disponible', '1.jpg', 898, '2018-07-30 18:13:24', '2018-07-30 18:13:24'),
(238, 'iste', 'Et facere voluptas corrupti saepe autem ducimus.', 2, 'disponible', '2.jpg', 223, '2018-07-30 18:13:24', '2018-07-30 18:13:24'),
(239, 'accusamus', 'Voluptates esse ut voluptatem voluptatem et.', 8, 'no disponible', '2.jpg', 225, '2018-07-30 18:13:24', '2018-07-30 18:13:24'),
(240, 'ipsam', 'Eligendi excepturi id ipsa consequatur autem nostrum.', 10, 'disponible', '2.jpg', 350, '2018-07-30 18:13:24', '2018-07-30 18:13:24'),
(241, 'natus', 'Iste ut iure possimus saepe tenetur.', 5, 'no disponible', '2.jpg', 184, '2018-07-30 18:13:24', '2018-07-30 18:13:24'),
(242, 'tempora', 'Nostrum et temporibus voluptates.', 8, 'no disponible', '1.jpg', 568, '2018-07-30 18:13:24', '2018-07-30 18:13:24'),
(243, 'nesciunt', 'Recusandae cumque sit repellendus iusto porro.', 1, 'no disponible', '2.jpg', 225, '2018-07-30 18:13:24', '2018-07-30 18:13:24'),
(244, 'maiores', 'Commodi mollitia voluptatem quas molestiae dolorem iusto.', 2, 'disponible', '1.jpg', 829, '2018-07-30 18:13:24', '2018-07-30 18:13:24'),
(245, 'omnis', 'Quae voluptatem ab modi labore quod magni. Ut magni aut corrupti inventore tenetur est.', 7, 'disponible', '1.jpg', 966, '2018-07-30 18:13:24', '2018-07-30 18:13:24'),
(246, 'velit', 'Dolorum consequatur et excepturi. Quaerat porro minima perspiciatis rerum iste.', 1, 'disponible', '1.jpg', 295, '2018-07-30 18:13:24', '2018-07-30 18:13:24'),
(247, 'rerum', 'Amet asperiores aut voluptatem labore et ut excepturi doloribus.', 9, 'disponible', '1.jpg', 549, '2018-07-30 18:13:24', '2018-07-30 18:13:24'),
(248, 'quaerat', 'Voluptatem tempora quia error aut quia sit natus veritatis. Quia et et eius ut consequatur.', 4, 'disponible', '2.jpg', 127, '2018-07-30 18:13:24', '2018-07-30 18:13:24'),
(249, 'et', 'Pariatur omnis et aspernatur eveniet est. Repellendus qui accusantium in libero.', 1, 'no disponible', '2.jpg', 29, '2018-07-30 18:13:24', '2018-07-30 18:13:24'),
(250, 'qui', 'Nesciunt impedit repellat et repudiandae est libero. Ut et sint sit ullam error est.', 8, 'disponible', '2.jpg', 667, '2018-07-30 18:13:24', '2018-07-30 18:13:24'),
(251, 'repellat', 'Corporis omnis ipsa quisquam sequi neque qui.', 5, 'disponible', '1.jpg', 456, '2018-07-30 18:13:24', '2018-07-30 18:13:24'),
(252, 'ut', 'Et repellendus ipsa enim impedit.', 2, 'disponible', '2.jpg', 461, '2018-07-30 18:13:25', '2018-07-30 18:13:25'),
(253, 'distinctio', 'Similique molestias a officiis quas consequatur. Provident occaecati vitae rerum et dolorum qui et.', 6, 'no disponible', '1.jpg', 385, '2018-07-30 18:13:25', '2018-07-30 18:13:25'),
(254, 'molestiae', 'Aut ut quia provident placeat unde distinctio quia qui. Enim dolor reprehenderit voluptatum nulla quia inventore.', 4, 'no disponible', '1.jpg', 588, '2018-07-30 18:13:25', '2018-07-30 18:13:25'),
(255, 'quia', 'Quo consequatur quos ut cumque incidunt incidunt quo vitae.', 4, 'no disponible', '2.jpg', 896, '2018-07-30 18:13:25', '2018-07-30 18:13:25'),
(256, 'et', 'Aperiam cum molestiae ipsam occaecati. Nulla excepturi quas vel est.', 8, 'no disponible', '1.jpg', 630, '2018-07-30 18:13:25', '2018-07-30 18:13:25'),
(257, 'fuga', 'Sed at voluptatem dolore fugiat molestias.', 10, 'disponible', '2.jpg', 989, '2018-07-30 18:13:25', '2018-07-30 18:13:25'),
(258, 'ea', 'Eaque eaque neque qui in sequi. Ea sit aliquam expedita aut voluptatem.', 5, 'disponible', '2.jpg', 844, '2018-07-30 18:13:25', '2018-07-30 18:13:25'),
(259, 'nisi', 'Consequatur error in temporibus animi quis aspernatur est vero. Ut optio quo ut pariatur aperiam officiis.', 4, 'disponible', '1.jpg', 127, '2018-07-30 18:13:25', '2018-07-30 18:13:25'),
(260, 'et', 'Sequi quae nemo tempora natus aspernatur rerum aperiam. Ea exercitationem et nulla enim accusamus et dolor.', 5, 'no disponible', '1.jpg', 383, '2018-07-30 18:13:25', '2018-07-30 18:13:25'),
(261, 'autem', 'Qui voluptate nam quis. Ipsum enim dolores non facere harum.', 5, 'no disponible', '2.jpg', 246, '2018-07-30 18:13:25', '2018-07-30 18:13:25'),
(262, 'sed', 'Delectus eum quis eum neque ut velit.', 3, 'no disponible', '2.jpg', 354, '2018-07-30 18:13:25', '2018-07-30 18:13:25'),
(263, 'eum', 'Aliquam animi nesciunt hic.', 8, 'no disponible', '2.jpg', 868, '2018-07-30 18:13:25', '2018-07-30 18:13:25'),
(264, 'eos', 'Accusantium repudiandae doloremque ut voluptatum provident ut.', 2, 'disponible', '1.jpg', 587, '2018-07-30 18:13:25', '2018-07-30 18:13:25'),
(265, 'quia', 'Praesentium ut numquam sit omnis.', 3, 'disponible', '2.jpg', 218, '2018-07-30 18:13:25', '2018-07-30 18:13:25'),
(266, 'sunt', 'Enim voluptatum repudiandae quaerat dicta. Ut magni qui dolor incidunt minima.', 1, 'no disponible', '1.jpg', 176, '2018-07-30 18:13:25', '2018-07-30 18:13:25'),
(267, 'perferendis', 'Iste dolorem accusamus illum reprehenderit in. Voluptates veritatis optio officia aperiam.', 5, 'disponible', '1.jpg', 163, '2018-07-30 18:13:25', '2018-07-30 18:13:25'),
(268, 'est', 'Quaerat eveniet nostrum eligendi deserunt natus nostrum cupiditate.', 6, 'disponible', '2.jpg', 73, '2018-07-30 18:13:25', '2018-07-30 18:13:25'),
(269, 'ut', 'Voluptatem eos ea velit maiores laudantium officiis. Consequatur eius numquam et et consectetur dolores voluptates.', 4, 'no disponible', '2.jpg', 502, '2018-07-30 18:13:25', '2018-07-30 18:13:25'),
(270, 'tempora', 'Enim non qui voluptatem iure omnis totam consequuntur. Qui voluptate dolores voluptatibus corrupti.', 3, 'disponible', '2.jpg', 693, '2018-07-30 18:13:25', '2018-07-30 18:13:25'),
(271, 'ipsum', 'Illo non quia vitae est.', 6, 'disponible', '2.jpg', 803, '2018-07-30 18:13:25', '2018-07-30 18:13:25'),
(272, 'asperiores', 'Unde accusamus aut nesciunt. Consectetur facilis optio odio hic quos.', 10, 'disponible', '2.jpg', 849, '2018-07-30 18:13:25', '2018-07-30 18:13:25'),
(273, 'neque', 'Voluptas officiis doloremque iste consequuntur. Ipsam veniam voluptates nobis est odit aut.', 8, 'no disponible', '1.jpg', 112, '2018-07-30 18:13:25', '2018-07-30 18:13:25'),
(274, 'aut', 'Et dicta adipisci quo voluptatibus.', 7, 'disponible', '1.jpg', 253, '2018-07-30 18:13:25', '2018-07-30 18:13:25'),
(275, 'assumenda', 'Sit commodi nam vitae ratione et qui est. Ipsum et et est.', 4, 'no disponible', '1.jpg', 271, '2018-07-30 18:13:25', '2018-07-30 18:13:25'),
(276, 'itaque', 'Veritatis enim officiis alias placeat id aliquid dolore. Aut ipsum rerum tempora ea.', 9, 'disponible', '2.jpg', 90, '2018-07-30 18:13:25', '2018-07-30 18:13:25'),
(277, 'dignissimos', 'Explicabo dignissimos labore laborum voluptas. Vel ipsam optio deserunt qui ut consequuntur qui.', 6, 'no disponible', '1.jpg', 410, '2018-07-30 18:13:25', '2018-07-30 18:13:25'),
(278, 'earum', 'Vel odio optio odio aut delectus id sunt voluptas.', 3, 'no disponible', '1.jpg', 8, '2018-07-30 18:13:25', '2018-07-30 18:13:25'),
(279, 'non', 'Tempora sunt provident molestiae omnis ut.', 3, 'no disponible', '1.jpg', 899, '2018-07-30 18:13:25', '2018-07-30 18:13:25'),
(280, 'similique', 'Voluptatem suscipit nostrum eaque nisi eveniet perferendis autem similique. Soluta quos veniam eligendi.', 8, 'disponible', '1.jpg', 423, '2018-07-30 18:13:25', '2018-07-30 18:13:25'),
(281, 'ipsa', 'Dolorem quisquam neque nisi sunt. Nostrum expedita enim ut doloremque voluptate repellendus sit.', 9, 'disponible', '1.jpg', 765, '2018-07-30 18:13:25', '2018-07-30 18:13:25'),
(282, 'velit', 'Aut aliquid quis quisquam sint id et.', 2, 'disponible', '1.jpg', 461, '2018-07-30 18:13:25', '2018-07-30 18:13:25'),
(283, 'beatae', 'Vel rerum iure sed qui eveniet atque excepturi. Cumque dignissimos nemo facere et doloremque et.', 3, 'no disponible', '2.jpg', 10, '2018-07-30 18:13:25', '2018-07-30 18:13:25'),
(284, 'animi', 'Unde debitis aliquid qui nobis iste et ex expedita. Dolores inventore iure quis.', 8, 'disponible', '1.jpg', 948, '2018-07-30 18:13:25', '2018-07-30 18:13:25'),
(285, 'vero', 'Quidem eaque qui voluptates enim eius excepturi. Libero eos quam veniam consequatur.', 9, 'disponible', '2.jpg', 572, '2018-07-30 18:13:26', '2018-07-30 18:13:26'),
(286, 'nihil', 'Vel at quibusdam harum aut perspiciatis autem reprehenderit.', 6, 'no disponible', '1.jpg', 303, '2018-07-30 18:13:26', '2018-07-30 18:13:26'),
(287, 'eos', 'Voluptatibus eveniet et commodi esse animi commodi qui rem.', 8, 'disponible', '1.jpg', 451, '2018-07-30 18:13:26', '2018-07-30 18:13:26'),
(288, 'adipisci', 'Voluptates cum laudantium ipsum nobis.', 3, 'no disponible', '2.jpg', 845, '2018-07-30 18:13:26', '2018-07-30 18:13:26'),
(289, 'eum', 'Vitae consequatur dolorum quibusdam excepturi enim aut inventore. Delectus eum quo alias non sapiente dolorem aut.', 7, 'disponible', '1.jpg', 744, '2018-07-30 18:13:26', '2018-07-30 18:13:26'),
(290, 'animi', 'In omnis quae ut voluptatem magni.', 3, 'no disponible', '2.jpg', 192, '2018-07-30 18:13:26', '2018-07-30 18:13:26'),
(291, 'numquam', 'Vel aut cumque maiores dolorum beatae.', 2, 'disponible', '1.jpg', 463, '2018-07-30 18:13:26', '2018-07-30 18:13:26'),
(292, 'ut', 'Atque ut aliquam asperiores amet. Animi consequatur blanditiis dolore repudiandae similique ex corrupti.', 10, 'no disponible', '1.jpg', 721, '2018-07-30 18:13:26', '2018-07-30 18:13:26'),
(293, 'repellendus', 'Voluptas labore eveniet aut omnis enim voluptatem est. Et voluptates vitae aut sed.', 2, 'disponible', '2.jpg', 514, '2018-07-30 18:13:26', '2018-07-30 18:13:26'),
(294, 'velit', 'Maxime tenetur illum quam perferendis consequatur.', 1, 'no disponible', '1.jpg', 776, '2018-07-30 18:13:26', '2018-07-30 18:13:26'),
(295, 'recusandae', 'Rerum nobis ratione numquam et recusandae. Consequatur eos modi aut qui.', 7, 'no disponible', '2.jpg', 838, '2018-07-30 18:13:26', '2018-07-30 18:13:26'),
(296, 'dolore', 'Debitis quod aperiam assumenda deserunt temporibus minus est. Ut incidunt aut sed atque itaque quod.', 2, 'no disponible', '1.jpg', 581, '2018-07-30 18:13:26', '2018-07-30 18:13:26'),
(297, 'reiciendis', 'Sunt eum eos saepe repellendus inventore.', 5, 'disponible', '1.jpg', 403, '2018-07-30 18:13:26', '2018-07-30 18:13:26'),
(298, 'tenetur', 'Maiores fuga deserunt error dolorem.', 7, 'disponible', '1.jpg', 319, '2018-07-30 18:13:26', '2018-07-30 18:13:26'),
(299, 'commodi', 'Aut sit esse quasi.', 7, 'no disponible', '2.jpg', 146, '2018-07-30 18:13:26', '2018-07-30 18:13:26'),
(300, 'laborum', 'Quia aut cupiditate excepturi reprehenderit illo ex et. Quia libero perspiciatis earum velit quos sint.', 9, 'disponible', '1.jpg', 231, '2018-07-30 18:13:26', '2018-07-30 18:13:26'),
(301, 'aperiam', 'Inventore aut praesentium expedita modi odio.', 3, 'no disponible', '1.jpg', 618, '2018-07-30 18:13:26', '2018-07-30 18:13:26'),
(302, 'ratione', 'Ducimus tenetur facere id sit odit vero voluptates.', 9, 'no disponible', '2.jpg', 971, '2018-07-30 18:13:26', '2018-07-30 18:13:26'),
(303, 'aut', 'Dicta soluta facere architecto molestias et.', 3, 'no disponible', '1.jpg', 486, '2018-07-30 18:13:26', '2018-07-30 18:13:26'),
(304, 'totam', 'Non aspernatur quis fugit magnam. Blanditiis sed eveniet sunt quia delectus quia dolores.', 2, 'no disponible', '1.jpg', 859, '2018-07-30 18:13:26', '2018-07-30 18:13:26');
INSERT INTO `products` (`id`, `name`, `description`, `quantity`, `estatus`, `image`, `seller_id`, `created_at`, `updated_at`) VALUES
(305, 'maiores', 'Voluptatem perspiciatis dolores et maxime explicabo.', 7, 'no disponible', '2.jpg', 151, '2018-07-30 18:13:26', '2018-07-30 18:13:26'),
(306, 'doloribus', 'Qui accusamus molestiae qui consequatur quibusdam. Esse qui voluptatum numquam est qui qui delectus.', 3, 'disponible', '1.jpg', 962, '2018-07-30 18:13:26', '2018-07-30 18:13:26'),
(307, 'in', 'Aperiam optio excepturi deserunt aut blanditiis autem. Autem eius nam minima dolore quos laudantium.', 4, 'disponible', '1.jpg', 160, '2018-07-30 18:13:26', '2018-07-30 18:13:26'),
(308, 'optio', 'Et quia voluptatem reiciendis.', 5, 'no disponible', '2.jpg', 145, '2018-07-30 18:13:27', '2018-07-30 18:13:27'),
(309, 'fugiat', 'Ratione est est impedit similique rerum. Culpa numquam consequuntur cumque.', 6, 'disponible', '2.jpg', 303, '2018-07-30 18:13:27', '2018-07-30 18:13:27'),
(310, 'placeat', 'Minima dicta enim deleniti enim vel. Occaecati doloremque omnis est adipisci dolorem.', 2, 'no disponible', '2.jpg', 810, '2018-07-30 18:13:27', '2018-07-30 18:13:27'),
(311, 'dicta', 'Ut explicabo recusandae incidunt. Fuga amet recusandae aliquid sed et explicabo harum vero.', 1, 'disponible', '2.jpg', 740, '2018-07-30 18:13:27', '2018-07-30 18:13:27'),
(312, 'quos', 'Ut ut consequatur illum ut unde omnis est harum.', 1, 'disponible', '2.jpg', 347, '2018-07-30 18:13:27', '2018-07-30 18:13:27'),
(313, 'sunt', 'Non eveniet facilis harum cum qui id deserunt.', 4, 'no disponible', '1.jpg', 495, '2018-07-30 18:13:27', '2018-07-30 18:13:27'),
(314, 'qui', 'Laboriosam voluptate quisquam ut mollitia tempore quisquam. Nam architecto unde repellendus quos inventore.', 5, 'no disponible', '1.jpg', 952, '2018-07-30 18:13:27', '2018-07-30 18:13:27'),
(315, 'ad', 'Et aliquid consequuntur dolorem ut itaque.', 10, 'disponible', '1.jpg', 300, '2018-07-30 18:13:27', '2018-07-30 18:13:27'),
(316, 'totam', 'Molestiae inventore aut iure non aspernatur nostrum quod exercitationem.', 1, 'no disponible', '2.jpg', 931, '2018-07-30 18:13:27', '2018-07-30 18:13:27'),
(317, 'perferendis', 'Sed nihil ab nam sequi. Officia quas quidem optio minima rerum.', 5, 'disponible', '2.jpg', 550, '2018-07-30 18:13:27', '2018-07-30 18:13:27'),
(318, 'fuga', 'Sint sunt iure omnis atque voluptatem molestiae. Quos quo dolor quia odit adipisci tempore.', 2, 'disponible', '2.jpg', 915, '2018-07-30 18:13:27', '2018-07-30 18:13:27'),
(319, 'quasi', 'Quo quisquam et ut magnam. Omnis et quae voluptatem harum ut dolor.', 5, 'disponible', '2.jpg', 692, '2018-07-30 18:13:27', '2018-07-30 18:13:27'),
(320, 'vel', 'Sed accusantium provident vel veniam minus dolor.', 2, 'disponible', '1.jpg', 978, '2018-07-30 18:13:27', '2018-07-30 18:13:27'),
(321, 'deleniti', 'Quia aut ex quas hic.', 8, 'no disponible', '1.jpg', 640, '2018-07-30 18:13:27', '2018-07-30 18:13:27'),
(322, 'quia', 'Nisi optio iure temporibus.', 3, 'disponible', '2.jpg', 101, '2018-07-30 18:13:27', '2018-07-30 18:13:27'),
(323, 'molestiae', 'Et neque vel numquam est eaque optio.', 6, 'no disponible', '1.jpg', 829, '2018-07-30 18:13:27', '2018-07-30 18:13:27'),
(324, 'qui', 'Dolorum sint est debitis amet omnis aut. Vel facere earum sed molestiae magnam facere veniam.', 2, 'no disponible', '1.jpg', 900, '2018-07-30 18:13:27', '2018-07-30 18:13:27'),
(325, 'vel', 'Repellat doloribus nemo aut. Quisquam natus amet esse est quisquam.', 4, 'no disponible', '1.jpg', 268, '2018-07-30 18:13:27', '2018-07-30 18:13:27'),
(326, 'laudantium', 'Magni error animi aut libero. Repellendus accusamus veritatis qui expedita quae.', 9, 'disponible', '1.jpg', 882, '2018-07-30 18:13:27', '2018-07-30 18:13:27'),
(327, 'itaque', 'Omnis officia nulla non perspiciatis.', 8, 'disponible', '2.jpg', 123, '2018-07-30 18:13:27', '2018-07-30 18:13:27'),
(328, 'voluptas', 'Sit ut sunt est.', 1, 'no disponible', '1.jpg', 658, '2018-07-30 18:13:27', '2018-07-30 18:13:27'),
(329, 'aspernatur', 'Error itaque consequatur iure autem blanditiis. Natus est libero ratione enim.', 1, 'no disponible', '1.jpg', 290, '2018-07-30 18:13:27', '2018-07-30 18:13:27'),
(330, 'laudantium', 'Incidunt sunt consequatur optio. Voluptas eos voluptas quaerat veritatis ipsa.', 8, 'no disponible', '1.jpg', 641, '2018-07-30 18:13:27', '2018-07-30 18:13:27'),
(331, 'animi', 'Unde minima eum sapiente totam adipisci sed.', 9, 'disponible', '1.jpg', 193, '2018-07-30 18:13:27', '2018-07-30 18:13:27'),
(332, 'ducimus', 'Et voluptatem quos beatae harum.', 2, 'no disponible', '1.jpg', 679, '2018-07-30 18:13:27', '2018-07-30 18:13:27'),
(333, 'qui', 'Ipsa temporibus blanditiis vel rerum optio repellat.', 2, 'disponible', '2.jpg', 392, '2018-07-30 18:13:27', '2018-07-30 18:13:27'),
(334, 'rem', 'Corporis qui aut temporibus et molestiae.', 2, 'disponible', '1.jpg', 427, '2018-07-30 18:13:27', '2018-07-30 18:13:27'),
(335, 'ipsum', 'Illum quia commodi illum deserunt. Delectus laboriosam expedita est rerum cum porro dolorem.', 2, 'disponible', '2.jpg', 201, '2018-07-30 18:13:27', '2018-07-30 18:13:27'),
(336, 'minus', 'Dolorem qui eum est. Qui incidunt voluptatibus sapiente similique.', 8, 'disponible', '2.jpg', 921, '2018-07-30 18:13:27', '2018-07-30 18:13:27'),
(337, 'sit', 'Non odit ad nobis ut in.', 4, 'disponible', '2.jpg', 506, '2018-07-30 18:13:27', '2018-07-30 18:13:27'),
(338, 'est', 'Facere eaque ullam ab sit doloremque.', 4, 'disponible', '1.jpg', 71, '2018-07-30 18:13:27', '2018-07-30 18:13:27'),
(339, 'vel', 'Rerum maxime at quam sed assumenda at.', 2, 'disponible', '1.jpg', 899, '2018-07-30 18:13:28', '2018-07-30 18:13:28'),
(340, 'quasi', 'Voluptatem architecto architecto voluptate. Quo provident ut hic suscipit odio fuga.', 10, 'disponible', '1.jpg', 761, '2018-07-30 18:13:28', '2018-07-30 18:13:28'),
(341, 'enim', 'Velit cupiditate exercitationem ut inventore optio laudantium.', 10, 'disponible', '2.jpg', 219, '2018-07-30 18:13:28', '2018-07-30 18:13:28'),
(342, 'voluptatum', 'Porro quaerat ipsa consectetur sit vel possimus delectus.', 8, 'disponible', '2.jpg', 259, '2018-07-30 18:13:28', '2018-07-30 18:13:28'),
(343, 'beatae', 'Similique consectetur accusamus et nisi sint.', 6, 'no disponible', '2.jpg', 260, '2018-07-30 18:13:28', '2018-07-30 18:13:28'),
(344, 'nesciunt', 'Amet ab ut cum suscipit vel corrupti. Atque facilis autem sed corrupti eveniet.', 5, 'disponible', '1.jpg', 862, '2018-07-30 18:13:28', '2018-07-30 18:13:28'),
(345, 'omnis', 'Quibusdam iusto voluptatum quia.', 1, 'no disponible', '2.jpg', 828, '2018-07-30 18:13:28', '2018-07-30 18:13:28'),
(346, 'explicabo', 'Rerum odio est accusantium assumenda. Est architecto incidunt cumque.', 9, 'disponible', '2.jpg', 733, '2018-07-30 18:13:28', '2018-07-30 18:13:28'),
(347, 'deserunt', 'Velit dolor qui maxime quia.', 3, 'disponible', '2.jpg', 545, '2018-07-30 18:13:28', '2018-07-30 18:13:28'),
(348, 'laudantium', 'Impedit dolores deserunt consequuntur mollitia debitis.', 3, 'no disponible', '1.jpg', 875, '2018-07-30 18:13:28', '2018-07-30 18:13:28'),
(349, 'veniam', 'Doloribus facere quae in deserunt exercitationem qui. Labore dolores enim occaecati modi maiores.', 5, 'disponible', '1.jpg', 426, '2018-07-30 18:13:28', '2018-07-30 18:13:28'),
(350, 'dicta', 'Quisquam rerum facere enim qui vitae accusantium quas. Voluptates minima quae quia dolores.', 3, 'disponible', '1.jpg', 519, '2018-07-30 18:13:28', '2018-07-30 18:13:28'),
(351, 'et', 'Minus debitis officia possimus ea occaecati omnis.', 9, 'disponible', '1.jpg', 732, '2018-07-30 18:13:28', '2018-07-30 18:13:28'),
(352, 'repellendus', 'Aut dolores voluptatem aliquid reprehenderit culpa sunt.', 5, 'disponible', '2.jpg', 203, '2018-07-30 18:13:28', '2018-07-30 18:13:28'),
(353, 'reiciendis', 'Laboriosam maxime fuga natus expedita quia. Est deleniti architecto recusandae et ullam.', 6, 'disponible', '1.jpg', 794, '2018-07-30 18:13:28', '2018-07-30 18:13:28'),
(354, 'sit', 'Et quia aut dolores et magni voluptatem. Quam recusandae earum tempora eveniet.', 10, 'no disponible', '2.jpg', 411, '2018-07-30 18:13:28', '2018-07-30 18:13:28'),
(355, 'quo', 'Molestias rem et maiores cum nesciunt aperiam vel. Magnam expedita sit voluptate voluptatem.', 2, 'disponible', '1.jpg', 849, '2018-07-30 18:13:28', '2018-07-30 18:13:28'),
(356, 'alias', 'Perferendis esse sint ut tenetur qui.', 9, 'disponible', '2.jpg', 642, '2018-07-30 18:13:28', '2018-07-30 18:13:28'),
(357, 'veritatis', 'Enim dolorem et excepturi omnis dicta. Labore vitae aut dolores suscipit.', 3, 'disponible', '2.jpg', 305, '2018-07-30 18:13:28', '2018-07-30 18:13:28'),
(358, 'dolores', 'In impedit architecto mollitia qui deserunt. Dolorem eos doloribus facere consequuntur.', 10, 'disponible', '1.jpg', 835, '2018-07-30 18:13:28', '2018-07-30 18:13:28'),
(359, 'sed', 'Quia eius eos voluptatum eligendi.', 3, 'disponible', '1.jpg', 9, '2018-07-30 18:13:28', '2018-07-30 18:13:28'),
(360, 'qui', 'Aspernatur ipsa minima aut eveniet velit ipsum quia.', 1, 'no disponible', '1.jpg', 108, '2018-07-30 18:13:28', '2018-07-30 18:13:28'),
(361, 'totam', 'Aut et voluptatem corporis id exercitationem quaerat. In repellat nisi suscipit.', 9, 'no disponible', '2.jpg', 149, '2018-07-30 18:13:28', '2018-07-30 18:13:28'),
(362, 'numquam', 'Accusantium illo ut labore dolorem quo culpa. Eveniet quae eveniet consectetur maiores aut omnis magni.', 7, 'disponible', '2.jpg', 24, '2018-07-30 18:13:28', '2018-07-30 18:13:28'),
(363, 'laboriosam', 'Quod fugiat nisi eum repellat saepe omnis sint.', 1, 'disponible', '2.jpg', 541, '2018-07-30 18:13:28', '2018-07-30 18:13:28'),
(364, 'vitae', 'Asperiores aut nihil fugiat deleniti voluptas. Ad reprehenderit omnis ab saepe.', 7, 'no disponible', '2.jpg', 80, '2018-07-30 18:13:28', '2018-07-30 18:13:28'),
(365, 'iste', 'Nemo iusto maiores doloremque nihil inventore odit.', 3, 'no disponible', '1.jpg', 378, '2018-07-30 18:13:28', '2018-07-30 18:13:28'),
(366, 'omnis', 'Est error suscipit voluptas aliquid ea autem repudiandae.', 7, 'no disponible', '2.jpg', 140, '2018-07-30 18:13:28', '2018-07-30 18:13:28'),
(367, 'quod', 'Natus laborum rerum praesentium cumque eveniet commodi nihil.', 3, 'no disponible', '1.jpg', 801, '2018-07-30 18:13:28', '2018-07-30 18:13:28'),
(368, 'deserunt', 'Autem sunt reiciendis saepe facere aut est.', 8, 'disponible', '1.jpg', 540, '2018-07-30 18:13:28', '2018-07-30 18:13:28'),
(369, 'esse', 'Architecto et dolor nihil ullam est. Nostrum eligendi accusamus cupiditate dolorem aliquid.', 3, 'no disponible', '2.jpg', 791, '2018-07-30 18:13:28', '2018-07-30 18:13:28'),
(370, 'aliquam', 'Quia rerum corporis aut voluptatem eos. Quia sed sint porro illo dolore.', 8, 'no disponible', '1.jpg', 149, '2018-07-30 18:13:28', '2018-07-30 18:13:28'),
(371, 'quaerat', 'Fuga quis molestiae commodi fuga voluptatem.', 1, 'no disponible', '2.jpg', 214, '2018-07-30 18:13:29', '2018-07-30 18:13:29'),
(372, 'qui', 'Quidem ut magnam voluptatum nemo quis corporis molestiae sunt.', 2, 'no disponible', '2.jpg', 365, '2018-07-30 18:13:29', '2018-07-30 18:13:29'),
(373, 'ipsam', 'Vitae est sequi nisi dicta et earum quasi.', 9, 'no disponible', '2.jpg', 944, '2018-07-30 18:13:29', '2018-07-30 18:13:29'),
(374, 'animi', 'Necessitatibus ipsum et et eum maiores vel aliquid. Est beatae et tenetur quaerat magnam libero cum.', 9, 'disponible', '1.jpg', 978, '2018-07-30 18:13:29', '2018-07-30 18:13:29'),
(375, 'quasi', 'Non modi dolor eius quibusdam sequi in nisi vitae.', 5, 'disponible', '2.jpg', 645, '2018-07-30 18:13:29', '2018-07-30 18:13:29'),
(376, 'laudantium', 'Sed reiciendis alias nisi. Quasi nihil est ducimus est quia rerum nemo.', 4, 'disponible', '1.jpg', 224, '2018-07-30 18:13:29', '2018-07-30 18:13:29'),
(377, 'accusamus', 'Id maxime non quibusdam qui rem qui. Perspiciatis ducimus commodi quia ea necessitatibus eveniet harum sunt.', 9, 'no disponible', '1.jpg', 844, '2018-07-30 18:13:29', '2018-07-30 18:13:29'),
(378, 'sunt', 'Est id aut veritatis magni illum. Quo impedit minima molestiae fugiat aut debitis autem et.', 5, 'disponible', '1.jpg', 928, '2018-07-30 18:13:29', '2018-07-30 18:13:29'),
(379, 'qui', 'Quo sit repellat numquam quia.', 5, 'no disponible', '1.jpg', 424, '2018-07-30 18:13:29', '2018-07-30 18:13:29'),
(380, 'modi', 'Ipsum ex quia cupiditate dolores qui libero aut.', 5, 'disponible', '1.jpg', 125, '2018-07-30 18:13:29', '2018-07-30 18:13:29'),
(381, 'consequatur', 'Tenetur unde eum magnam est. Maiores voluptas modi ut adipisci.', 7, 'no disponible', '1.jpg', 697, '2018-07-30 18:13:29', '2018-07-30 18:13:29'),
(382, 'impedit', 'Consectetur est dolorem temporibus est porro molestiae vitae.', 4, 'no disponible', '1.jpg', 494, '2018-07-30 18:13:29', '2018-07-30 18:13:29'),
(383, 'recusandae', 'Vel et provident adipisci molestiae maxime.', 4, 'no disponible', '2.jpg', 414, '2018-07-30 18:13:29', '2018-07-30 18:13:29'),
(384, 'praesentium', 'Est possimus non voluptate.', 3, 'no disponible', '1.jpg', 829, '2018-07-30 18:13:29', '2018-07-30 18:13:29'),
(385, 'quibusdam', 'Debitis occaecati consequatur vero dolor sequi aut harum ut.', 6, 'no disponible', '2.jpg', 927, '2018-07-30 18:13:29', '2018-07-30 18:13:29'),
(386, 'possimus', 'Voluptas ut facilis recusandae.', 2, 'no disponible', '2.jpg', 518, '2018-07-30 18:13:29', '2018-07-30 18:13:29'),
(387, 'molestiae', 'Iusto ad fugit vel ut quos suscipit est.', 10, 'disponible', '1.jpg', 268, '2018-07-30 18:13:29', '2018-07-30 18:13:29'),
(388, 'in', 'Dolor ea consequuntur ut inventore libero. Eum ad rerum enim consequatur quia natus consequatur.', 1, 'disponible', '1.jpg', 36, '2018-07-30 18:13:29', '2018-07-30 18:13:29'),
(389, 'quas', 'Sit non pariatur et omnis. Accusantium aliquam ipsam est ipsum.', 2, 'disponible', '1.jpg', 917, '2018-07-30 18:13:29', '2018-07-30 18:13:29'),
(390, 'molestiae', 'Atque libero nobis dolorem. Reiciendis vel dignissimos ab porro error accusantium.', 7, 'no disponible', '2.jpg', 437, '2018-07-30 18:13:29', '2018-07-30 18:13:29'),
(391, 'officia', 'Enim ex et et odit iure.', 6, 'no disponible', '1.jpg', 688, '2018-07-30 18:13:29', '2018-07-30 18:13:29'),
(392, 'sed', 'Nesciunt eum praesentium eos et reprehenderit. Ratione repudiandae est voluptates quidem.', 8, 'no disponible', '2.jpg', 745, '2018-07-30 18:13:29', '2018-07-30 18:13:29'),
(393, 'reiciendis', 'Deserunt ex sint voluptatem vero.', 6, 'no disponible', '2.jpg', 334, '2018-07-30 18:13:29', '2018-07-30 18:13:29'),
(394, 'inventore', 'Explicabo ut architecto inventore rerum dolorem in ab voluptate.', 10, 'no disponible', '2.jpg', 904, '2018-07-30 18:13:29', '2018-07-30 18:13:29'),
(395, 'ut', 'Sint aspernatur voluptas rem beatae est.', 7, 'no disponible', '2.jpg', 438, '2018-07-30 18:13:29', '2018-07-30 18:13:29'),
(396, 'voluptatem', 'Odio nostrum sed eius aliquid natus.', 7, 'no disponible', '1.jpg', 464, '2018-07-30 18:13:29', '2018-07-30 18:13:29'),
(397, 'ullam', 'Voluptate aspernatur et deleniti expedita animi error. Esse iusto saepe molestias velit magni perferendis.', 10, 'disponible', '2.jpg', 37, '2018-07-30 18:13:29', '2018-07-30 18:13:29'),
(398, 'quia', 'Doloribus omnis consequatur blanditiis est qui tenetur. Dicta dolores dolores aperiam rerum nihil et necessitatibus asperiores.', 7, 'disponible', '1.jpg', 326, '2018-07-30 18:13:30', '2018-07-30 18:13:30'),
(399, 'quam', 'Ab dicta qui quasi sed nisi doloribus perferendis molestias. Nulla expedita voluptas nihil sint id modi.', 10, 'disponible', '1.jpg', 939, '2018-07-30 18:13:30', '2018-07-30 18:13:30'),
(400, 'accusamus', 'Odit occaecati voluptate ex ipsam facere.', 6, 'disponible', '1.jpg', 13, '2018-07-30 18:13:30', '2018-07-30 18:13:30'),
(401, 'ut', 'Quia ad tempore consectetur. Porro exercitationem provident nam veniam.', 3, 'no disponible', '1.jpg', 77, '2018-07-30 18:13:30', '2018-07-30 18:13:30'),
(402, 'ipsum', 'Quos et enim quae aut molestiae fugiat provident.', 5, 'disponible', '1.jpg', 982, '2018-07-30 18:13:30', '2018-07-30 18:13:30'),
(403, 'exercitationem', 'Amet quod architecto vero soluta voluptatem.', 7, 'no disponible', '2.jpg', 610, '2018-07-30 18:13:30', '2018-07-30 18:13:30'),
(404, 'inventore', 'Temporibus qui molestias vitae sed tempore natus. Exercitationem eius libero totam quia facere.', 9, 'disponible', '2.jpg', 252, '2018-07-30 18:13:30', '2018-07-30 18:13:30'),
(405, 'soluta', 'Sed pariatur minima velit minima.', 5, 'disponible', '1.jpg', 730, '2018-07-30 18:13:30', '2018-07-30 18:13:30'),
(406, 'repudiandae', 'Et aliquid aliquid laboriosam saepe quam iure magni.', 4, 'disponible', '2.jpg', 741, '2018-07-30 18:13:30', '2018-07-30 18:13:30'),
(407, 'dolor', 'Voluptas et ratione molestiae dicta nihil placeat.', 4, 'no disponible', '1.jpg', 589, '2018-07-30 18:13:30', '2018-07-30 18:13:30'),
(408, 'dicta', 'Libero non et in suscipit omnis quas magnam. Consequatur eum minima expedita esse.', 1, 'disponible', '1.jpg', 775, '2018-07-30 18:13:30', '2018-07-30 18:13:30'),
(409, 'commodi', 'Occaecati sed ullam quos in.', 8, 'disponible', '1.jpg', 637, '2018-07-30 18:13:30', '2018-07-30 18:13:30'),
(410, 'cupiditate', 'Porro neque quia qui sed dolorem. Exercitationem vitae illum possimus tempore rem.', 10, 'disponible', '1.jpg', 440, '2018-07-30 18:13:30', '2018-07-30 18:13:30'),
(411, 'maxime', 'Optio quia nostrum autem. Sit harum necessitatibus repellat ratione.', 10, 'disponible', '2.jpg', 121, '2018-07-30 18:13:30', '2018-07-30 18:13:30'),
(412, 'omnis', 'Tempora enim laboriosam culpa voluptatum.', 4, 'no disponible', '1.jpg', 603, '2018-07-30 18:13:30', '2018-07-30 18:13:30'),
(413, 'consequatur', 'Veniam et iste officia laboriosam aut repudiandae dolorum. Consequatur omnis minus ea unde odio soluta officia et.', 4, 'disponible', '2.jpg', 391, '2018-07-30 18:13:30', '2018-07-30 18:13:30'),
(414, 'dolores', 'Optio voluptatem quis in rerum. Reprehenderit ullam est facilis minus error consequatur quisquam ab.', 6, 'disponible', '1.jpg', 413, '2018-07-30 18:13:30', '2018-07-30 18:13:30'),
(415, 'ut', 'Assumenda laborum sequi qui ea. Distinctio debitis ut quasi suscipit est eum aut.', 9, 'disponible', '2.jpg', 463, '2018-07-30 18:13:30', '2018-07-30 18:13:30'),
(416, 'iure', 'Modi maiores ab dolorum doloribus.', 4, 'no disponible', '2.jpg', 212, '2018-07-30 18:13:30', '2018-07-30 18:13:30'),
(417, 'soluta', 'Id commodi modi odio. Nemo neque autem eaque numquam aut.', 4, 'no disponible', '2.jpg', 707, '2018-07-30 18:13:30', '2018-07-30 18:13:30'),
(418, 'voluptas', 'Ad molestiae veritatis ut odit.', 10, 'disponible', '1.jpg', 222, '2018-07-30 18:13:30', '2018-07-30 18:13:30'),
(419, 'quibusdam', 'Quis impedit numquam perspiciatis aliquid voluptas. Et quo quia sint magni sit voluptas.', 8, 'disponible', '1.jpg', 536, '2018-07-30 18:13:30', '2018-07-30 18:13:30'),
(420, 'et', 'Omnis nulla aut corrupti dicta.', 2, 'disponible', '1.jpg', 512, '2018-07-30 18:13:30', '2018-07-30 18:13:30'),
(421, 'nulla', 'Ut odio qui voluptates neque assumenda blanditiis itaque laudantium.', 1, 'no disponible', '2.jpg', 177, '2018-07-30 18:13:30', '2018-07-30 18:13:30'),
(422, 'aut', 'Nisi sint optio quas aut quas alias voluptatem repudiandae. Non dolorem odio nisi dolores.', 3, 'no disponible', '1.jpg', 966, '2018-07-30 18:13:30', '2018-07-30 18:13:30'),
(423, 'nostrum', 'Voluptate blanditiis et voluptas libero omnis qui libero.', 5, 'no disponible', '2.jpg', 534, '2018-07-30 18:13:30', '2018-07-30 18:13:30'),
(424, 'tempora', 'Sit perferendis id et earum voluptas quod minus.', 8, 'disponible', '2.jpg', 646, '2018-07-30 18:13:30', '2018-07-30 18:13:30'),
(425, 'nemo', 'Commodi exercitationem illum non necessitatibus repudiandae provident.', 3, 'no disponible', '2.jpg', 283, '2018-07-30 18:13:30', '2018-07-30 18:13:30'),
(426, 'et', 'Ipsam in excepturi esse vel est. Et quod pariatur maiores laudantium consequatur.', 10, 'no disponible', '1.jpg', 38, '2018-07-30 18:13:30', '2018-07-30 18:13:30'),
(427, 'laborum', 'Et nulla adipisci earum quod dignissimos non sit.', 2, 'disponible', '1.jpg', 26, '2018-07-30 18:13:30', '2018-07-30 18:13:30'),
(428, 'ullam', 'Facere ad atque dolores aut fugit reiciendis.', 6, 'no disponible', '2.jpg', 692, '2018-07-30 18:13:30', '2018-07-30 18:13:30'),
(429, 'quo', 'Occaecati velit vero non sint rerum et atque.', 8, 'disponible', '1.jpg', 331, '2018-07-30 18:13:30', '2018-07-30 18:13:30'),
(430, 'ut', 'Quo commodi minus et architecto culpa aut corrupti qui.', 1, 'disponible', '1.jpg', 57, '2018-07-30 18:13:30', '2018-07-30 18:13:30'),
(431, 'voluptas', 'Dolor est dolorem vero quis excepturi et reiciendis. Hic enim dolore praesentium eos.', 1, 'no disponible', '2.jpg', 665, '2018-07-30 18:13:30', '2018-07-30 18:13:30'),
(432, 'non', 'Magni aspernatur et consequuntur delectus.', 10, 'no disponible', '1.jpg', 258, '2018-07-30 18:13:30', '2018-07-30 18:13:30'),
(433, 'itaque', 'Et quis itaque eveniet in fuga consequatur. Sint ipsam eos unde libero nisi.', 1, 'no disponible', '1.jpg', 766, '2018-07-30 18:13:30', '2018-07-30 18:13:30'),
(434, 'molestiae', 'Aspernatur quis omnis nulla similique et est consequatur.', 7, 'disponible', '2.jpg', 479, '2018-07-30 18:13:30', '2018-07-30 18:13:30'),
(435, 'debitis', 'Quas blanditiis recusandae et labore consequatur non labore. Maiores aut ea repudiandae.', 5, 'disponible', '1.jpg', 836, '2018-07-30 18:13:30', '2018-07-30 18:13:30'),
(436, 'voluptatum', 'Aspernatur aspernatur vitae eum totam soluta.', 3, 'no disponible', '1.jpg', 640, '2018-07-30 18:13:31', '2018-07-30 18:13:31'),
(437, 'veritatis', 'Delectus vitae veritatis delectus vero aut quia aperiam.', 9, 'disponible', '1.jpg', 191, '2018-07-30 18:13:31', '2018-07-30 18:13:31'),
(438, 'sint', 'Dignissimos voluptas inventore commodi ut.', 2, 'no disponible', '1.jpg', 619, '2018-07-30 18:13:31', '2018-07-30 18:13:31'),
(439, 'et', 'Eos beatae recusandae rerum assumenda.', 5, 'no disponible', '1.jpg', 85, '2018-07-30 18:13:31', '2018-07-30 18:13:31'),
(440, 'possimus', 'Sapiente officia consequatur ab laboriosam totam.', 2, 'no disponible', '2.jpg', 916, '2018-07-30 18:13:31', '2018-07-30 18:13:31'),
(441, 'in', 'Qui quis aut quos quasi sunt. Eaque neque tempora quae.', 6, 'disponible', '1.jpg', 980, '2018-07-30 18:13:31', '2018-07-30 18:13:31'),
(442, 'ipsum', 'Accusamus quo architecto ad qui mollitia voluptatem.', 8, 'no disponible', '2.jpg', 837, '2018-07-30 18:13:31', '2018-07-30 18:13:31'),
(443, 'molestiae', 'Ut rem distinctio iure suscipit et illum.', 4, 'disponible', '2.jpg', 493, '2018-07-30 18:13:31', '2018-07-30 18:13:31'),
(444, 'molestiae', 'Voluptates similique vitae blanditiis quia adipisci. Aliquid est atque commodi.', 8, 'disponible', '2.jpg', 364, '2018-07-30 18:13:31', '2018-07-30 18:13:31'),
(445, 'nostrum', 'Ab incidunt dolore ut illo magnam. Ipsam vel quo non omnis et.', 10, 'disponible', '1.jpg', 588, '2018-07-30 18:13:31', '2018-07-30 18:13:31'),
(446, 'error', 'Velit omnis velit adipisci. Quia aut aut accusantium.', 10, 'no disponible', '2.jpg', 157, '2018-07-30 18:13:31', '2018-07-30 18:13:31'),
(447, 'tempore', 'Qui quam velit est delectus numquam placeat consequatur dicta. Voluptatem dolores autem ipsum ullam eius amet aut eum.', 10, 'no disponible', '2.jpg', 553, '2018-07-30 18:13:31', '2018-07-30 18:13:31'),
(448, 'et', 'Et magnam laudantium voluptas ad.', 3, 'no disponible', '2.jpg', 36, '2018-07-30 18:13:31', '2018-07-30 18:13:31'),
(449, 'voluptatem', 'Dolor nobis et illum sit aspernatur soluta.', 3, 'disponible', '2.jpg', 625, '2018-07-30 18:13:31', '2018-07-30 18:13:31'),
(450, 'consequatur', 'Distinctio corporis consequatur laudantium sit alias.', 5, 'disponible', '1.jpg', 480, '2018-07-30 18:13:31', '2018-07-30 18:13:31'),
(451, 'maxime', 'Est impedit dolorem rem non minus.', 3, 'no disponible', '2.jpg', 814, '2018-07-30 18:13:31', '2018-07-30 18:13:31'),
(452, 'vitae', 'Ut accusantium neque incidunt temporibus voluptatem itaque et id. Inventore quibusdam cupiditate iusto nihil eaque aut unde.', 7, 'disponible', '1.jpg', 1000, '2018-07-30 18:13:31', '2018-07-30 18:13:31'),
(453, 'eos', 'Sed dicta suscipit doloremque et.', 2, 'disponible', '1.jpg', 610, '2018-07-30 18:13:31', '2018-07-30 18:13:31'),
(454, 'a', 'Cupiditate non culpa esse esse quia provident. Aut velit ad explicabo.', 3, 'disponible', '1.jpg', 451, '2018-07-30 18:13:31', '2018-07-30 18:13:31'),
(455, 'atque', 'Ullam aut tempora rerum rerum harum neque.', 2, 'no disponible', '1.jpg', 484, '2018-07-30 18:13:31', '2018-07-30 18:13:31'),
(456, 'autem', 'Consequatur modi voluptatem aut repellendus aut provident impedit blanditiis.', 2, 'no disponible', '2.jpg', 88, '2018-07-30 18:13:31', '2018-07-30 18:13:31'),
(457, 'culpa', 'Unde vero vitae minus et et tenetur.', 1, 'disponible', '2.jpg', 501, '2018-07-30 18:13:31', '2018-07-30 18:13:31'),
(458, 'laboriosam', 'Deleniti vitae ducimus veritatis nisi.', 1, 'disponible', '1.jpg', 589, '2018-07-30 18:13:31', '2018-07-30 18:13:31'),
(459, 'illum', 'Et voluptatum non qui hic eius qui quia. Et assumenda quia provident.', 2, 'disponible', '1.jpg', 217, '2018-07-30 18:13:31', '2018-07-30 18:13:31'),
(460, 'expedita', 'Officiis harum quae iste quaerat rem. Tempore rerum ut repellendus ea nisi.', 1, 'no disponible', '2.jpg', 429, '2018-07-30 18:13:31', '2018-07-30 18:13:31'),
(461, 'et', 'Cupiditate iusto at consectetur nihil. Consequuntur consequatur ut incidunt.', 1, 'disponible', '2.jpg', 792, '2018-07-30 18:13:31', '2018-07-30 18:13:31'),
(462, 'qui', 'Laborum omnis aspernatur qui sapiente perspiciatis unde. Maiores ea at quia atque.', 4, 'no disponible', '1.jpg', 606, '2018-07-30 18:13:31', '2018-07-30 18:13:31'),
(463, 'omnis', 'Quos rem modi quis tempora voluptas.', 1, 'no disponible', '1.jpg', 975, '2018-07-30 18:13:31', '2018-07-30 18:13:31'),
(464, 'explicabo', 'Et omnis consectetur placeat tempore et quam. Eveniet rerum nihil iste iste consequatur consequatur.', 1, 'no disponible', '1.jpg', 306, '2018-07-30 18:13:32', '2018-07-30 18:13:32'),
(465, 'molestiae', 'Natus consequatur voluptatum sequi in facere voluptatem. Occaecati asperiores qui vel vitae.', 10, 'no disponible', '1.jpg', 384, '2018-07-30 18:13:32', '2018-07-30 18:13:32'),
(466, 'consequuntur', 'Non qui quia consectetur quis.', 4, 'disponible', '1.jpg', 336, '2018-07-30 18:13:32', '2018-07-30 18:13:32'),
(467, 'rerum', 'Doloremque aut autem quae mollitia.', 7, 'no disponible', '1.jpg', 519, '2018-07-30 18:13:32', '2018-07-30 18:13:32'),
(468, 'et', 'Aut quisquam distinctio voluptatibus facere voluptatem. Fugit sit est amet deserunt quibusdam labore et.', 3, 'no disponible', '2.jpg', 385, '2018-07-30 18:13:32', '2018-07-30 18:13:32'),
(469, 'labore', 'Amet in omnis commodi excepturi ipsam qui.', 7, 'disponible', '1.jpg', 502, '2018-07-30 18:13:32', '2018-07-30 18:13:32'),
(470, 'id', 'Provident assumenda ex distinctio et sed et. Non corrupti rerum consequuntur non nemo.', 2, 'disponible', '2.jpg', 109, '2018-07-30 18:13:32', '2018-07-30 18:13:32'),
(471, 'voluptatem', 'Distinctio iusto dolore consectetur voluptatum cupiditate. Quasi quaerat atque vel est molestiae.', 4, 'no disponible', '2.jpg', 296, '2018-07-30 18:13:32', '2018-07-30 18:13:32'),
(472, 'eos', 'Ipsam accusantium ab eaque quod.', 3, 'no disponible', '2.jpg', 506, '2018-07-30 18:13:32', '2018-07-30 18:13:32'),
(473, 'vel', 'At numquam eum illum aliquid. Aliquam aut voluptas non.', 4, 'no disponible', '1.jpg', 309, '2018-07-30 18:13:32', '2018-07-30 18:13:32'),
(474, 'occaecati', 'Ducimus aut voluptas molestiae libero veniam ipsum.', 3, 'no disponible', '2.jpg', 343, '2018-07-30 18:13:32', '2018-07-30 18:13:32'),
(475, 'recusandae', 'Dolores aliquam occaecati dolores sint corporis omnis.', 10, 'no disponible', '2.jpg', 672, '2018-07-30 18:13:32', '2018-07-30 18:13:32'),
(476, 'id', 'Voluptatem qui aut accusamus aut accusamus.', 6, 'no disponible', '2.jpg', 91, '2018-07-30 18:13:32', '2018-07-30 18:13:32'),
(477, 'praesentium', 'Vel praesentium necessitatibus deleniti numquam deleniti tempore autem. Aut voluptas ullam vel tempore qui nostrum consectetur molestias.', 2, 'disponible', '1.jpg', 304, '2018-07-30 18:13:32', '2018-07-30 18:13:32'),
(478, 'eligendi', 'Nobis cum quo eaque delectus.', 3, 'disponible', '2.jpg', 315, '2018-07-30 18:13:32', '2018-07-30 18:13:32'),
(479, 'est', 'Autem et autem voluptatibus quia explicabo blanditiis. Rerum earum autem dolores recusandae eum perspiciatis.', 5, 'no disponible', '1.jpg', 985, '2018-07-30 18:13:32', '2018-07-30 18:13:32'),
(480, 'aliquam', 'Repudiandae quia a qui ipsam.', 2, 'no disponible', '1.jpg', 366, '2018-07-30 18:13:32', '2018-07-30 18:13:32'),
(481, 'atque', 'Illum alias earum est dolorum iste. Eum quas facilis omnis non.', 8, 'no disponible', '2.jpg', 711, '2018-07-30 18:13:32', '2018-07-30 18:13:32'),
(482, 'rerum', 'Qui consequatur rem et ut eos.', 2, 'disponible', '1.jpg', 777, '2018-07-30 18:13:32', '2018-07-30 18:13:32'),
(483, 'quod', 'Eos in maiores sunt similique.', 10, 'disponible', '1.jpg', 668, '2018-07-30 18:13:32', '2018-07-30 18:13:32'),
(484, 'asperiores', 'Illum blanditiis saepe animi quasi exercitationem.', 2, 'disponible', '2.jpg', 571, '2018-07-30 18:13:32', '2018-07-30 18:13:32'),
(485, 'minima', 'Praesentium sunt nulla voluptatem illum suscipit et.', 2, 'disponible', '1.jpg', 946, '2018-07-30 18:13:32', '2018-07-30 18:13:32'),
(486, 'qui', 'Eos consequatur mollitia aliquam quia.', 5, 'disponible', '1.jpg', 830, '2018-07-30 18:13:32', '2018-07-30 18:13:32'),
(487, 'fugiat', 'Reiciendis sit aliquid voluptas est labore est nulla. Cumque debitis aut non error officiis dolores eos fugit.', 7, 'disponible', '1.jpg', 80, '2018-07-30 18:13:32', '2018-07-30 18:13:32'),
(488, 'eveniet', 'Beatae quo nam sapiente facere voluptas et quaerat quod. Optio est omnis non odit voluptatem.', 9, 'no disponible', '1.jpg', 48, '2018-07-30 18:13:32', '2018-07-30 18:13:32'),
(489, 'est', 'Consectetur sit magnam voluptatem iure.', 8, 'disponible', '2.jpg', 303, '2018-07-30 18:13:32', '2018-07-30 18:13:32'),
(490, 'vitae', 'Harum dolorem omnis eum eveniet et facere assumenda.', 8, 'disponible', '1.jpg', 560, '2018-07-30 18:13:32', '2018-07-30 18:13:32'),
(491, 'perferendis', 'Mollitia in dolores earum aut. Consectetur eius veniam autem impedit molestiae.', 4, 'disponible', '2.jpg', 790, '2018-07-30 18:13:32', '2018-07-30 18:13:32'),
(492, 'saepe', 'Hic autem qui assumenda nostrum.', 1, 'no disponible', '1.jpg', 306, '2018-07-30 18:13:32', '2018-07-30 18:13:32'),
(493, 'repellat', 'Sed voluptas ad qui officia recusandae. Ut ut ad sunt debitis perferendis laboriosam.', 1, 'no disponible', '1.jpg', 397, '2018-07-30 18:13:32', '2018-07-30 18:13:32'),
(494, 'ipsum', 'Quos dolor voluptas omnis fugit aut exercitationem. Eos ducimus sit itaque suscipit dolorem voluptate.', 4, 'no disponible', '2.jpg', 416, '2018-07-30 18:13:32', '2018-07-30 18:13:32'),
(495, 'qui', 'Deleniti rerum sit facilis.', 2, 'disponible', '2.jpg', 549, '2018-07-30 18:13:32', '2018-07-30 18:13:32'),
(496, 'provident', 'Expedita enim quibusdam doloribus dignissimos inventore.', 5, 'no disponible', '1.jpg', 226, '2018-07-30 18:13:32', '2018-07-30 18:13:32'),
(497, 'aut', 'Et quaerat inventore sint. Placeat ut recusandae accusamus molestiae eum debitis quo.', 8, 'no disponible', '1.jpg', 700, '2018-07-30 18:13:32', '2018-07-30 18:13:32'),
(498, 'enim', 'Corrupti quibusdam placeat et molestiae eos ipsa veritatis enim. Accusamus eius hic nam necessitatibus dolorem temporibus unde.', 3, 'no disponible', '2.jpg', 125, '2018-07-30 18:13:32', '2018-07-30 18:13:32'),
(499, 'rerum', 'Adipisci occaecati sequi ab labore nihil fugiat totam.', 10, 'no disponible', '1.jpg', 624, '2018-07-30 18:13:33', '2018-07-30 18:13:33'),
(500, 'id', 'Dolorem ex qui exercitationem.', 7, 'disponible', '2.jpg', 349, '2018-07-30 18:13:33', '2018-07-30 18:13:33'),
(501, 'dignissimos', 'Repellat consequuntur consectetur incidunt ducimus fuga vel quis. Ratione quibusdam aliquid sed voluptas quia.', 4, 'no disponible', '2.jpg', 467, '2018-07-30 18:13:33', '2018-07-30 18:13:33'),
(502, 'esse', 'Omnis quae dolorem architecto illo voluptates dolores aut. Quae soluta explicabo fuga molestiae.', 1, 'no disponible', '1.jpg', 256, '2018-07-30 18:13:33', '2018-07-30 18:13:33'),
(503, 'autem', 'Autem qui voluptatem doloribus placeat nulla nihil.', 7, 'disponible', '1.jpg', 453, '2018-07-30 18:13:33', '2018-07-30 18:13:33'),
(504, 'autem', 'Quia aut enim aut et unde cumque.', 3, 'no disponible', '1.jpg', 273, '2018-07-30 18:13:33', '2018-07-30 18:13:33'),
(505, 'voluptatum', 'Eveniet iusto vel rerum ipsam sunt quasi assumenda quam.', 7, 'disponible', '1.jpg', 817, '2018-07-30 18:13:33', '2018-07-30 18:13:33'),
(506, 'facilis', 'Error ratione nihil placeat eligendi perspiciatis qui ad. Molestiae doloremque porro eaque perspiciatis quisquam labore sint.', 10, 'no disponible', '2.jpg', 153, '2018-07-30 18:13:33', '2018-07-30 18:13:33'),
(507, 'sint', 'Quam dolores nisi et ut.', 10, 'disponible', '2.jpg', 368, '2018-07-30 18:13:33', '2018-07-30 18:13:33'),
(508, 'vel', 'Sunt nisi reiciendis aut est magnam atque. Qui commodi id quam voluptatem delectus voluptatem adipisci eius.', 7, 'disponible', '2.jpg', 395, '2018-07-30 18:13:33', '2018-07-30 18:13:33'),
(509, 'ut', 'Accusamus quia quo exercitationem repellat.', 3, 'disponible', '2.jpg', 249, '2018-07-30 18:13:33', '2018-07-30 18:13:33'),
(510, 'beatae', 'Nobis est voluptate eaque totam.', 10, 'no disponible', '1.jpg', 297, '2018-07-30 18:13:33', '2018-07-30 18:13:33'),
(511, 'impedit', 'Molestiae adipisci natus at similique voluptates.', 6, 'disponible', '1.jpg', 625, '2018-07-30 18:13:33', '2018-07-30 18:13:33'),
(512, 'delectus', 'Iure voluptas corrupti nulla eligendi earum quia aliquam cumque. Dignissimos qui libero molestias sed rerum saepe provident provident.', 10, 'disponible', '1.jpg', 492, '2018-07-30 18:13:33', '2018-07-30 18:13:33'),
(513, 'autem', 'Veniam odit magnam odit quo exercitationem rerum a porro. Est dolorum est fuga et debitis laboriosam qui.', 4, 'no disponible', '1.jpg', 77, '2018-07-30 18:13:33', '2018-07-30 18:13:33'),
(514, 'error', 'Est commodi tempore harum quo laborum quae quo. Vero dicta quis explicabo nobis.', 7, 'no disponible', '1.jpg', 156, '2018-07-30 18:13:33', '2018-07-30 18:13:33'),
(515, 'et', 'Odio libero aspernatur accusamus neque qui atque.', 3, 'no disponible', '2.jpg', 791, '2018-07-30 18:13:33', '2018-07-30 18:13:33'),
(516, 'dolor', 'Eligendi voluptates et et et voluptas culpa incidunt id. Natus aut quasi ut assumenda esse.', 9, 'disponible', '2.jpg', 966, '2018-07-30 18:13:33', '2018-07-30 18:13:33'),
(517, 'eos', 'Suscipit similique voluptas ratione alias. Reprehenderit ut vitae ea assumenda voluptatem.', 6, 'no disponible', '1.jpg', 743, '2018-07-30 18:13:33', '2018-07-30 18:13:33'),
(518, 'aut', 'Quia minima consequatur sit libero perferendis.', 2, 'no disponible', '2.jpg', 800, '2018-07-30 18:13:33', '2018-07-30 18:13:33'),
(519, 'sapiente', 'Earum hic id recusandae et aut eius asperiores.', 2, 'no disponible', '2.jpg', 772, '2018-07-30 18:13:33', '2018-07-30 18:13:33'),
(520, 'earum', 'Molestiae dolor sit quod quod at.', 2, 'disponible', '2.jpg', 907, '2018-07-30 18:13:33', '2018-07-30 18:13:33'),
(521, 'optio', 'Excepturi est deserunt officiis exercitationem in quia ea aut. Facilis mollitia ratione commodi atque a.', 1, 'disponible', '2.jpg', 20, '2018-07-30 18:13:33', '2018-07-30 18:13:33'),
(522, 'voluptatum', 'Eos sit voluptatem totam ullam ipsam dolorem quos amet. Quis voluptates quae mollitia earum sit neque et illo.', 5, 'disponible', '1.jpg', 792, '2018-07-30 18:13:33', '2018-07-30 18:13:33'),
(523, 'est', 'Minima quaerat nesciunt nam doloribus adipisci. Ipsam ex quas est et officiis.', 3, 'disponible', '2.jpg', 353, '2018-07-30 18:13:33', '2018-07-30 18:13:33'),
(524, 'quibusdam', 'Qui voluptate qui qui eligendi magnam. Occaecati vero animi quasi saepe labore cupiditate a.', 8, 'no disponible', '1.jpg', 94, '2018-07-30 18:13:33', '2018-07-30 18:13:33'),
(525, 'cum', 'Dolores sint ipsum hic similique temporibus vitae ut. Magni blanditiis cum et vel aut ipsum autem.', 10, 'disponible', '1.jpg', 809, '2018-07-30 18:13:33', '2018-07-30 18:13:33'),
(526, 'corporis', 'Eaque quis dolorem numquam inventore sapiente. Nesciunt blanditiis quibusdam aut eveniet ut totam.', 3, 'no disponible', '2.jpg', 63, '2018-07-30 18:13:33', '2018-07-30 18:13:33'),
(527, 'facere', 'Suscipit ullam consequatur recusandae sit itaque alias labore. Rerum eum ratione voluptatem quo voluptatem officiis.', 1, 'disponible', '2.jpg', 585, '2018-07-30 18:13:33', '2018-07-30 18:13:33'),
(528, 'consectetur', 'Ducimus perspiciatis harum omnis in ut. Id aut alias ea voluptatem.', 1, 'disponible', '2.jpg', 335, '2018-07-30 18:13:33', '2018-07-30 18:13:33'),
(529, 'voluptatem', 'Voluptate molestiae ducimus eligendi officia laudantium.', 7, 'no disponible', '1.jpg', 39, '2018-07-30 18:13:33', '2018-07-30 18:13:33'),
(530, 'et', 'Aut expedita qui fugiat deserunt neque voluptatem explicabo non. Voluptatibus ut est id iste.', 5, 'no disponible', '1.jpg', 713, '2018-07-30 18:13:33', '2018-07-30 18:13:33'),
(531, 'laboriosam', 'Accusantium natus harum ipsam numquam. Tempore ut possimus rem praesentium nobis iusto beatae.', 10, 'no disponible', '1.jpg', 929, '2018-07-30 18:13:34', '2018-07-30 18:13:34'),
(532, 'exercitationem', 'Minima eius ex et voluptate ab id aliquid.', 2, 'no disponible', '1.jpg', 611, '2018-07-30 18:13:34', '2018-07-30 18:13:34'),
(533, 'corporis', 'Iure voluptates nihil voluptas quo. Ut nam quas eos quae provident earum quam facilis.', 8, 'no disponible', '1.jpg', 822, '2018-07-30 18:13:34', '2018-07-30 18:13:34'),
(534, 'rerum', 'Animi nobis voluptates laboriosam ipsa quia ut aliquid. Praesentium rerum dolorem dolores ad labore error.', 4, 'disponible', '1.jpg', 602, '2018-07-30 18:13:34', '2018-07-30 18:13:34'),
(535, 'facere', 'Iusto est sequi provident quasi laudantium dolores tempora.', 2, 'no disponible', '1.jpg', 543, '2018-07-30 18:13:34', '2018-07-30 18:13:34'),
(536, 'quisquam', 'Repudiandae eos ex voluptatem qui suscipit blanditiis iste unde.', 6, 'disponible', '1.jpg', 515, '2018-07-30 18:13:34', '2018-07-30 18:13:34'),
(537, 'est', 'Non inventore laborum maiores eius. Ut nihil eius itaque nobis error perferendis neque.', 10, 'disponible', '1.jpg', 754, '2018-07-30 18:13:34', '2018-07-30 18:13:34'),
(538, 'consequatur', 'Dolores esse consectetur eum blanditiis reprehenderit minus nobis. Est qui maxime optio ut recusandae quis numquam.', 7, 'no disponible', '2.jpg', 472, '2018-07-30 18:13:34', '2018-07-30 18:13:34'),
(539, 'et', 'Ducimus et eum laboriosam dolor.', 8, 'disponible', '1.jpg', 881, '2018-07-30 18:13:34', '2018-07-30 18:13:34'),
(540, 'eaque', 'Nostrum est voluptatem ipsam omnis beatae illum. Et molestiae et sit accusamus.', 2, 'disponible', '1.jpg', 515, '2018-07-30 18:13:34', '2018-07-30 18:13:34'),
(541, 'et', 'Quo pariatur quas voluptatum quae dolorem. Facilis sit dolor vero sed sit.', 10, 'no disponible', '1.jpg', 673, '2018-07-30 18:13:34', '2018-07-30 18:13:34'),
(542, 'quisquam', 'Eaque et est et labore eius quaerat aliquam.', 9, 'no disponible', '2.jpg', 580, '2018-07-30 18:13:34', '2018-07-30 18:13:34'),
(543, 'iusto', 'Minima officiis placeat eum cumque est labore. Omnis laborum natus doloribus itaque quaerat numquam quod necessitatibus.', 2, 'disponible', '2.jpg', 505, '2018-07-30 18:13:34', '2018-07-30 18:13:34'),
(544, 'aliquid', 'Rerum a rerum quos possimus laudantium illo.', 4, 'no disponible', '2.jpg', 674, '2018-07-30 18:13:34', '2018-07-30 18:13:34'),
(545, 'quia', 'Officia aliquid voluptas error.', 1, 'no disponible', '2.jpg', 994, '2018-07-30 18:13:34', '2018-07-30 18:13:34'),
(546, 'eum', 'Nostrum ad expedita labore rerum vel. Ipsam nisi nihil consequatur doloremque praesentium.', 7, 'disponible', '2.jpg', 361, '2018-07-30 18:13:34', '2018-07-30 18:13:34'),
(547, 'consequatur', 'Unde sit ipsum aut fugit.', 2, 'no disponible', '1.jpg', 898, '2018-07-30 18:13:34', '2018-07-30 18:13:34'),
(548, 'iusto', 'Assumenda eos distinctio et ut voluptatibus. Natus dolorem numquam illo doloremque sed.', 7, 'disponible', '1.jpg', 201, '2018-07-30 18:13:34', '2018-07-30 18:13:34'),
(549, 'neque', 'Sed odit error sit quisquam. In cumque voluptatem consequuntur modi rerum nobis consequatur.', 8, 'no disponible', '2.jpg', 324, '2018-07-30 18:13:34', '2018-07-30 18:13:34'),
(550, 'consequatur', 'Amet ratione ipsam consequuntur maiores porro tenetur.', 3, 'disponible', '2.jpg', 567, '2018-07-30 18:13:34', '2018-07-30 18:13:34'),
(551, 'ducimus', 'Nam autem occaecati voluptas nihil eum.', 1, 'disponible', '2.jpg', 873, '2018-07-30 18:13:34', '2018-07-30 18:13:34'),
(552, 'dignissimos', 'Culpa et maiores dolorum magni voluptates harum eos molestiae.', 3, 'no disponible', '2.jpg', 730, '2018-07-30 18:13:34', '2018-07-30 18:13:34'),
(553, 'dolorem', 'Dolor vero consequatur odio est doloremque et et. Molestiae maxime aspernatur ut rerum voluptatem facere rerum et.', 2, 'no disponible', '1.jpg', 874, '2018-07-30 18:13:34', '2018-07-30 18:13:34'),
(554, 'ea', 'Distinctio modi adipisci repellat. Natus provident consectetur esse temporibus distinctio quia.', 9, 'no disponible', '1.jpg', 584, '2018-07-30 18:13:34', '2018-07-30 18:13:34'),
(555, 'et', 'Perspiciatis accusamus officiis labore voluptatem modi.', 8, 'no disponible', '2.jpg', 344, '2018-07-30 18:13:34', '2018-07-30 18:13:34'),
(556, 'numquam', 'Sunt omnis et id accusantium earum.', 4, 'disponible', '1.jpg', 334, '2018-07-30 18:13:34', '2018-07-30 18:13:34'),
(557, 'quis', 'Saepe voluptas totam magnam soluta vitae laborum harum in.', 6, 'disponible', '1.jpg', 444, '2018-07-30 18:13:34', '2018-07-30 18:13:34'),
(558, 'veniam', 'Inventore quia adipisci accusantium et commodi doloribus.', 7, 'no disponible', '1.jpg', 71, '2018-07-30 18:13:34', '2018-07-30 18:13:34'),
(559, 'aut', 'Et quidem corrupti ut non.', 10, 'disponible', '2.jpg', 437, '2018-07-30 18:13:34', '2018-07-30 18:13:34'),
(560, 'dolor', 'Quas unde veniam rerum sit et. Excepturi excepturi blanditiis quos numquam qui.', 2, 'disponible', '2.jpg', 269, '2018-07-30 18:13:34', '2018-07-30 18:13:34'),
(561, 'quia', 'Et molestias eum doloribus velit iure excepturi. Sint tempora consequuntur eaque qui dolorem odio autem.', 8, 'disponible', '1.jpg', 826, '2018-07-30 18:13:34', '2018-07-30 18:13:34'),
(562, 'neque', 'Aliquid cum delectus repellendus commodi.', 1, 'disponible', '1.jpg', 916, '2018-07-30 18:13:34', '2018-07-30 18:13:34'),
(563, 'laborum', 'Consequatur dolorem perferendis harum dignissimos provident dolores. Hic ipsa voluptas atque ullam incidunt.', 10, 'no disponible', '1.jpg', 89, '2018-07-30 18:13:34', '2018-07-30 18:13:34'),
(564, 'nulla', 'Iure perferendis id autem quisquam dolores quaerat.', 4, 'disponible', '1.jpg', 848, '2018-07-30 18:13:35', '2018-07-30 18:13:35'),
(565, 'error', 'Optio incidunt voluptatem magnam molestiae. Dolorem ut sunt hic magni.', 3, 'no disponible', '1.jpg', 56, '2018-07-30 18:13:35', '2018-07-30 18:13:35'),
(566, 'minus', 'Tempore asperiores quae molestiae culpa ut.', 2, 'disponible', '2.jpg', 350, '2018-07-30 18:13:35', '2018-07-30 18:13:35'),
(567, 'sit', 'Dolorum provident voluptatum nihil dolorem. Aperiam quia alias dolor.', 6, 'no disponible', '2.jpg', 557, '2018-07-30 18:13:35', '2018-07-30 18:13:35'),
(568, 'quam', 'Voluptatibus tempora consequatur laudantium voluptatem exercitationem blanditiis deserunt incidunt.', 10, 'no disponible', '2.jpg', 437, '2018-07-30 18:13:35', '2018-07-30 18:13:35'),
(569, 'asperiores', 'Earum reprehenderit qui corporis officiis.', 9, 'no disponible', '1.jpg', 482, '2018-07-30 18:13:35', '2018-07-30 18:13:35'),
(570, 'dicta', 'In error et in sed quia.', 9, 'disponible', '1.jpg', 986, '2018-07-30 18:13:35', '2018-07-30 18:13:35'),
(571, 'qui', 'Ea distinctio quidem possimus omnis autem neque sunt. Laborum non perspiciatis voluptatum facilis.', 6, 'no disponible', '2.jpg', 747, '2018-07-30 18:13:35', '2018-07-30 18:13:35'),
(572, 'nemo', 'Voluptas amet sint vitae et qui ipsam perspiciatis. Amet nam soluta qui dolore.', 2, 'no disponible', '2.jpg', 197, '2018-07-30 18:13:35', '2018-07-30 18:13:35'),
(573, 'quis', 'Eveniet odit laboriosam mollitia dolorem dolores.', 3, 'disponible', '1.jpg', 61, '2018-07-30 18:13:35', '2018-07-30 18:13:35'),
(574, 'molestiae', 'Et quia rem ex mollitia velit.', 1, 'disponible', '1.jpg', 692, '2018-07-30 18:13:35', '2018-07-30 18:13:35'),
(575, 'totam', 'Ipsa fugiat optio sed distinctio quibusdam sint.', 6, 'no disponible', '2.jpg', 626, '2018-07-30 18:13:35', '2018-07-30 18:13:35'),
(576, 'sit', 'Neque ut reiciendis rerum quo dolor debitis.', 9, 'no disponible', '1.jpg', 976, '2018-07-30 18:13:35', '2018-07-30 18:13:35'),
(577, 'voluptates', 'Rerum molestias impedit corporis dolore ipsa. Quas repellendus voluptatem quia ipsum odio deleniti unde.', 9, 'no disponible', '2.jpg', 774, '2018-07-30 18:13:35', '2018-07-30 18:13:35'),
(578, 'ad', 'Ullam dolorum magni in quibusdam error et. Ratione nam quod voluptatem nostrum molestiae ut nihil.', 4, 'no disponible', '1.jpg', 621, '2018-07-30 18:13:35', '2018-07-30 18:13:35'),
(579, 'ullam', 'Odio molestiae officia sed vitae magnam voluptas autem. Sint vero velit iure ex eaque sed a.', 1, 'disponible', '2.jpg', 742, '2018-07-30 18:13:35', '2018-07-30 18:13:35'),
(580, 'et', 'Odit natus odio quam voluptatem sed dolorem.', 4, 'no disponible', '2.jpg', 453, '2018-07-30 18:13:35', '2018-07-30 18:13:35'),
(581, 'explicabo', 'Totam aut quo distinctio cumque occaecati praesentium. Sint aut dolorum facere quo minima nihil.', 8, 'no disponible', '1.jpg', 502, '2018-07-30 18:13:35', '2018-07-30 18:13:35'),
(582, 'voluptates', 'Et explicabo suscipit laboriosam. Est sint laboriosam aliquam sapiente ut.', 10, 'disponible', '1.jpg', 181, '2018-07-30 18:13:35', '2018-07-30 18:13:35'),
(583, 'sapiente', 'Ut tenetur fugit aut odio similique consequatur dignissimos dolorem. Quis tenetur laboriosam debitis et praesentium non.', 5, 'no disponible', '2.jpg', 105, '2018-07-30 18:13:35', '2018-07-30 18:13:35'),
(584, 'quis', 'Occaecati earum cupiditate nulla ducimus mollitia eum.', 4, 'no disponible', '1.jpg', 942, '2018-07-30 18:13:35', '2018-07-30 18:13:35'),
(585, 'explicabo', 'Et et et aut autem. Et quam necessitatibus aperiam.', 8, 'disponible', '1.jpg', 238, '2018-07-30 18:13:35', '2018-07-30 18:13:35'),
(586, 'ipsum', 'Omnis dolore nisi qui similique.', 8, 'no disponible', '2.jpg', 878, '2018-07-30 18:13:35', '2018-07-30 18:13:35'),
(587, 'sequi', 'Quis quas doloribus adipisci quo est.', 7, 'no disponible', '1.jpg', 750, '2018-07-30 18:13:35', '2018-07-30 18:13:35'),
(588, 'voluptatem', 'Perferendis consectetur doloremque illo aut.', 1, 'no disponible', '2.jpg', 290, '2018-07-30 18:13:35', '2018-07-30 18:13:35'),
(589, 'est', 'Quod itaque debitis nobis sunt et in. Ab id reprehenderit odio unde fuga assumenda.', 6, 'disponible', '1.jpg', 57, '2018-07-30 18:13:35', '2018-07-30 18:13:35'),
(590, 'qui', 'Eaque ullam reprehenderit mollitia architecto omnis esse.', 2, 'disponible', '1.jpg', 216, '2018-07-30 18:13:35', '2018-07-30 18:13:35'),
(591, 'similique', 'Voluptas totam odio mollitia velit doloribus vel.', 1, 'no disponible', '1.jpg', 463, '2018-07-30 18:13:35', '2018-07-30 18:13:35'),
(592, 'sit', 'Est ducimus in mollitia est sit.', 9, 'disponible', '1.jpg', 222, '2018-07-30 18:13:36', '2018-07-30 18:13:36'),
(593, 'nemo', 'Itaque et aperiam voluptates excepturi totam.', 6, 'no disponible', '2.jpg', 907, '2018-07-30 18:13:36', '2018-07-30 18:13:36'),
(594, 'et', 'Ut tempore at assumenda nulla.', 3, 'no disponible', '1.jpg', 119, '2018-07-30 18:13:36', '2018-07-30 18:13:36'),
(595, 'qui', 'Non similique eligendi culpa ut sit voluptatem et.', 8, 'no disponible', '2.jpg', 161, '2018-07-30 18:13:36', '2018-07-30 18:13:36'),
(596, 'qui', 'Asperiores ut exercitationem minus sit atque nobis harum.', 1, 'disponible', '1.jpg', 428, '2018-07-30 18:13:36', '2018-07-30 18:13:36'),
(597, 'magnam', 'Sunt minima cumque et saepe laborum et.', 10, 'disponible', '1.jpg', 872, '2018-07-30 18:13:36', '2018-07-30 18:13:36'),
(598, 'inventore', 'Aliquid nisi dicta saepe occaecati. Nam consequatur dicta quaerat qui illo.', 9, 'no disponible', '2.jpg', 513, '2018-07-30 18:13:36', '2018-07-30 18:13:36'),
(599, 'sint', 'Corrupti fuga quidem tenetur ea est.', 3, 'disponible', '1.jpg', 644, '2018-07-30 18:13:36', '2018-07-30 18:13:36'),
(600, 'quod', 'Et molestiae totam dignissimos corporis pariatur et dolorem quas. Magnam ex molestias qui officia impedit.', 10, 'disponible', '2.jpg', 575, '2018-07-30 18:13:36', '2018-07-30 18:13:36'),
(601, 'repellat', 'Perferendis fugit eveniet ex voluptatem numquam eveniet officiis. Aut totam eveniet doloribus illo et.', 7, 'no disponible', '1.jpg', 563, '2018-07-30 18:13:36', '2018-07-30 18:13:36'),
(602, 'quod', 'Assumenda debitis magni libero esse. Et eligendi nobis sed placeat ipsa nostrum.', 2, 'no disponible', '2.jpg', 708, '2018-07-30 18:13:36', '2018-07-30 18:13:36'),
(603, 'sit', 'Saepe aut quia omnis fuga officiis sunt. Quo sit consequatur nisi cumque doloremque quidem.', 9, 'no disponible', '2.jpg', 168, '2018-07-30 18:13:36', '2018-07-30 18:13:36'),
(604, 'atque', 'At quidem officia dignissimos at. Fugiat tempore magni fugiat sint.', 1, 'disponible', '1.jpg', 203, '2018-07-30 18:13:36', '2018-07-30 18:13:36'),
(605, 'eum', 'Reiciendis aperiam officiis modi odit dolorem. Modi quo facilis officiis officia.', 2, 'no disponible', '2.jpg', 455, '2018-07-30 18:13:36', '2018-07-30 18:13:36'),
(606, 'libero', 'Sed exercitationem accusantium perspiciatis non. Voluptas officiis ducimus animi.', 4, 'disponible', '2.jpg', 291, '2018-07-30 18:13:36', '2018-07-30 18:13:36'),
(607, 'ratione', 'Voluptatibus optio velit et aut reprehenderit a. Eos itaque minus ea error nobis velit.', 1, 'no disponible', '2.jpg', 449, '2018-07-30 18:13:36', '2018-07-30 18:13:36'),
(608, 'velit', 'Eius sequi nobis dolores reiciendis.', 3, 'disponible', '2.jpg', 465, '2018-07-30 18:13:36', '2018-07-30 18:13:36'),
(609, 'aspernatur', 'Qui dolorum cumque est consequatur placeat quos eius explicabo. Soluta nemo quisquam quibusdam delectus culpa eaque soluta vitae.', 1, 'no disponible', '1.jpg', 814, '2018-07-30 18:13:36', '2018-07-30 18:13:36'),
(610, 'molestiae', 'Repellat temporibus consequatur sed sequi debitis velit. Vel nesciunt sit quis ipsa temporibus laboriosam.', 1, 'disponible', '1.jpg', 108, '2018-07-30 18:13:36', '2018-07-30 18:13:36'),
(611, 'excepturi', 'Eveniet ipsam vel enim id minus ipsam quod.', 6, 'disponible', '1.jpg', 615, '2018-07-30 18:13:36', '2018-07-30 18:13:36');
INSERT INTO `products` (`id`, `name`, `description`, `quantity`, `estatus`, `image`, `seller_id`, `created_at`, `updated_at`) VALUES
(612, 'porro', 'Ea ratione inventore sed consequatur. Et molestiae culpa cumque magni.', 4, 'disponible', '1.jpg', 921, '2018-07-30 18:13:36', '2018-07-30 18:13:36'),
(613, 'dolores', 'Sit eveniet adipisci sit.', 3, 'disponible', '2.jpg', 7, '2018-07-30 18:13:36', '2018-07-30 18:13:36'),
(614, 'ipsum', 'Molestiae nam minus explicabo deserunt modi amet earum. Maxime quasi deserunt molestiae autem quisquam.', 7, 'no disponible', '2.jpg', 156, '2018-07-30 18:13:36', '2018-07-30 18:13:36'),
(615, 'nam', 'Enim dicta dolores hic.', 9, 'no disponible', '1.jpg', 152, '2018-07-30 18:13:36', '2018-07-30 18:13:36'),
(616, 'quas', 'Placeat et exercitationem laborum eaque earum.', 3, 'disponible', '2.jpg', 437, '2018-07-30 18:13:36', '2018-07-30 18:13:36'),
(617, 'dignissimos', 'Aut ducimus dolore dolor non. Voluptatum nesciunt nihil omnis sed atque rerum quia et.', 5, 'no disponible', '1.jpg', 801, '2018-07-30 18:13:36', '2018-07-30 18:13:36'),
(618, 'vel', 'Et non sint at qui velit et ducimus. In doloremque sapiente nulla modi.', 5, 'no disponible', '1.jpg', 507, '2018-07-30 18:13:36', '2018-07-30 18:13:36'),
(619, 'ut', 'Libero provident molestiae sunt sunt quo quia. Aut qui soluta aperiam eligendi excepturi est neque.', 4, 'no disponible', '1.jpg', 994, '2018-07-30 18:13:37', '2018-07-30 18:13:37'),
(620, 'sint', 'Inventore possimus rerum voluptatum est quam.', 10, 'disponible', '1.jpg', 544, '2018-07-30 18:13:37', '2018-07-30 18:13:37'),
(621, 'sunt', 'Aut libero odit voluptate.', 6, 'disponible', '2.jpg', 338, '2018-07-30 18:13:37', '2018-07-30 18:13:37'),
(622, 'voluptatem', 'Non dolores modi occaecati consequatur aut veniam odio. Beatae ullam officia recusandae et quae itaque eos.', 10, 'no disponible', '2.jpg', 757, '2018-07-30 18:13:37', '2018-07-30 18:13:37'),
(623, 'nam', 'Porro voluptatem at enim necessitatibus deleniti omnis.', 9, 'disponible', '1.jpg', 527, '2018-07-30 18:13:37', '2018-07-30 18:13:37'),
(624, 'voluptatem', 'Voluptatem ut perferendis debitis in provident est perspiciatis amet.', 8, 'no disponible', '2.jpg', 739, '2018-07-30 18:13:37', '2018-07-30 18:13:37'),
(625, 'veniam', 'Rem sit et odit.', 9, 'disponible', '1.jpg', 807, '2018-07-30 18:13:37', '2018-07-30 18:13:37'),
(626, 'sit', 'Illo placeat porro expedita iusto.', 2, 'no disponible', '2.jpg', 272, '2018-07-30 18:13:37', '2018-07-30 18:13:37'),
(627, 'nulla', 'Molestiae necessitatibus non natus architecto dolorem. Ullam quae nobis nostrum dolore et.', 2, 'no disponible', '2.jpg', 269, '2018-07-30 18:13:37', '2018-07-30 18:13:37'),
(628, 'eum', 'Nisi quis a at doloremque cupiditate. Deleniti laborum magni cum exercitationem hic.', 6, 'disponible', '2.jpg', 998, '2018-07-30 18:13:37', '2018-07-30 18:13:37'),
(629, 'qui', 'Adipisci tenetur et et et alias. Quas est odit nobis adipisci occaecati odit id.', 6, 'no disponible', '1.jpg', 596, '2018-07-30 18:13:37', '2018-07-30 18:13:37'),
(630, 'est', 'Qui omnis error et qui. Laboriosam facere doloremque ipsa qui quia sunt.', 4, 'no disponible', '2.jpg', 336, '2018-07-30 18:13:37', '2018-07-30 18:13:37'),
(631, 'sit', 'Omnis quasi dolor incidunt quae est. Commodi tempora architecto vero repudiandae natus quod optio.', 7, 'no disponible', '2.jpg', 460, '2018-07-30 18:13:37', '2018-07-30 18:13:37'),
(632, 'fugiat', 'Tenetur nesciunt eum quas enim. Adipisci laudantium et repellat consequatur.', 9, 'no disponible', '2.jpg', 325, '2018-07-30 18:13:37', '2018-07-30 18:13:37'),
(633, 'et', 'Rerum exercitationem repudiandae nisi incidunt nihil blanditiis pariatur necessitatibus. Rerum et minus debitis odio minima debitis maxime.', 6, 'no disponible', '1.jpg', 180, '2018-07-30 18:13:37', '2018-07-30 18:13:37'),
(634, 'molestiae', 'Perferendis alias recusandae quo nesciunt. Natus optio nemo sit et iste velit.', 9, 'disponible', '1.jpg', 319, '2018-07-30 18:13:37', '2018-07-30 18:13:37'),
(635, 'quisquam', 'Est corporis est occaecati ut.', 8, 'no disponible', '2.jpg', 313, '2018-07-30 18:13:37', '2018-07-30 18:13:37'),
(636, 'modi', 'Fugit aut sed aut laborum exercitationem in. Nam iste provident enim non doloremque a.', 9, 'disponible', '2.jpg', 192, '2018-07-30 18:13:37', '2018-07-30 18:13:37'),
(637, 'beatae', 'Est tenetur ut velit sint odit repudiandae.', 1, 'no disponible', '2.jpg', 830, '2018-07-30 18:13:37', '2018-07-30 18:13:37'),
(638, 'corrupti', 'Qui id dolorem ipsam vitae.', 5, 'no disponible', '2.jpg', 847, '2018-07-30 18:13:37', '2018-07-30 18:13:37'),
(639, 'dicta', 'Voluptatem quisquam veritatis eius. Eius laborum et sint dignissimos aut.', 5, 'disponible', '2.jpg', 971, '2018-07-30 18:13:37', '2018-07-30 18:13:37'),
(640, 'quidem', 'Dolor eum accusamus sunt unde natus ea dolor. Placeat magnam id laudantium facilis autem.', 8, 'no disponible', '2.jpg', 782, '2018-07-30 18:13:37', '2018-07-30 18:13:37'),
(641, 'soluta', 'Non est sint in est eum.', 5, 'disponible', '1.jpg', 538, '2018-07-30 18:13:37', '2018-07-30 18:13:37'),
(642, 'numquam', 'Culpa qui repellendus accusantium totam et sit.', 6, 'disponible', '2.jpg', 733, '2018-07-30 18:13:37', '2018-07-30 18:13:37'),
(643, 'possimus', 'Autem veritatis architecto sit nemo. Maiores ut soluta ipsa ducimus hic ea sed fuga.', 1, 'disponible', '1.jpg', 37, '2018-07-30 18:13:37', '2018-07-30 18:13:37'),
(644, 'voluptatum', 'Eos aut fugit eum eligendi dolorem. Recusandae quae ea nisi aut earum.', 3, 'no disponible', '2.jpg', 198, '2018-07-30 18:13:37', '2018-07-30 18:13:37'),
(645, 'rerum', 'Nihil officia ut soluta officiis. Id voluptas ipsam vel ut quas esse maxime temporibus.', 1, 'no disponible', '2.jpg', 296, '2018-07-30 18:13:37', '2018-07-30 18:13:37'),
(646, 'dolore', 'Odit aut esse totam in qui iusto. Nesciunt dolores et nam ut.', 6, 'no disponible', '1.jpg', 295, '2018-07-30 18:13:37', '2018-07-30 18:13:37'),
(647, 'ut', 'Est non nam ducimus.', 7, 'no disponible', '1.jpg', 221, '2018-07-30 18:13:37', '2018-07-30 18:13:37'),
(648, 'iure', 'Maiores tempora soluta voluptas mollitia cupiditate itaque. Vitae ut ut ab consequuntur.', 10, 'no disponible', '2.jpg', 929, '2018-07-30 18:13:37', '2018-07-30 18:13:37'),
(649, 'debitis', 'Soluta dolorem omnis ea quaerat qui dolor.', 7, 'no disponible', '2.jpg', 188, '2018-07-30 18:13:37', '2018-07-30 18:13:37'),
(650, 'molestiae', 'Consequatur nesciunt ratione officia.', 7, 'disponible', '1.jpg', 36, '2018-07-30 18:13:37', '2018-07-30 18:13:37'),
(651, 'quo', 'Qui doloribus molestias qui et.', 4, 'disponible', '1.jpg', 390, '2018-07-30 18:13:37', '2018-07-30 18:13:37'),
(652, 'eos', 'Id deleniti voluptatem veritatis nisi consequuntur harum. Exercitationem qui harum voluptatem distinctio qui sequi illo.', 9, 'no disponible', '1.jpg', 835, '2018-07-30 18:13:37', '2018-07-30 18:13:37'),
(653, 'aliquid', 'Sed accusantium explicabo quia tempore.', 5, 'no disponible', '2.jpg', 940, '2018-07-30 18:13:37', '2018-07-30 18:13:37'),
(654, 'quia', 'Quod autem non facilis magnam. Excepturi id sint consequatur.', 2, 'disponible', '2.jpg', 626, '2018-07-30 18:13:37', '2018-07-30 18:13:37'),
(655, 'repellat', 'Voluptas qui quia magni.', 10, 'disponible', '1.jpg', 128, '2018-07-30 18:13:37', '2018-07-30 18:13:37'),
(656, 'vel', 'Impedit laborum assumenda excepturi sit unde corrupti aspernatur. Voluptatem ut blanditiis sed explicabo suscipit vel maxime.', 6, 'no disponible', '1.jpg', 696, '2018-07-30 18:13:38', '2018-07-30 18:13:38'),
(657, 'cupiditate', 'Odio in non repellendus.', 6, 'disponible', '1.jpg', 294, '2018-07-30 18:13:38', '2018-07-30 18:13:38'),
(658, 'officiis', 'Quam sed magni ipsa necessitatibus eos consequatur dignissimos. Autem placeat vitae qui non esse dolorem et placeat.', 4, 'disponible', '1.jpg', 781, '2018-07-30 18:13:38', '2018-07-30 18:13:38'),
(659, 'ut', 'Dolores consequatur magnam non ex veniam alias.', 5, 'no disponible', '2.jpg', 940, '2018-07-30 18:13:38', '2018-07-30 18:13:38'),
(660, 'nam', 'Sunt nam et ea. Ducimus aliquam alias ullam officiis et labore hic.', 7, 'disponible', '2.jpg', 759, '2018-07-30 18:13:38', '2018-07-30 18:13:38'),
(661, 'et', 'Et ipsum hic quibusdam voluptas repudiandae aut quidem. Id earum recusandae quis eius atque ratione magnam.', 1, 'disponible', '1.jpg', 68, '2018-07-30 18:13:38', '2018-07-30 18:13:38'),
(662, 'dolorem', 'Non soluta consequuntur ipsum placeat labore aut saepe voluptatem.', 7, 'disponible', '1.jpg', 593, '2018-07-30 18:13:38', '2018-07-30 18:13:38'),
(663, 'maiores', 'Voluptates cumque quia cupiditate veritatis praesentium id dolorem.', 6, 'disponible', '1.jpg', 737, '2018-07-30 18:13:38', '2018-07-30 18:13:38'),
(664, 'ut', 'Ipsam cumque facilis blanditiis facilis enim molestias temporibus. Aut ad ipsa in temporibus fugit quisquam.', 6, 'disponible', '2.jpg', 598, '2018-07-30 18:13:38', '2018-07-30 18:13:38'),
(665, 'explicabo', 'Ut culpa perferendis vero non. Consequatur consequatur corrupti minima ut assumenda hic quia.', 8, 'disponible', '2.jpg', 894, '2018-07-30 18:13:38', '2018-07-30 18:13:38'),
(666, 'adipisci', 'Consectetur et est itaque quo voluptas amet similique velit.', 2, 'disponible', '1.jpg', 949, '2018-07-30 18:13:38', '2018-07-30 18:13:38'),
(667, 'recusandae', 'Deserunt deserunt nostrum quidem quam.', 7, 'disponible', '1.jpg', 599, '2018-07-30 18:13:38', '2018-07-30 18:13:38'),
(668, 'voluptates', 'Numquam tempore suscipit dolores maiores. Explicabo sequi ullam aut ut.', 2, 'no disponible', '2.jpg', 393, '2018-07-30 18:13:38', '2018-07-30 18:13:38'),
(669, 'et', 'Fugit voluptas odio natus iste. Eveniet voluptatem totam quisquam maiores.', 2, 'no disponible', '1.jpg', 193, '2018-07-30 18:13:38', '2018-07-30 18:13:38'),
(670, 'quam', 'Sunt officia officia labore aliquid accusantium ex temporibus et. Ex alias in sapiente voluptates esse rerum.', 9, 'no disponible', '1.jpg', 836, '2018-07-30 18:13:38', '2018-07-30 18:13:38'),
(671, 'officiis', 'Voluptas in ut tempora eum ea quasi. Excepturi vero exercitationem nesciunt iure inventore dicta.', 6, 'no disponible', '2.jpg', 414, '2018-07-30 18:13:38', '2018-07-30 18:13:38'),
(672, 'minima', 'Repellat voluptatem omnis officia ut.', 9, 'disponible', '2.jpg', 729, '2018-07-30 18:13:38', '2018-07-30 18:13:38'),
(673, 'excepturi', 'Aspernatur soluta itaque error ab tenetur ut. Ratione omnis molestiae nobis amet.', 3, 'disponible', '2.jpg', 752, '2018-07-30 18:13:38', '2018-07-30 18:13:38'),
(674, 'ullam', 'Sunt ullam temporibus quasi iusto ut id. Voluptatem aut qui iusto omnis architecto consequatur.', 7, 'disponible', '1.jpg', 331, '2018-07-30 18:13:38', '2018-07-30 18:13:38'),
(675, 'perspiciatis', 'At et itaque dolorum repudiandae voluptatem reprehenderit. Quasi consequatur et laudantium ut quisquam quasi.', 1, 'disponible', '1.jpg', 170, '2018-07-30 18:13:38', '2018-07-30 18:13:38'),
(676, 'molestias', 'Mollitia voluptate eligendi quia veritatis suscipit.', 6, 'no disponible', '1.jpg', 403, '2018-07-30 18:13:38', '2018-07-30 18:13:38'),
(677, 'magni', 'Deserunt quisquam consequatur et autem iste qui. Recusandae sequi asperiores officiis nemo non id.', 4, 'disponible', '2.jpg', 328, '2018-07-30 18:13:38', '2018-07-30 18:13:38'),
(678, 'enim', 'Omnis qui tempore et voluptatem rerum dolor.', 8, 'no disponible', '1.jpg', 437, '2018-07-30 18:13:38', '2018-07-30 18:13:38'),
(679, 'quidem', 'Aspernatur ea aut quia provident voluptatum. Illum ducimus vel impedit.', 8, 'no disponible', '2.jpg', 230, '2018-07-30 18:13:38', '2018-07-30 18:13:38'),
(680, 'delectus', 'Eum deserunt dolorum consequatur maxime magnam. Corporis sapiente iure voluptatibus aspernatur.', 9, 'no disponible', '1.jpg', 20, '2018-07-30 18:13:38', '2018-07-30 18:13:38'),
(681, 'velit', 'Dolore omnis illo laboriosam totam dolor quae voluptatem ut. Nemo praesentium consequatur unde dolorem.', 10, 'no disponible', '2.jpg', 368, '2018-07-30 18:13:39', '2018-07-30 18:13:39'),
(682, 'nulla', 'Quis voluptate quia et atque dolor est. Est nobis et aut sit rerum.', 5, 'no disponible', '1.jpg', 153, '2018-07-30 18:13:39', '2018-07-30 18:13:39'),
(683, 'sint', 'Repellendus delectus minima laborum magnam. Iusto repellendus voluptatem eius porro.', 5, 'no disponible', '2.jpg', 96, '2018-07-30 18:13:39', '2018-07-30 18:13:39'),
(684, 'est', 'Debitis consequuntur qui commodi est repellendus tenetur sit sed.', 3, 'disponible', '1.jpg', 825, '2018-07-30 18:13:39', '2018-07-30 18:13:39'),
(685, 'deleniti', 'Et qui laboriosam quaerat sint natus.', 1, 'disponible', '1.jpg', 727, '2018-07-30 18:13:39', '2018-07-30 18:13:39'),
(686, 'velit', 'Ut et aut vel sunt architecto voluptas ipsa. Cumque magnam sed quibusdam.', 7, 'no disponible', '1.jpg', 771, '2018-07-30 18:13:39', '2018-07-30 18:13:39'),
(687, 'recusandae', 'Neque commodi assumenda et nisi sit illum omnis.', 4, 'disponible', '1.jpg', 70, '2018-07-30 18:13:39', '2018-07-30 18:13:39'),
(688, 'ducimus', 'Ut ratione nihil voluptate sunt facere eum est sunt. Est possimus facere esse ut quisquam facere maxime.', 8, 'disponible', '2.jpg', 751, '2018-07-30 18:13:39', '2018-07-30 18:13:39'),
(689, 'eum', 'Ipsum esse magni quos voluptas eligendi facere. Dolorum assumenda deserunt ea nesciunt.', 9, 'disponible', '1.jpg', 494, '2018-07-30 18:13:39', '2018-07-30 18:13:39'),
(690, 'est', 'Eum fugiat tempora voluptatem quia.', 9, 'no disponible', '1.jpg', 41, '2018-07-30 18:13:39', '2018-07-30 18:13:39'),
(691, 'sed', 'Aliquid nihil iure provident consectetur qui. Et quasi neque at ut ut aspernatur vel.', 1, 'no disponible', '1.jpg', 859, '2018-07-30 18:13:39', '2018-07-30 18:13:39'),
(692, 'laborum', 'Pariatur rerum explicabo commodi quisquam qui officiis quae maxime.', 10, 'no disponible', '1.jpg', 379, '2018-07-30 18:13:39', '2018-07-30 18:13:39'),
(693, 'nihil', 'Voluptas sit hic optio ex voluptatem consequatur commodi.', 7, 'disponible', '1.jpg', 721, '2018-07-30 18:13:39', '2018-07-30 18:13:39'),
(694, 'expedita', 'Quis eaque molestiae sapiente tempore dolore sed alias.', 4, 'disponible', '2.jpg', 249, '2018-07-30 18:13:39', '2018-07-30 18:13:39'),
(695, 'officia', 'Inventore quam dignissimos ut omnis voluptatum nemo ab. Accusantium laborum necessitatibus et et.', 5, 'no disponible', '2.jpg', 637, '2018-07-30 18:13:39', '2018-07-30 18:13:39'),
(696, 'amet', 'Ea similique nihil enim ipsam quis et.', 5, 'no disponible', '2.jpg', 69, '2018-07-30 18:13:39', '2018-07-30 18:13:39'),
(697, 'facere', 'Sed omnis corrupti et sequi dolorem autem. Distinctio et laborum hic quia voluptas quia.', 9, 'disponible', '2.jpg', 379, '2018-07-30 18:13:39', '2018-07-30 18:13:39'),
(698, 'ut', 'Neque placeat error in est id explicabo. Aut asperiores officiis dolor sunt.', 8, 'no disponible', '1.jpg', 935, '2018-07-30 18:13:39', '2018-07-30 18:13:39'),
(699, 'dolorum', 'Quam repellat eaque ea excepturi. Asperiores voluptatibus saepe minus iusto alias.', 2, 'no disponible', '2.jpg', 42, '2018-07-30 18:13:39', '2018-07-30 18:13:39'),
(700, 'adipisci', 'Odit eligendi omnis optio ad. Veniam facere eos nam ab voluptas quis.', 10, 'disponible', '1.jpg', 40, '2018-07-30 18:13:40', '2018-07-30 18:13:40'),
(701, 'modi', 'Earum deleniti aut similique.', 5, 'disponible', '2.jpg', 806, '2018-07-30 18:13:40', '2018-07-30 18:13:40'),
(702, 'illum', 'Ipsum dolores occaecati est velit numquam expedita asperiores.', 10, 'disponible', '2.jpg', 888, '2018-07-30 18:13:40', '2018-07-30 18:13:40'),
(703, 'assumenda', 'Quis quam excepturi quo expedita voluptate et voluptatibus. Non neque quae unde.', 9, 'disponible', '2.jpg', 123, '2018-07-30 18:13:40', '2018-07-30 18:13:40'),
(704, 'numquam', 'Non tempora tempore blanditiis earum. Quia debitis natus at dignissimos voluptas.', 4, 'no disponible', '1.jpg', 193, '2018-07-30 18:13:40', '2018-07-30 18:13:40'),
(705, 'et', 'Id cupiditate non quis velit. Mollitia minus magni quo in eius molestiae.', 6, 'no disponible', '1.jpg', 539, '2018-07-30 18:13:40', '2018-07-30 18:13:40'),
(706, 'ipsum', 'Earum repellat commodi consequatur consequatur voluptates in. Voluptate illum quas maxime rem reiciendis.', 10, 'disponible', '1.jpg', 614, '2018-07-30 18:13:40', '2018-07-30 18:13:40'),
(707, 'aperiam', 'Molestias voluptatem amet repudiandae. Sit eum tenetur qui explicabo veritatis quaerat.', 9, 'no disponible', '2.jpg', 193, '2018-07-30 18:13:40', '2018-07-30 18:13:40'),
(708, 'ut', 'Alias facere quaerat iste quia ipsum nemo ea quo. Eligendi et laudantium ad illum eius doloribus sed iste.', 8, 'disponible', '1.jpg', 916, '2018-07-30 18:13:40', '2018-07-30 18:13:40'),
(709, 'distinctio', 'Est eum libero qui aspernatur.', 3, 'disponible', '1.jpg', 202, '2018-07-30 18:13:40', '2018-07-30 18:13:40'),
(710, 'autem', 'Iure qui veniam qui ipsa consequatur labore. Qui est et porro dolores eaque aut sed.', 6, 'no disponible', '1.jpg', 220, '2018-07-30 18:13:40', '2018-07-30 18:13:40'),
(711, 'exercitationem', 'Molestiae dolorem id animi cupiditate quos possimus.', 9, 'disponible', '2.jpg', 196, '2018-07-30 18:13:40', '2018-07-30 18:13:40'),
(712, 'fugit', 'Nihil placeat et quasi dolores iusto.', 2, 'disponible', '1.jpg', 681, '2018-07-30 18:13:40', '2018-07-30 18:13:40'),
(713, 'dolores', 'Facilis est aut nihil dolor sed ad et id. Minima exercitationem laboriosam veniam temporibus iusto ab.', 8, 'disponible', '1.jpg', 471, '2018-07-30 18:13:40', '2018-07-30 18:13:40'),
(714, 'doloribus', 'Ut harum commodi quisquam sit.', 7, 'no disponible', '1.jpg', 940, '2018-07-30 18:13:40', '2018-07-30 18:13:40'),
(715, 'amet', 'Et nisi quia quidem voluptatem exercitationem.', 7, 'disponible', '1.jpg', 950, '2018-07-30 18:13:40', '2018-07-30 18:13:40'),
(716, 'id', 'Quia cupiditate ipsum ut nam expedita iusto id qui. Natus nihil perspiciatis impedit explicabo eum enim.', 5, 'no disponible', '2.jpg', 193, '2018-07-30 18:13:40', '2018-07-30 18:13:40'),
(717, 'rem', 'Et sed asperiores nisi quo ullam quis enim. Est nulla quidem repellat dolor eveniet adipisci ratione possimus.', 6, 'no disponible', '2.jpg', 341, '2018-07-30 18:13:40', '2018-07-30 18:13:40'),
(718, 'aperiam', 'Molestiae dolorem nesciunt dolorum molestias temporibus iure deleniti. Enim ut nulla officia sint quas tempore et.', 9, 'disponible', '1.jpg', 557, '2018-07-30 18:13:40', '2018-07-30 18:13:40'),
(719, 'distinctio', 'Magnam veritatis asperiores voluptas. Id quia rerum ullam aut deleniti ducimus.', 5, 'no disponible', '1.jpg', 528, '2018-07-30 18:13:40', '2018-07-30 18:13:40'),
(720, 'cum', 'Sunt nesciunt fugiat officia voluptatem eum.', 2, 'no disponible', '2.jpg', 454, '2018-07-30 18:13:40', '2018-07-30 18:13:40'),
(721, 'qui', 'Numquam laborum quis unde mollitia.', 7, 'no disponible', '1.jpg', 868, '2018-07-30 18:13:40', '2018-07-30 18:13:40'),
(722, 'debitis', 'Velit ipsa et assumenda voluptas ad esse possimus.', 1, 'disponible', '2.jpg', 783, '2018-07-30 18:13:40', '2018-07-30 18:13:40'),
(723, 'eum', 'Tempore eum aut voluptatem suscipit fuga quae enim.', 7, 'no disponible', '1.jpg', 407, '2018-07-30 18:13:40', '2018-07-30 18:13:40'),
(724, 'voluptatibus', 'Optio sapiente voluptate non culpa.', 6, 'disponible', '2.jpg', 157, '2018-07-30 18:13:40', '2018-07-30 18:13:40'),
(725, 'facere', 'Est accusantium nam aperiam voluptas accusamus eius enim. Consequatur dignissimos et facilis.', 1, 'no disponible', '1.jpg', 677, '2018-07-30 18:13:40', '2018-07-30 18:13:40'),
(726, 'impedit', 'Accusantium ipsum vero enim voluptate.', 8, 'no disponible', '1.jpg', 515, '2018-07-30 18:13:40', '2018-07-30 18:13:40'),
(727, 'ipsam', 'Iure consequatur et voluptatibus laudantium.', 7, 'disponible', '1.jpg', 651, '2018-07-30 18:13:40', '2018-07-30 18:13:40'),
(728, 'ut', 'Sunt suscipit laudantium est laboriosam enim. Ducimus reprehenderit et ratione in doloremque aliquid perspiciatis.', 6, 'no disponible', '2.jpg', 568, '2018-07-30 18:13:41', '2018-07-30 18:13:41'),
(729, 'porro', 'Sed qui odio aut asperiores et earum.', 9, 'disponible', '1.jpg', 874, '2018-07-30 18:13:41', '2018-07-30 18:13:41'),
(730, 'aut', 'Numquam et commodi est.', 6, 'disponible', '2.jpg', 742, '2018-07-30 18:13:41', '2018-07-30 18:13:41'),
(731, 'repellat', 'Rerum nobis commodi qui nobis suscipit autem est.', 4, 'no disponible', '2.jpg', 516, '2018-07-30 18:13:41', '2018-07-30 18:13:41'),
(732, 'voluptas', 'Temporibus velit doloremque voluptas aut ut molestias minima.', 2, 'disponible', '1.jpg', 458, '2018-07-30 18:13:41', '2018-07-30 18:13:41'),
(733, 'quis', 'Rem itaque nulla illum a in possimus.', 2, 'no disponible', '1.jpg', 389, '2018-07-30 18:13:41', '2018-07-30 18:13:41'),
(734, 'asperiores', 'Nam necessitatibus assumenda perspiciatis dignissimos et amet quidem. Voluptatum aliquam ea necessitatibus voluptates fugiat ut non.', 8, 'no disponible', '1.jpg', 574, '2018-07-30 18:13:41', '2018-07-30 18:13:41'),
(735, 'dicta', 'Praesentium itaque quisquam vitae architecto.', 3, 'disponible', '1.jpg', 269, '2018-07-30 18:13:41', '2018-07-30 18:13:41'),
(736, 'eaque', 'Quas aut qui quis sequi. Ut quam at aliquid ipsa.', 3, 'no disponible', '2.jpg', 421, '2018-07-30 18:13:41', '2018-07-30 18:13:41'),
(737, 'rerum', 'Qui possimus et consequatur voluptas illo non alias.', 1, 'disponible', '2.jpg', 497, '2018-07-30 18:13:41', '2018-07-30 18:13:41'),
(738, 'molestiae', 'Consequatur cupiditate distinctio ipsa dolores tenetur et. Qui sed unde ut qui fugit labore.', 10, 'disponible', '1.jpg', 250, '2018-07-30 18:13:41', '2018-07-30 18:13:41'),
(739, 'aliquam', 'Aut consectetur dolor qui.', 10, 'no disponible', '1.jpg', 634, '2018-07-30 18:13:41', '2018-07-30 18:13:41'),
(740, 'et', 'Id ut numquam dolorem ipsa.', 10, 'disponible', '2.jpg', 672, '2018-07-30 18:13:41', '2018-07-30 18:13:41'),
(741, 'dolorum', 'Delectus quisquam sunt perferendis veritatis quia harum nam.', 1, 'disponible', '1.jpg', 971, '2018-07-30 18:13:41', '2018-07-30 18:13:41'),
(742, 'modi', 'Eaque et repudiandae et velit. Optio quos illo ut adipisci voluptates.', 2, 'no disponible', '1.jpg', 772, '2018-07-30 18:13:41', '2018-07-30 18:13:41'),
(743, 'maxime', 'Autem sequi autem voluptas ad numquam perspiciatis veritatis.', 10, 'disponible', '2.jpg', 409, '2018-07-30 18:13:41', '2018-07-30 18:13:41'),
(744, 'consequatur', 'Adipisci voluptatem dignissimos vel sed.', 3, 'no disponible', '1.jpg', 499, '2018-07-30 18:13:41', '2018-07-30 18:13:41'),
(745, 'magni', 'Veritatis ut laboriosam ut saepe sequi nulla. Labore ipsum eos ullam.', 2, 'no disponible', '1.jpg', 322, '2018-07-30 18:13:41', '2018-07-30 18:13:41'),
(746, 'repellendus', 'Qui quas aut quia eos.', 3, 'disponible', '1.jpg', 488, '2018-07-30 18:13:41', '2018-07-30 18:13:41'),
(747, 'et', 'Recusandae et voluptatum perferendis porro dignissimos facilis. Ex qui ut quia.', 6, 'no disponible', '1.jpg', 734, '2018-07-30 18:13:41', '2018-07-30 18:13:41'),
(748, 'dolores', 'Eos qui aut omnis ratione.', 10, 'no disponible', '2.jpg', 548, '2018-07-30 18:13:41', '2018-07-30 18:13:41'),
(749, 'autem', 'Voluptates similique suscipit repellat modi iusto sapiente optio voluptates. Iure nesciunt natus ut esse et autem fuga.', 10, 'no disponible', '2.jpg', 690, '2018-07-30 18:13:41', '2018-07-30 18:13:41'),
(750, 'minus', 'Ea dolores nostrum quo. Veritatis natus inventore dignissimos fuga sed architecto suscipit.', 9, 'no disponible', '2.jpg', 760, '2018-07-30 18:13:41', '2018-07-30 18:13:41'),
(751, 'dolor', 'Accusamus voluptas odio modi ea assumenda provident.', 1, 'no disponible', '1.jpg', 542, '2018-07-30 18:13:41', '2018-07-30 18:13:41'),
(752, 'quae', 'Ipsa sed vel magni.', 7, 'no disponible', '2.jpg', 139, '2018-07-30 18:13:41', '2018-07-30 18:13:41'),
(753, 'voluptatem', 'Distinctio qui saepe ex nesciunt.', 2, 'disponible', '1.jpg', 324, '2018-07-30 18:13:41', '2018-07-30 18:13:41'),
(754, 'eos', 'Officiis inventore harum sed vel. Ut aut molestiae quia maiores ut.', 1, 'no disponible', '1.jpg', 216, '2018-07-30 18:13:41', '2018-07-30 18:13:41'),
(755, 'sed', 'Deserunt suscipit ea distinctio qui. Quidem officia veritatis et.', 8, 'no disponible', '2.jpg', 214, '2018-07-30 18:13:41', '2018-07-30 18:13:41'),
(756, 'voluptas', 'Deleniti maxime id quia rem.', 9, 'disponible', '1.jpg', 822, '2018-07-30 18:13:41', '2018-07-30 18:13:41'),
(757, 'quasi', 'Possimus reiciendis hic rerum molestias. Quam laborum similique ea.', 6, 'disponible', '2.jpg', 86, '2018-07-30 18:13:41', '2018-07-30 18:13:41'),
(758, 'sit', 'Sint voluptatum vitae odio architecto rerum mollitia ut.', 5, 'no disponible', '1.jpg', 495, '2018-07-30 18:13:41', '2018-07-30 18:13:41'),
(759, 'voluptates', 'Non magnam aut veniam excepturi. Delectus ducimus et ullam adipisci est ut.', 5, 'no disponible', '1.jpg', 854, '2018-07-30 18:13:41', '2018-07-30 18:13:41'),
(760, 'explicabo', 'Placeat omnis occaecati voluptas animi eligendi quisquam.', 1, 'disponible', '2.jpg', 584, '2018-07-30 18:13:41', '2018-07-30 18:13:41'),
(761, 'est', 'Optio perferendis delectus quis ad iusto.', 8, 'no disponible', '1.jpg', 358, '2018-07-30 18:13:41', '2018-07-30 18:13:41'),
(762, 'aliquam', 'Quibusdam animi aperiam ut accusantium.', 6, 'no disponible', '2.jpg', 157, '2018-07-30 18:13:42', '2018-07-30 18:13:42'),
(763, 'sit', 'Est molestiae voluptates sunt.', 1, 'no disponible', '2.jpg', 335, '2018-07-30 18:13:42', '2018-07-30 18:13:42'),
(764, 'reiciendis', 'Modi dolores iure impedit animi mollitia.', 3, 'no disponible', '2.jpg', 948, '2018-07-30 18:13:42', '2018-07-30 18:13:42'),
(765, 'pariatur', 'Quis unde deserunt fugit sit deserunt saepe perferendis repellat.', 5, 'no disponible', '2.jpg', 630, '2018-07-30 18:13:42', '2018-07-30 18:13:42'),
(766, 'ipsa', 'In dicta soluta id.', 10, 'disponible', '1.jpg', 224, '2018-07-30 18:13:42', '2018-07-30 18:13:42'),
(767, 'error', 'Dolor sapiente quas officia reiciendis.', 1, 'disponible', '2.jpg', 355, '2018-07-30 18:13:42', '2018-07-30 18:13:42'),
(768, 'suscipit', 'Dolor omnis in similique consequuntur vel.', 10, 'disponible', '2.jpg', 152, '2018-07-30 18:13:42', '2018-07-30 18:13:42'),
(769, 'ipsa', 'Ipsum odit nihil debitis numquam similique non at.', 3, 'no disponible', '1.jpg', 735, '2018-07-30 18:13:42', '2018-07-30 18:13:42'),
(770, 'consequuntur', 'Commodi qui accusamus nihil ducimus dolorem iure ab. Voluptas explicabo sit autem distinctio.', 2, 'no disponible', '1.jpg', 444, '2018-07-30 18:13:42', '2018-07-30 18:13:42'),
(771, 'eveniet', 'Harum distinctio dolorem et nemo et libero.', 1, 'no disponible', '2.jpg', 904, '2018-07-30 18:13:42', '2018-07-30 18:13:42'),
(772, 'laborum', 'Maiores modi aut ipsam doloribus impedit provident ad.', 8, 'disponible', '2.jpg', 385, '2018-07-30 18:13:42', '2018-07-30 18:13:42'),
(773, 'consequatur', 'Reprehenderit fugit assumenda quasi enim tenetur consectetur. Atque culpa consequatur commodi.', 5, 'no disponible', '2.jpg', 192, '2018-07-30 18:13:42', '2018-07-30 18:13:42'),
(774, 'quia', 'Facilis omnis facere eveniet laboriosam blanditiis. Sunt magnam nobis non omnis itaque.', 7, 'disponible', '1.jpg', 788, '2018-07-30 18:13:42', '2018-07-30 18:13:42'),
(775, 'vero', 'Facere error velit autem tempora harum tenetur fugiat eum. Doloremque tempore magnam voluptatem eos.', 5, 'no disponible', '2.jpg', 246, '2018-07-30 18:13:42', '2018-07-30 18:13:42'),
(776, 'velit', 'Consequuntur neque nemo illum in a debitis. Eius laboriosam animi quibusdam et impedit.', 4, 'disponible', '2.jpg', 934, '2018-07-30 18:13:42', '2018-07-30 18:13:42'),
(777, 'repellat', 'Voluptatem et accusantium placeat quos.', 9, 'no disponible', '2.jpg', 203, '2018-07-30 18:13:42', '2018-07-30 18:13:42'),
(778, 'aut', 'Corrupti porro repudiandae consectetur ut.', 10, 'disponible', '2.jpg', 232, '2018-07-30 18:13:42', '2018-07-30 18:13:42'),
(779, 'et', 'In eligendi corporis harum est soluta cum consequatur tempore. Hic pariatur pariatur harum nostrum consequatur sunt sit labore.', 7, 'disponible', '1.jpg', 160, '2018-07-30 18:13:42', '2018-07-30 18:13:42'),
(780, 'aut', 'Sed dolor vitae molestiae molestias rerum sapiente. Sit nulla ea tempore et enim amet excepturi.', 10, 'disponible', '1.jpg', 535, '2018-07-30 18:13:42', '2018-07-30 18:13:42'),
(781, 'ex', 'Et magnam ad odit aut sunt nemo commodi. Omnis nemo voluptatum omnis impedit velit libero.', 3, 'disponible', '1.jpg', 599, '2018-07-30 18:13:42', '2018-07-30 18:13:42'),
(782, 'quo', 'Alias reprehenderit ut perspiciatis distinctio quo id. Iure facilis neque voluptas doloribus quia aliquam.', 4, 'disponible', '1.jpg', 741, '2018-07-30 18:13:42', '2018-07-30 18:13:42'),
(783, 'voluptatem', 'Et debitis laudantium accusamus quis quae aliquam consequuntur.', 1, 'disponible', '1.jpg', 491, '2018-07-30 18:13:42', '2018-07-30 18:13:42'),
(784, 'tenetur', 'Omnis similique quia neque debitis.', 1, 'no disponible', '2.jpg', 891, '2018-07-30 18:13:42', '2018-07-30 18:13:42'),
(785, 'possimus', 'Et vitae aliquid voluptates in ducimus nihil. Et quidem est numquam reprehenderit et.', 8, 'disponible', '1.jpg', 944, '2018-07-30 18:13:42', '2018-07-30 18:13:42'),
(786, 'velit', 'Ducimus inventore repellat qui voluptatibus praesentium atque illum. Dolore ullam maxime qui ut.', 3, 'no disponible', '1.jpg', 778, '2018-07-30 18:13:42', '2018-07-30 18:13:42'),
(787, 'aliquid', 'Eum velit corporis et saepe exercitationem ducimus quibusdam.', 6, 'no disponible', '2.jpg', 799, '2018-07-30 18:13:42', '2018-07-30 18:13:42'),
(788, 'aut', 'Consequatur esse saepe rerum. Omnis culpa necessitatibus aliquam ducimus rerum.', 3, 'no disponible', '1.jpg', 429, '2018-07-30 18:13:42', '2018-07-30 18:13:42'),
(789, 'quis', 'Excepturi rerum nulla rerum delectus. Voluptatem nobis est et dolor voluptatum.', 6, 'no disponible', '2.jpg', 191, '2018-07-30 18:13:42', '2018-07-30 18:13:42'),
(790, 'illo', 'Praesentium facere eaque reprehenderit possimus. Et in ab delectus numquam esse est.', 3, 'disponible', '2.jpg', 214, '2018-07-30 18:13:42', '2018-07-30 18:13:42'),
(791, 'non', 'Blanditiis a tenetur voluptatem et aspernatur.', 3, 'disponible', '2.jpg', 900, '2018-07-30 18:13:42', '2018-07-30 18:13:42'),
(792, 'dolorem', 'Doloremque voluptas rerum debitis.', 5, 'no disponible', '1.jpg', 874, '2018-07-30 18:13:42', '2018-07-30 18:13:42'),
(793, 'asperiores', 'Vitae voluptas recusandae dolore eum sit ut eius.', 3, 'disponible', '1.jpg', 394, '2018-07-30 18:13:42', '2018-07-30 18:13:42'),
(794, 'asperiores', 'Iste ratione inventore voluptatem corporis omnis eaque minus.', 8, 'no disponible', '1.jpg', 886, '2018-07-30 18:13:42', '2018-07-30 18:13:42'),
(795, 'quam', 'Ut possimus numquam doloremque velit non sint molestias.', 3, 'disponible', '2.jpg', 15, '2018-07-30 18:13:43', '2018-07-30 18:13:43'),
(796, 'enim', 'Accusantium deleniti ipsam rerum nisi facilis.', 3, 'disponible', '2.jpg', 146, '2018-07-30 18:13:43', '2018-07-30 18:13:43'),
(797, 'tenetur', 'Ex quam reprehenderit et consectetur velit natus provident sint.', 9, 'disponible', '1.jpg', 500, '2018-07-30 18:13:43', '2018-07-30 18:13:43'),
(798, 'qui', 'Sit nemo distinctio et distinctio quam odit quas.', 7, 'disponible', '1.jpg', 898, '2018-07-30 18:13:43', '2018-07-30 18:13:43'),
(799, 'dignissimos', 'Quidem possimus facere voluptas omnis vel est laudantium soluta. Architecto quas est adipisci eius sequi iusto.', 9, 'no disponible', '1.jpg', 755, '2018-07-30 18:13:43', '2018-07-30 18:13:43'),
(800, 'ipsum', 'Quibusdam deserunt perferendis voluptates esse sapiente nostrum accusamus. Ea voluptatem quasi cum vel quas.', 5, 'disponible', '2.jpg', 539, '2018-07-30 18:13:43', '2018-07-30 18:13:43'),
(801, 'vel', 'Alias minima non dicta. Sit est sint illo.', 6, 'no disponible', '1.jpg', 518, '2018-07-30 18:13:43', '2018-07-30 18:13:43'),
(802, 'voluptate', 'Expedita nihil vel accusantium quas.', 8, 'disponible', '1.jpg', 420, '2018-07-30 18:13:43', '2018-07-30 18:13:43'),
(803, 'recusandae', 'Aut consequuntur aspernatur harum dolorem voluptates temporibus ut qui.', 8, 'disponible', '2.jpg', 903, '2018-07-30 18:13:43', '2018-07-30 18:13:43'),
(804, 'est', 'Beatae labore vel minus aut veniam.', 9, 'no disponible', '1.jpg', 553, '2018-07-30 18:13:43', '2018-07-30 18:13:43'),
(805, 'aspernatur', 'Quod voluptas sed deleniti ullam corrupti in. Est in sunt debitis eligendi.', 5, 'disponible', '2.jpg', 483, '2018-07-30 18:13:43', '2018-07-30 18:13:43'),
(806, 'dolores', 'Itaque cumque ipsum non nam voluptatem eum a.', 6, 'no disponible', '1.jpg', 756, '2018-07-30 18:13:43', '2018-07-30 18:13:43'),
(807, 'sed', 'Dolore dolore totam non dignissimos.', 2, 'disponible', '2.jpg', 774, '2018-07-30 18:13:43', '2018-07-30 18:13:43'),
(808, 'dolorem', 'Sapiente nemo debitis quo velit animi officiis culpa doloribus. Rerum fugit ut assumenda quisquam.', 3, 'no disponible', '2.jpg', 994, '2018-07-30 18:13:43', '2018-07-30 18:13:43'),
(809, 'fugiat', 'Suscipit hic perferendis quisquam maxime.', 8, 'disponible', '2.jpg', 245, '2018-07-30 18:13:43', '2018-07-30 18:13:43'),
(810, 'dolores', 'Rerum illo sunt eum ut mollitia at. Possimus nihil explicabo quis sed aperiam quis repellat.', 6, 'no disponible', '2.jpg', 468, '2018-07-30 18:13:43', '2018-07-30 18:13:43'),
(811, 'ex', 'Magnam soluta enim iusto temporibus rem ratione odit consequuntur. Est eaque omnis ut aperiam doloremque sed expedita.', 9, 'disponible', '1.jpg', 197, '2018-07-30 18:13:43', '2018-07-30 18:13:43'),
(812, 'ex', 'Et ut nisi est. Nemo sit ex unde sit explicabo qui laudantium.', 8, 'disponible', '1.jpg', 265, '2018-07-30 18:13:43', '2018-07-30 18:13:43'),
(813, 'sed', 'Id iste non corrupti aliquid odit. Tenetur officia porro dolores tempore earum.', 4, 'disponible', '2.jpg', 875, '2018-07-30 18:13:43', '2018-07-30 18:13:43'),
(814, 'nemo', 'Soluta harum porro aut vitae.', 5, 'no disponible', '2.jpg', 362, '2018-07-30 18:13:43', '2018-07-30 18:13:43'),
(815, 'est', 'Consequatur perspiciatis qui itaque consequatur.', 4, 'disponible', '2.jpg', 161, '2018-07-30 18:13:43', '2018-07-30 18:13:43'),
(816, 'perspiciatis', 'Assumenda iusto laudantium consequatur.', 2, 'no disponible', '1.jpg', 711, '2018-07-30 18:13:43', '2018-07-30 18:13:43'),
(817, 'nulla', 'Et eaque modi est occaecati perferendis voluptates est.', 8, 'no disponible', '1.jpg', 520, '2018-07-30 18:13:43', '2018-07-30 18:13:43'),
(818, 'dignissimos', 'Labore in et sunt maiores nulla modi.', 1, 'disponible', '2.jpg', 17, '2018-07-30 18:13:43', '2018-07-30 18:13:43'),
(819, 'atque', 'Minus nobis maiores alias dignissimos nostrum optio et.', 4, 'no disponible', '1.jpg', 597, '2018-07-30 18:13:43', '2018-07-30 18:13:43'),
(820, 'ut', 'Odio magnam et exercitationem aperiam quaerat tempore nisi. Dicta fugiat possimus quibusdam qui laboriosam.', 3, 'no disponible', '2.jpg', 14, '2018-07-30 18:13:44', '2018-07-30 18:13:44'),
(821, 'voluptatem', 'Mollitia enim sit suscipit ratione consequuntur. Dolores est harum voluptas placeat.', 9, 'no disponible', '2.jpg', 119, '2018-07-30 18:13:44', '2018-07-30 18:13:44'),
(822, 'minima', 'Iure iure sit enim non hic aut dolore. Labore minima placeat et ex.', 1, 'disponible', '2.jpg', 141, '2018-07-30 18:13:44', '2018-07-30 18:13:44'),
(823, 'molestiae', 'Aliquam iure maiores possimus aut et iusto. Unde ab aut neque.', 10, 'disponible', '1.jpg', 141, '2018-07-30 18:13:44', '2018-07-30 18:13:44'),
(824, 'natus', 'Error dolorum quis vel at voluptas.', 5, 'no disponible', '2.jpg', 591, '2018-07-30 18:13:44', '2018-07-30 18:13:44'),
(825, 'occaecati', 'Dolores repudiandae aperiam cupiditate. Explicabo in modi nihil labore.', 10, 'no disponible', '2.jpg', 309, '2018-07-30 18:13:44', '2018-07-30 18:13:44'),
(826, 'quis', 'Eligendi nemo aut et ex quaerat atque nam.', 6, 'disponible', '1.jpg', 207, '2018-07-30 18:13:44', '2018-07-30 18:13:44'),
(827, 'numquam', 'Corrupti impedit occaecati aut aliquam rerum quis.', 2, 'no disponible', '1.jpg', 859, '2018-07-30 18:13:44', '2018-07-30 18:13:44'),
(828, 'perspiciatis', 'Repudiandae qui et molestiae voluptas. Ex commodi rem beatae eum ratione harum repellat.', 7, 'disponible', '1.jpg', 737, '2018-07-30 18:13:44', '2018-07-30 18:13:44'),
(829, 'sed', 'At modi sit facilis error quia quaerat sit qui.', 5, 'no disponible', '2.jpg', 456, '2018-07-30 18:13:44', '2018-07-30 18:13:44'),
(830, 'molestiae', 'Et neque et illo ullam dolor. Ea adipisci qui at natus labore voluptas eum.', 6, 'no disponible', '2.jpg', 195, '2018-07-30 18:13:44', '2018-07-30 18:13:44'),
(831, 'consequatur', 'Sint omnis voluptatum inventore eum sapiente autem. Aspernatur illum sed eos tempora iste sit.', 5, 'disponible', '2.jpg', 461, '2018-07-30 18:13:44', '2018-07-30 18:13:44'),
(832, 'perspiciatis', 'Est culpa sit qui nemo velit ex. Molestiae consectetur numquam adipisci qui.', 6, 'no disponible', '2.jpg', 168, '2018-07-30 18:13:44', '2018-07-30 18:13:44'),
(833, 'reprehenderit', 'Earum iure sed autem.', 1, 'disponible', '2.jpg', 353, '2018-07-30 18:13:44', '2018-07-30 18:13:44'),
(834, 'magnam', 'Debitis quos numquam aut sint et voluptatum laborum quisquam. Porro nihil aliquam quisquam neque ipsam exercitationem.', 5, 'no disponible', '1.jpg', 656, '2018-07-30 18:13:44', '2018-07-30 18:13:44'),
(835, 'in', 'Officiis aperiam voluptatem sequi qui dolorem. Sit cum rem quis nulla.', 2, 'no disponible', '2.jpg', 894, '2018-07-30 18:13:44', '2018-07-30 18:13:44'),
(836, 'aut', 'Blanditiis libero at tenetur aut nam iusto.', 9, 'no disponible', '1.jpg', 503, '2018-07-30 18:13:44', '2018-07-30 18:13:44'),
(837, 'ipsa', 'Qui enim cumque voluptas sint impedit molestias cupiditate. Facilis unde nulla voluptatem odio quia consequatur similique deleniti.', 5, 'no disponible', '2.jpg', 76, '2018-07-30 18:13:44', '2018-07-30 18:13:44'),
(838, 'natus', 'Officia alias rerum qui rerum.', 1, 'disponible', '2.jpg', 245, '2018-07-30 18:13:44', '2018-07-30 18:13:44'),
(839, 'architecto', 'Qui eum debitis aut rerum quia dolorem.', 7, 'no disponible', '2.jpg', 207, '2018-07-30 18:13:44', '2018-07-30 18:13:44'),
(840, 'at', 'Dolorem qui doloremque ut sunt aut nemo. Et officiis accusamus eveniet.', 4, 'disponible', '1.jpg', 225, '2018-07-30 18:13:44', '2018-07-30 18:13:44'),
(841, 'quis', 'Autem qui dolorum animi corrupti voluptate dolores.', 5, 'no disponible', '2.jpg', 699, '2018-07-30 18:13:44', '2018-07-30 18:13:44'),
(842, 'beatae', 'Itaque aut quasi et autem ea ab minima. Quidem molestias aut aut veritatis velit odio totam.', 4, 'no disponible', '2.jpg', 381, '2018-07-30 18:13:44', '2018-07-30 18:13:44'),
(843, 'aut', 'Quia necessitatibus nulla vel beatae harum.', 10, 'disponible', '1.jpg', 289, '2018-07-30 18:13:44', '2018-07-30 18:13:44'),
(844, 'qui', 'Ut et possimus ad omnis occaecati rem porro.', 10, 'no disponible', '1.jpg', 562, '2018-07-30 18:13:44', '2018-07-30 18:13:44'),
(845, 'error', 'Cupiditate facilis est illo placeat optio veniam.', 2, 'disponible', '1.jpg', 854, '2018-07-30 18:13:44', '2018-07-30 18:13:44'),
(846, 'deserunt', 'In dicta consequatur iusto nesciunt similique cupiditate ex molestias.', 8, 'disponible', '1.jpg', 222, '2018-07-30 18:13:44', '2018-07-30 18:13:44'),
(847, 'ut', 'Praesentium aut aperiam sequi exercitationem sit in. Ipsam id dolores autem velit porro.', 10, 'no disponible', '1.jpg', 150, '2018-07-30 18:13:44', '2018-07-30 18:13:44'),
(848, 'praesentium', 'Non voluptatum dignissimos cupiditate deleniti.', 8, 'disponible', '2.jpg', 513, '2018-07-30 18:13:44', '2018-07-30 18:13:44'),
(849, 'facere', 'Distinctio vel porro ex expedita illo.', 5, 'no disponible', '2.jpg', 725, '2018-07-30 18:13:44', '2018-07-30 18:13:44'),
(850, 'sunt', 'Voluptates nihil veniam eum fugit.', 1, 'disponible', '1.jpg', 113, '2018-07-30 18:13:44', '2018-07-30 18:13:44'),
(851, 'ut', 'Excepturi inventore veniam a odio ex saepe rerum ipsa. Voluptas quisquam eligendi qui veritatis qui tenetur.', 7, 'no disponible', '2.jpg', 721, '2018-07-30 18:13:44', '2018-07-30 18:13:44'),
(852, 'quo', 'Eligendi velit adipisci ut in perspiciatis sed nam.', 5, 'disponible', '1.jpg', 264, '2018-07-30 18:13:44', '2018-07-30 18:13:44'),
(853, 'consequatur', 'Non adipisci dolores temporibus autem. Rerum nihil exercitationem fuga odit.', 5, 'no disponible', '1.jpg', 118, '2018-07-30 18:13:44', '2018-07-30 18:13:44'),
(854, 'sit', 'Magni qui ut delectus perferendis. Voluptates facere esse quia ut perferendis.', 4, 'disponible', '1.jpg', 216, '2018-07-30 18:13:44', '2018-07-30 18:13:44'),
(855, 'doloremque', 'Voluptatem commodi dolores unde est occaecati ad repudiandae perferendis. Harum est est qui maiores.', 10, 'disponible', '2.jpg', 571, '2018-07-30 18:13:44', '2018-07-30 18:13:44'),
(856, 'dolorem', 'Harum nesciunt quis quas hic sunt praesentium.', 2, 'no disponible', '2.jpg', 739, '2018-07-30 18:13:44', '2018-07-30 18:13:44'),
(857, 'explicabo', 'Necessitatibus velit ullam reiciendis magni quae.', 2, 'disponible', '1.jpg', 421, '2018-07-30 18:13:44', '2018-07-30 18:13:44'),
(858, 'commodi', 'Dolores omnis minima et incidunt.', 1, 'disponible', '1.jpg', 26, '2018-07-30 18:13:44', '2018-07-30 18:13:44'),
(859, 'corporis', 'Asperiores sapiente aliquid quae. Ea incidunt et iusto vero.', 5, 'disponible', '2.jpg', 199, '2018-07-30 18:13:45', '2018-07-30 18:13:45'),
(860, 'enim', 'Molestiae explicabo saepe laudantium atque architecto sapiente reiciendis. Incidunt ab exercitationem ullam aut quam aut.', 7, 'no disponible', '1.jpg', 617, '2018-07-30 18:13:45', '2018-07-30 18:13:45'),
(861, 'quos', 'Repellat iusto et eum aut culpa quo. Id velit quae eius rem.', 8, 'no disponible', '2.jpg', 273, '2018-07-30 18:13:45', '2018-07-30 18:13:45'),
(862, 'accusantium', 'Nemo numquam debitis eos.', 7, 'disponible', '1.jpg', 540, '2018-07-30 18:13:45', '2018-07-30 18:13:45'),
(863, 'non', 'Repudiandae perspiciatis non at et quibusdam non aut consectetur. Et ad aut praesentium quibusdam aut praesentium.', 10, 'disponible', '1.jpg', 908, '2018-07-30 18:13:45', '2018-07-30 18:13:45'),
(864, 'quo', 'Exercitationem et quisquam illum et sint beatae.', 5, 'disponible', '2.jpg', 550, '2018-07-30 18:13:45', '2018-07-30 18:13:45'),
(865, 'ut', 'Praesentium sed assumenda sed tempora. Dolorem ab fugit omnis.', 1, 'no disponible', '1.jpg', 685, '2018-07-30 18:13:45', '2018-07-30 18:13:45'),
(866, 'iure', 'Quod numquam accusantium non consequuntur. Est ea minus aut ut.', 9, 'no disponible', '2.jpg', 642, '2018-07-30 18:13:45', '2018-07-30 18:13:45'),
(867, 'aut', 'Eum at aliquid nostrum cupiditate. Aspernatur et sequi laborum ad illum nemo cumque.', 8, 'no disponible', '1.jpg', 579, '2018-07-30 18:13:45', '2018-07-30 18:13:45'),
(868, 'aut', 'Nam quasi nobis sequi non. Ut et sed voluptates nisi laborum cupiditate voluptatem.', 10, 'no disponible', '2.jpg', 538, '2018-07-30 18:13:45', '2018-07-30 18:13:45'),
(869, 'magni', 'Sequi aliquam veniam voluptatem explicabo.', 6, 'no disponible', '1.jpg', 726, '2018-07-30 18:13:45', '2018-07-30 18:13:45'),
(870, 'ut', 'Molestias odit inventore fuga quis nisi sed. Sint culpa amet molestiae sunt et.', 8, 'no disponible', '1.jpg', 357, '2018-07-30 18:13:45', '2018-07-30 18:13:45'),
(871, 'qui', 'Vitae quia incidunt architecto iusto praesentium. Et et aut provident.', 7, 'no disponible', '2.jpg', 673, '2018-07-30 18:13:45', '2018-07-30 18:13:45'),
(872, 'ratione', 'Aut accusamus non labore distinctio.', 9, 'no disponible', '2.jpg', 64, '2018-07-30 18:13:45', '2018-07-30 18:13:45'),
(873, 'praesentium', 'Quos possimus voluptatem iste ut sapiente.', 3, 'disponible', '1.jpg', 846, '2018-07-30 18:13:45', '2018-07-30 18:13:45'),
(874, 'asperiores', 'Perferendis rerum rerum pariatur atque eum odio nam. Distinctio occaecati est repellat sapiente molestiae accusantium.', 2, 'no disponible', '1.jpg', 325, '2018-07-30 18:13:45', '2018-07-30 18:13:45'),
(875, 'et', 'Eum ipsam placeat in pariatur.', 8, 'disponible', '1.jpg', 6, '2018-07-30 18:13:45', '2018-07-30 18:13:45'),
(876, 'quo', 'Et ea unde temporibus accusantium id ut quo facilis.', 4, 'no disponible', '1.jpg', 512, '2018-07-30 18:13:45', '2018-07-30 18:13:45'),
(877, 'nihil', 'Non dolorem quia eum sunt nostrum et. Explicabo cum voluptatem sit tenetur expedita sequi.', 4, 'no disponible', '2.jpg', 484, '2018-07-30 18:13:45', '2018-07-30 18:13:45'),
(878, 'qui', 'Aspernatur et voluptatibus nostrum aut labore id quidem. Culpa nisi et quidem.', 7, 'disponible', '1.jpg', 652, '2018-07-30 18:13:45', '2018-07-30 18:13:45'),
(879, 'totam', 'Officia quia distinctio qui eaque. Quia eum adipisci sequi amet et saepe sint.', 6, 'disponible', '1.jpg', 643, '2018-07-30 18:13:45', '2018-07-30 18:13:45'),
(880, 'enim', 'Adipisci dignissimos illo velit facere vero mollitia itaque delectus.', 6, 'disponible', '1.jpg', 531, '2018-07-30 18:13:45', '2018-07-30 18:13:45'),
(881, 'id', 'Soluta aspernatur tempore doloribus similique illo est.', 3, 'disponible', '1.jpg', 598, '2018-07-30 18:13:45', '2018-07-30 18:13:45'),
(882, 'error', 'Qui alias minima recusandae tenetur. Nulla voluptas qui modi.', 1, 'disponible', '2.jpg', 462, '2018-07-30 18:13:45', '2018-07-30 18:13:45'),
(883, 'aliquid', 'Nostrum cumque et numquam nobis. Et dolores in aliquid quaerat earum aut.', 2, 'no disponible', '1.jpg', 461, '2018-07-30 18:13:45', '2018-07-30 18:13:45'),
(884, 'dolorem', 'Et alias assumenda ad natus quia explicabo id. Aut modi distinctio explicabo dignissimos praesentium ab.', 7, 'no disponible', '2.jpg', 662, '2018-07-30 18:13:45', '2018-07-30 18:13:45'),
(885, 'nihil', 'Nobis quia et quam omnis vero corporis nam eius. Doloremque aut omnis adipisci sequi commodi autem qui.', 5, 'no disponible', '1.jpg', 807, '2018-07-30 18:13:46', '2018-07-30 18:13:46'),
(886, 'recusandae', 'Ullam nisi autem sint autem pariatur necessitatibus. Est ea qui perferendis fugiat eos.', 5, 'no disponible', '1.jpg', 797, '2018-07-30 18:13:46', '2018-07-30 18:13:46'),
(887, 'et', 'Exercitationem et aliquam quia.', 7, 'disponible', '1.jpg', 698, '2018-07-30 18:13:46', '2018-07-30 18:13:46'),
(888, 'id', 'Officiis non dolores est explicabo non aut.', 2, 'no disponible', '1.jpg', 901, '2018-07-30 18:13:46', '2018-07-30 18:13:46'),
(889, 'dolores', 'Voluptatem molestias similique impedit tempora quae.', 10, 'no disponible', '2.jpg', 849, '2018-07-30 18:13:46', '2018-07-30 18:13:46'),
(890, 'qui', 'Amet sed aut et fuga quasi earum recusandae. Fugit aut reiciendis ut omnis ut.', 5, 'disponible', '1.jpg', 789, '2018-07-30 18:13:46', '2018-07-30 18:13:46'),
(891, 'eum', 'Qui eveniet aut libero occaecati voluptatem quis nobis aut. Quas quisquam nulla modi recusandae.', 6, 'no disponible', '2.jpg', 780, '2018-07-30 18:13:46', '2018-07-30 18:13:46'),
(892, 'et', 'Necessitatibus temporibus modi iste est. Et minima dolorem neque ut deleniti.', 7, 'disponible', '2.jpg', 365, '2018-07-30 18:13:46', '2018-07-30 18:13:46'),
(893, 'nesciunt', 'Numquam non voluptatem et. Accusantium est fugit veniam necessitatibus eum facere vel aut.', 8, 'disponible', '1.jpg', 414, '2018-07-30 18:13:46', '2018-07-30 18:13:46'),
(894, 'harum', 'Illum iste tempora rerum reiciendis id.', 3, 'disponible', '1.jpg', 495, '2018-07-30 18:13:46', '2018-07-30 18:13:46'),
(895, 'dicta', 'Incidunt maiores commodi adipisci illo sapiente eligendi. Doloribus aut et alias itaque earum.', 8, 'disponible', '2.jpg', 218, '2018-07-30 18:13:46', '2018-07-30 18:13:46'),
(896, 'dolor', 'Consequatur unde recusandae a in perferendis. Similique expedita sunt qui at aliquam fuga non.', 10, 'disponible', '1.jpg', 629, '2018-07-30 18:13:46', '2018-07-30 18:13:46'),
(897, 'sed', 'Amet exercitationem commodi eos exercitationem. Et ut itaque impedit quas est.', 2, 'no disponible', '1.jpg', 125, '2018-07-30 18:13:46', '2018-07-30 18:13:46'),
(898, 'fugiat', 'Aut eos laborum magnam adipisci.', 3, 'disponible', '1.jpg', 262, '2018-07-30 18:13:46', '2018-07-30 18:13:46'),
(899, 'maiores', 'Accusantium iste recusandae dolorum qui excepturi placeat.', 5, 'no disponible', '1.jpg', 879, '2018-07-30 18:13:46', '2018-07-30 18:13:46'),
(900, 'quod', 'Omnis vitae perferendis error porro dolorem id molestias. Sunt suscipit quisquam itaque reiciendis.', 2, 'no disponible', '2.jpg', 48, '2018-07-30 18:13:46', '2018-07-30 18:13:46'),
(901, 'qui', 'Suscipit at sed quis ut.', 10, 'no disponible', '2.jpg', 911, '2018-07-30 18:13:46', '2018-07-30 18:13:46'),
(902, 'voluptas', 'Et dolorem minus tempore quibusdam dolor porro nobis. Voluptatem voluptatem expedita dolores corporis magnam id vero et.', 7, 'disponible', '2.jpg', 798, '2018-07-30 18:13:46', '2018-07-30 18:13:46'),
(903, 'est', 'Rerum molestiae qui nulla eaque et velit. Adipisci aliquam laborum consequatur alias in.', 9, 'disponible', '2.jpg', 839, '2018-07-30 18:13:46', '2018-07-30 18:13:46'),
(904, 'est', 'Dolorem quasi et vel voluptas iusto et delectus.', 6, 'disponible', '1.jpg', 984, '2018-07-30 18:13:47', '2018-07-30 18:13:47'),
(905, 'corrupti', 'Et et vel sed.', 8, 'disponible', '2.jpg', 393, '2018-07-30 18:13:47', '2018-07-30 18:13:47'),
(906, 'non', 'Pariatur voluptas in eius quas qui sunt non illo. Doloribus exercitationem officiis nulla vel rerum.', 5, 'no disponible', '2.jpg', 484, '2018-07-30 18:13:47', '2018-07-30 18:13:47'),
(907, 'laborum', 'Ea maxime perferendis quam soluta dolorem et et.', 2, 'disponible', '1.jpg', 413, '2018-07-30 18:13:47', '2018-07-30 18:13:47'),
(908, 'officia', 'Earum voluptatem autem recusandae ut numquam minima et. Dignissimos est voluptatem vero earum.', 6, 'disponible', '2.jpg', 466, '2018-07-30 18:13:47', '2018-07-30 18:13:47'),
(909, 'aut', 'Ullam vel repudiandae molestiae ut itaque aliquam.', 7, 'disponible', '2.jpg', 607, '2018-07-30 18:13:47', '2018-07-30 18:13:47'),
(910, 'aut', 'Fugiat ut eligendi doloremque omnis nobis.', 4, 'disponible', '2.jpg', 68, '2018-07-30 18:13:47', '2018-07-30 18:13:47'),
(911, 'sunt', 'Est rerum aliquam non laborum.', 9, 'disponible', '2.jpg', 687, '2018-07-30 18:13:47', '2018-07-30 18:13:47'),
(912, 'et', 'Quidem quasi consectetur cumque quasi rerum autem exercitationem quae.', 8, 'no disponible', '1.jpg', 54, '2018-07-30 18:13:47', '2018-07-30 18:13:47'),
(913, 'dolores', 'Dolor temporibus omnis odio doloremque.', 8, 'disponible', '1.jpg', 537, '2018-07-30 18:13:47', '2018-07-30 18:13:47'),
(914, 'aperiam', 'Maiores similique qui et tempora quas velit. Autem non exercitationem distinctio et unde numquam.', 8, 'no disponible', '2.jpg', 649, '2018-07-30 18:13:47', '2018-07-30 18:13:47'),
(915, 'sit', 'Totam qui autem qui nostrum. Velit architecto commodi tempore quasi et dolores excepturi voluptatem.', 1, 'no disponible', '1.jpg', 650, '2018-07-30 18:13:47', '2018-07-30 18:13:47'),
(916, 'culpa', 'Quis quis iure possimus doloribus. Nostrum quam eos accusantium.', 2, 'disponible', '1.jpg', 113, '2018-07-30 18:13:47', '2018-07-30 18:13:47');
INSERT INTO `products` (`id`, `name`, `description`, `quantity`, `estatus`, `image`, `seller_id`, `created_at`, `updated_at`) VALUES
(917, 'est', 'Voluptatem ab saepe dolorem sint velit sed. Libero ipsam tempora id est nobis consequatur in.', 2, 'disponible', '1.jpg', 737, '2018-07-30 18:13:47', '2018-07-30 18:13:47'),
(918, 'rerum', 'Nam nulla voluptates reprehenderit reiciendis quia. Quia fugit et a odio.', 1, 'no disponible', '1.jpg', 252, '2018-07-30 18:13:47', '2018-07-30 18:13:47'),
(919, 'magnam', 'Deleniti nesciunt possimus quaerat aut nobis velit id quo.', 2, 'no disponible', '1.jpg', 619, '2018-07-30 18:13:47', '2018-07-30 18:13:47'),
(920, 'et', 'Nihil eum amet blanditiis sapiente sed. Dolorem fugiat vero incidunt est.', 3, 'disponible', '1.jpg', 167, '2018-07-30 18:13:47', '2018-07-30 18:13:47'),
(921, 'consequatur', 'Aut qui aliquid magnam laborum ut corporis.', 3, 'disponible', '2.jpg', 749, '2018-07-30 18:13:47', '2018-07-30 18:13:47'),
(922, 'quis', 'Quia voluptas omnis voluptate laborum ab ullam. Dolores voluptates praesentium aut nihil a consequatur quaerat enim.', 7, 'no disponible', '1.jpg', 35, '2018-07-30 18:13:47', '2018-07-30 18:13:47'),
(923, 'dolorem', 'Blanditiis voluptate sed vel doloremque laudantium autem. Maxime dignissimos dicta aliquam ipsum dolorum temporibus.', 7, 'no disponible', '2.jpg', 355, '2018-07-30 18:13:47', '2018-07-30 18:13:47'),
(924, 'est', 'Eius molestiae cum non iure cumque eligendi ipsa. Ullam sequi ab aspernatur omnis ullam.', 9, 'no disponible', '1.jpg', 311, '2018-07-30 18:13:47', '2018-07-30 18:13:47'),
(925, 'aliquam', 'Voluptatibus eum enim dolorem eos beatae voluptatem non. Rem quia perferendis magnam molestiae.', 3, 'no disponible', '2.jpg', 243, '2018-07-30 18:13:47', '2018-07-30 18:13:47'),
(926, 'aspernatur', 'Sit quis nostrum quia quibusdam ut laborum. Deleniti laborum voluptatem et blanditiis.', 5, 'disponible', '2.jpg', 621, '2018-07-30 18:13:47', '2018-07-30 18:13:47'),
(927, 'fuga', 'Voluptate dignissimos inventore et suscipit ab.', 1, 'no disponible', '2.jpg', 536, '2018-07-30 18:13:47', '2018-07-30 18:13:47'),
(928, 'quia', 'Eveniet eligendi error nostrum praesentium impedit.', 7, 'disponible', '1.jpg', 562, '2018-07-30 18:13:47', '2018-07-30 18:13:47'),
(929, 'nihil', 'Beatae deleniti amet quisquam nihil voluptatum ratione ducimus. At et maiores quia.', 7, 'no disponible', '2.jpg', 509, '2018-07-30 18:13:47', '2018-07-30 18:13:47'),
(930, 'deleniti', 'Itaque nihil occaecati tempore ea quo cupiditate.', 8, 'no disponible', '1.jpg', 726, '2018-07-30 18:13:47', '2018-07-30 18:13:47'),
(931, 'dolore', 'Culpa expedita dignissimos sed sit tempora voluptatem aut.', 9, 'no disponible', '1.jpg', 271, '2018-07-30 18:13:47', '2018-07-30 18:13:47'),
(932, 'ad', 'Culpa quia magnam inventore possimus et dolore sint non. Corrupti magnam quos sunt occaecati ad nam aliquid.', 5, 'disponible', '1.jpg', 92, '2018-07-30 18:13:48', '2018-07-30 18:13:48'),
(933, 'quasi', 'Perspiciatis cum sunt aliquam eos cupiditate aperiam. Nisi fuga beatae illum.', 4, 'no disponible', '1.jpg', 375, '2018-07-30 18:13:48', '2018-07-30 18:13:48'),
(934, 'non', 'Itaque sit et alias quas.', 2, 'disponible', '2.jpg', 771, '2018-07-30 18:13:48', '2018-07-30 18:13:48'),
(935, 'molestias', 'Ut et quasi eius sapiente et et. Dolorem in tempora voluptate et officiis odio qui ut.', 5, 'disponible', '1.jpg', 657, '2018-07-30 18:13:48', '2018-07-30 18:13:48'),
(936, 'qui', 'Est nulla vel praesentium est facere neque temporibus.', 10, 'disponible', '2.jpg', 658, '2018-07-30 18:13:48', '2018-07-30 18:13:48'),
(937, 'fugiat', 'Neque aspernatur consequatur quasi dolores nihil. Doloremque reprehenderit laboriosam quia voluptatem.', 1, 'disponible', '2.jpg', 624, '2018-07-30 18:13:48', '2018-07-30 18:13:48'),
(938, 'rem', 'Soluta voluptas dignissimos et voluptatem modi quae.', 6, 'no disponible', '1.jpg', 587, '2018-07-30 18:13:48', '2018-07-30 18:13:48'),
(939, 'voluptatibus', 'Voluptas veniam qui deserunt mollitia perspiciatis ut. Molestiae molestias doloribus neque velit accusantium.', 1, 'disponible', '2.jpg', 121, '2018-07-30 18:13:48', '2018-07-30 18:13:48'),
(940, 'laudantium', 'Magni qui et quisquam eaque et repudiandae quo hic. Blanditiis soluta sit asperiores tenetur.', 10, 'no disponible', '1.jpg', 986, '2018-07-30 18:13:48', '2018-07-30 18:13:48'),
(941, 'alias', 'Error in labore ut ab eum. In quam rerum qui nobis est quisquam.', 9, 'no disponible', '2.jpg', 411, '2018-07-30 18:13:48', '2018-07-30 18:13:48'),
(942, 'quisquam', 'Provident nulla atque maiores nihil.', 6, 'no disponible', '1.jpg', 610, '2018-07-30 18:13:48', '2018-07-30 18:13:48'),
(943, 'facilis', 'Consectetur voluptatem asperiores alias ea.', 6, 'disponible', '1.jpg', 159, '2018-07-30 18:13:48', '2018-07-30 18:13:48'),
(944, 'aut', 'Consectetur quis et et modi occaecati eos. Aut voluptatibus saepe doloremque voluptatem earum.', 6, 'no disponible', '1.jpg', 546, '2018-07-30 18:13:48', '2018-07-30 18:13:48'),
(945, 'architecto', 'Corrupti voluptatem nihil dolorum. Non voluptatem deleniti temporibus aut quo est vel.', 8, 'disponible', '1.jpg', 602, '2018-07-30 18:13:48', '2018-07-30 18:13:48'),
(946, 'est', 'Qui exercitationem sit qui ea voluptatibus hic tempora molestiae. Eaque hic molestiae eveniet.', 2, 'no disponible', '2.jpg', 937, '2018-07-30 18:13:48', '2018-07-30 18:13:48'),
(947, 'praesentium', 'Excepturi et possimus et reiciendis placeat. Sequi pariatur dolor quis quos amet quos.', 8, 'disponible', '1.jpg', 822, '2018-07-30 18:13:48', '2018-07-30 18:13:48'),
(948, 'voluptas', 'Qui est architecto id aperiam molestiae ea.', 8, 'disponible', '1.jpg', 658, '2018-07-30 18:13:48', '2018-07-30 18:13:48'),
(949, 'nam', 'Voluptatem ut dolorem fugit eveniet dolorem explicabo.', 1, 'disponible', '2.jpg', 201, '2018-07-30 18:13:48', '2018-07-30 18:13:48'),
(950, 'sint', 'Enim laborum autem dolorem et eaque.', 3, 'no disponible', '1.jpg', 698, '2018-07-30 18:13:48', '2018-07-30 18:13:48'),
(951, 'voluptas', 'Est dolores aut blanditiis.', 5, 'disponible', '2.jpg', 620, '2018-07-30 18:13:48', '2018-07-30 18:13:48'),
(952, 'est', 'Vitae eveniet iusto quod asperiores. Aliquam omnis corporis amet.', 2, 'disponible', '2.jpg', 94, '2018-07-30 18:13:48', '2018-07-30 18:13:48'),
(953, 'similique', 'Laboriosam temporibus vel cupiditate et. Excepturi sunt debitis eos quod.', 1, 'no disponible', '1.jpg', 846, '2018-07-30 18:13:48', '2018-07-30 18:13:48'),
(954, 'quam', 'Praesentium id dolore magnam ut.', 1, 'no disponible', '2.jpg', 454, '2018-07-30 18:13:48', '2018-07-30 18:13:48'),
(955, 'voluptas', 'Qui perspiciatis quia sequi aperiam.', 1, 'disponible', '1.jpg', 687, '2018-07-30 18:13:48', '2018-07-30 18:13:48'),
(956, 'facilis', 'Quae qui praesentium eum atque accusamus. Vel eligendi temporibus sed placeat accusamus ut.', 1, 'no disponible', '2.jpg', 563, '2018-07-30 18:13:48', '2018-07-30 18:13:48'),
(957, 'est', 'Quos quisquam omnis molestiae sit eveniet labore velit rem. Dolorem quidem dolores voluptas enim animi neque qui quia.', 2, 'no disponible', '1.jpg', 537, '2018-07-30 18:13:48', '2018-07-30 18:13:48'),
(958, 'quidem', 'Error ab similique sed est corporis.', 7, 'disponible', '2.jpg', 343, '2018-07-30 18:13:48', '2018-07-30 18:13:48'),
(959, 'dolor', 'Ea ab natus dicta ducimus. Consequatur possimus temporibus quisquam impedit.', 4, 'no disponible', '1.jpg', 847, '2018-07-30 18:13:48', '2018-07-30 18:13:48'),
(960, 'eaque', 'Illum repellat officiis impedit voluptate. Tenetur officiis ad necessitatibus dolorum vel.', 3, 'no disponible', '1.jpg', 252, '2018-07-30 18:13:48', '2018-07-30 18:13:48'),
(961, 'qui', 'Et qui omnis consequatur autem similique. Aut et qui beatae.', 7, 'disponible', '2.jpg', 8, '2018-07-30 18:13:49', '2018-07-30 18:13:49'),
(962, 'facilis', 'Quo iusto cumque minus sit architecto debitis. Dolorem tempora consequatur nobis qui debitis veritatis.', 1, 'disponible', '1.jpg', 171, '2018-07-30 18:13:49', '2018-07-30 18:13:49'),
(963, 'et', 'Aut enim enim inventore aspernatur. Ab illo corrupti rerum officia.', 6, 'disponible', '1.jpg', 561, '2018-07-30 18:13:49', '2018-07-30 18:13:49'),
(964, 'sed', 'Minus nemo vel et id vero quibusdam expedita.', 4, 'no disponible', '2.jpg', 718, '2018-07-30 18:13:49', '2018-07-30 18:13:49'),
(965, 'vel', 'Deserunt asperiores illo officiis quaerat rerum delectus. Ut qui asperiores est esse dolores vel.', 3, 'no disponible', '1.jpg', 268, '2018-07-30 18:13:49', '2018-07-30 18:13:49'),
(966, 'quae', 'Alias iure id velit ipsa. Ut saepe delectus blanditiis consequuntur consequuntur.', 7, 'disponible', '1.jpg', 884, '2018-07-30 18:13:49', '2018-07-30 18:13:49'),
(967, 'est', 'Fuga ipsum cum minima accusamus nostrum est. Sequi possimus sapiente sed animi qui saepe debitis.', 3, 'no disponible', '2.jpg', 660, '2018-07-30 18:13:49', '2018-07-30 18:13:49'),
(968, 'similique', 'Dolorem fugit omnis corrupti similique dolore. Consectetur ut officia soluta et rerum voluptatum.', 9, 'disponible', '2.jpg', 981, '2018-07-30 18:13:49', '2018-07-30 18:13:49'),
(969, 'aspernatur', 'Vel enim ab quas sunt. Dolores qui facere temporibus eum.', 5, 'disponible', '2.jpg', 820, '2018-07-30 18:13:49', '2018-07-30 18:13:49'),
(970, 'vero', 'Qui fugiat quod cumque. Incidunt quam aut nemo a sed.', 1, 'disponible', '2.jpg', 173, '2018-07-30 18:13:49', '2018-07-30 18:13:49'),
(971, 'quia', 'Nulla est a aut corporis aut hic beatae. Commodi quaerat unde eos harum ipsam.', 4, 'no disponible', '2.jpg', 789, '2018-07-30 18:13:49', '2018-07-30 18:13:49'),
(972, 'assumenda', 'Magni error perferendis deserunt autem itaque consequuntur ut. Expedita sunt adipisci repudiandae soluta.', 5, 'disponible', '2.jpg', 153, '2018-07-30 18:13:49', '2018-07-30 18:13:49'),
(973, 'vitae', 'Possimus iste rem ea accusamus quae velit ipsa. Ut perferendis suscipit ratione ut hic.', 2, 'disponible', '2.jpg', 846, '2018-07-30 18:13:49', '2018-07-30 18:13:49'),
(974, 'accusantium', 'Perspiciatis eum dolore et soluta quis non.', 2, 'disponible', '2.jpg', 993, '2018-07-30 18:13:49', '2018-07-30 18:13:49'),
(975, 'aut', 'Ut rerum fuga voluptatem possimus quo dolor. Quod ad quia qui est et cum.', 2, 'no disponible', '2.jpg', 401, '2018-07-30 18:13:49', '2018-07-30 18:13:49'),
(976, 'cum', 'Eum quo velit voluptatem quia voluptas. Placeat doloribus iure ipsam necessitatibus modi perspiciatis velit.', 10, 'no disponible', '1.jpg', 639, '2018-07-30 18:13:49', '2018-07-30 18:13:49'),
(977, 'consequatur', 'Est rem id fuga placeat ut consectetur.', 1, 'no disponible', '1.jpg', 850, '2018-07-30 18:13:49', '2018-07-30 18:13:49'),
(978, 'dolores', 'Aut nam quia doloribus beatae et. Vitae doloremque est quo.', 6, 'no disponible', '1.jpg', 757, '2018-07-30 18:13:49', '2018-07-30 18:13:49'),
(979, 'voluptatem', 'Qui magni provident sint quis aut vel odit. Molestiae architecto quis ut.', 8, 'no disponible', '1.jpg', 183, '2018-07-30 18:13:49', '2018-07-30 18:13:49'),
(980, 'omnis', 'Laborum facere modi alias ipsum earum officia.', 5, 'disponible', '1.jpg', 872, '2018-07-30 18:13:49', '2018-07-30 18:13:49'),
(981, 'dolorem', 'Laborum tempore omnis fuga natus in saepe consequatur quo. Ipsum minima rem omnis.', 2, 'disponible', '1.jpg', 702, '2018-07-30 18:13:49', '2018-07-30 18:13:49'),
(982, 'minus', 'Sint possimus harum unde ut saepe molestiae. Voluptas non assumenda mollitia velit ipsa.', 6, 'disponible', '2.jpg', 830, '2018-07-30 18:13:49', '2018-07-30 18:13:49'),
(983, 'sint', 'Et eaque tempora sequi saepe sed dolorem. Eligendi rem sint eveniet earum recusandae.', 9, 'no disponible', '2.jpg', 569, '2018-07-30 18:13:49', '2018-07-30 18:13:49'),
(984, 'voluptas', 'Architecto officia nihil laborum et animi autem in. Non totam reiciendis temporibus nihil et.', 6, 'no disponible', '1.jpg', 577, '2018-07-30 18:13:49', '2018-07-30 18:13:49'),
(985, 'repellendus', 'Expedita facilis magni voluptatem illo architecto.', 1, 'no disponible', '2.jpg', 237, '2018-07-30 18:13:49', '2018-07-30 18:13:49'),
(986, 'delectus', 'Sit saepe a itaque consequuntur quibusdam molestiae. Voluptas qui perferendis quidem illum enim quidem.', 8, 'disponible', '1.jpg', 201, '2018-07-30 18:13:49', '2018-07-30 18:13:49'),
(987, 'exercitationem', 'Natus sint quia repellat consectetur. Possimus voluptatum ut tempora hic qui voluptatem asperiores.', 7, 'no disponible', '2.jpg', 481, '2018-07-30 18:13:49', '2018-07-30 18:13:49'),
(988, 'impedit', 'Reprehenderit possimus cupiditate eaque minima id. Perspiciatis omnis dolores adipisci doloribus velit.', 2, 'disponible', '2.jpg', 444, '2018-07-30 18:13:49', '2018-07-30 18:13:49'),
(989, 'dolore', 'Mollitia illo omnis eum sit.', 2, 'disponible', '2.jpg', 229, '2018-07-30 18:13:49', '2018-07-30 18:13:49'),
(990, 'molestiae', 'Ut cumque expedita aliquid necessitatibus consequatur rerum quidem. Id expedita quia mollitia qui voluptate voluptas.', 2, 'disponible', '2.jpg', 26, '2018-07-30 18:13:50', '2018-07-30 18:13:50'),
(991, 'in', 'Eum voluptas quasi quia natus voluptatibus. Corrupti laborum recusandae ipsum laboriosam laudantium.', 9, 'no disponible', '2.jpg', 31, '2018-07-30 18:13:50', '2018-07-30 18:13:50'),
(992, 'assumenda', 'Consequuntur quia ratione dolore optio.', 3, 'disponible', '2.jpg', 492, '2018-07-30 18:13:50', '2018-07-30 18:13:50'),
(993, 'nostrum', 'Atque rerum perferendis ut numquam. Nihil aliquam reiciendis repellendus est.', 2, 'disponible', '2.jpg', 26, '2018-07-30 18:13:50', '2018-07-30 18:13:50'),
(994, 'iure', 'Qui libero vel molestias. Excepturi cupiditate enim accusamus vel omnis esse.', 10, 'no disponible', '1.jpg', 435, '2018-07-30 18:13:50', '2018-07-30 18:13:50'),
(995, 'et', 'Quod magni consectetur ut ex. Dolore et sed quod sunt qui laudantium.', 10, 'disponible', '1.jpg', 19, '2018-07-30 18:13:50', '2018-07-30 18:13:50'),
(996, 'in', 'Assumenda nihil non non incidunt quaerat.', 4, 'disponible', '2.jpg', 782, '2018-07-30 18:13:50', '2018-07-30 18:13:50'),
(997, 'maxime', 'Nostrum esse rerum nostrum eius quas.', 5, 'no disponible', '1.jpg', 741, '2018-07-30 18:13:50', '2018-07-30 18:13:50'),
(998, 'iste', 'Non alias dignissimos praesentium.', 3, 'no disponible', '2.jpg', 407, '2018-07-30 18:13:50', '2018-07-30 18:13:50'),
(999, 'nam', 'Delectus hic veritatis animi molestiae vel ipsam sunt.', 1, 'no disponible', '1.jpg', 574, '2018-07-30 18:13:50', '2018-07-30 18:13:50'),
(1000, 'esse', 'Autem optio dolorem totam esse reiciendis molestiae facilis molestias.', 4, 'disponible', '2.jpg', 687, '2018-07-30 18:13:50', '2018-07-30 18:13:50');

-- --------------------------------------------------------

--
-- Estructura de tabla para la tabla `transactions`
--

CREATE TABLE `transactions` (
  `id` int(10) UNSIGNED NOT NULL,
  `quantity` int(10) UNSIGNED NOT NULL,
  `buyer_id` int(10) UNSIGNED NOT NULL,
  `product_id` int(10) UNSIGNED NOT NULL,
  `created_at` timestamp NULL DEFAULT NULL,
  `updated_at` timestamp NULL DEFAULT NULL
) ENGINE=InnoDB DEFAULT CHARSET=utf8mb4 COLLATE=utf8mb4_unicode_ci;

--
-- Volcado de datos para la tabla `transactions`
--

INSERT INTO `transactions` (`id`, `quantity`, `buyer_id`, `product_id`, `created_at`, `updated_at`) VALUES
(1, 3, 596, 159, '2018-07-30 18:15:01', '2018-07-30 18:15:01'),
(2, 3, 583, 381, '2018-07-30 18:15:01', '2018-07-30 18:15:01'),
(3, 1, 822, 855, '2018-07-30 18:15:01', '2018-07-30 18:15:01'),
(4, 1, 151, 317, '2018-07-30 18:15:01', '2018-07-30 18:15:01'),
(5, 2, 663, 271, '2018-07-30 18:15:01', '2018-07-30 18:15:01'),
(6, 3, 1000, 708, '2018-07-30 18:15:01', '2018-07-30 18:15:01'),
(7, 2, 455, 907, '2018-07-30 18:15:01', '2018-07-30 18:15:01'),
(8, 2, 758, 506, '2018-07-30 18:15:01', '2018-07-30 18:15:01'),
(9, 2, 39, 482, '2018-07-30 18:15:01', '2018-07-30 18:15:01'),
(10, 1, 855, 432, '2018-07-30 18:15:01', '2018-07-30 18:15:01'),
(11, 3, 986, 155, '2018-07-30 18:15:01', '2018-07-30 18:15:01'),
(12, 3, 535, 38, '2018-07-30 18:15:01', '2018-07-30 18:15:01'),
(13, 1, 699, 687, '2018-07-30 18:15:01', '2018-07-30 18:15:01'),
(14, 1, 683, 28, '2018-07-30 18:15:02', '2018-07-30 18:15:02'),
(15, 2, 216, 451, '2018-07-30 18:15:02', '2018-07-30 18:15:02'),
(16, 1, 464, 628, '2018-07-30 18:15:02', '2018-07-30 18:15:02'),
(17, 1, 267, 878, '2018-07-30 18:15:02', '2018-07-30 18:15:02'),
(18, 3, 71, 154, '2018-07-30 18:15:02', '2018-07-30 18:15:02'),
(19, 3, 987, 445, '2018-07-30 18:15:02', '2018-07-30 18:15:02'),
(20, 1, 156, 532, '2018-07-30 18:15:02', '2018-07-30 18:15:02'),
(21, 2, 220, 749, '2018-07-30 18:15:02', '2018-07-30 18:15:02'),
(22, 1, 98, 308, '2018-07-30 18:15:02', '2018-07-30 18:15:02'),
(23, 2, 399, 829, '2018-07-30 18:15:02', '2018-07-30 18:15:02'),
(24, 1, 974, 819, '2018-07-30 18:15:02', '2018-07-30 18:15:02'),
(25, 2, 905, 963, '2018-07-30 18:15:02', '2018-07-30 18:15:02'),
(26, 3, 258, 611, '2018-07-30 18:15:02', '2018-07-30 18:15:02'),
(27, 1, 733, 945, '2018-07-30 18:15:02', '2018-07-30 18:15:02'),
(28, 2, 261, 601, '2018-07-30 18:15:02', '2018-07-30 18:15:02'),
(29, 3, 513, 292, '2018-07-30 18:15:02', '2018-07-30 18:15:02'),
(30, 1, 647, 925, '2018-07-30 18:15:02', '2018-07-30 18:15:02'),
(31, 2, 890, 562, '2018-07-30 18:15:02', '2018-07-30 18:15:02'),
(32, 2, 593, 35, '2018-07-30 18:15:02', '2018-07-30 18:15:02'),
(33, 3, 31, 629, '2018-07-30 18:15:02', '2018-07-30 18:15:02'),
(34, 3, 712, 483, '2018-07-30 18:15:02', '2018-07-30 18:15:02'),
(35, 3, 252, 761, '2018-07-30 18:15:02', '2018-07-30 18:15:02'),
(36, 2, 557, 944, '2018-07-30 18:15:02', '2018-07-30 18:15:02'),
(37, 1, 10, 350, '2018-07-30 18:15:02', '2018-07-30 18:15:02'),
(38, 3, 989, 611, '2018-07-30 18:15:02', '2018-07-30 18:15:02'),
(39, 2, 908, 360, '2018-07-30 18:15:02', '2018-07-30 18:15:02'),
(40, 3, 78, 41, '2018-07-30 18:15:02', '2018-07-30 18:15:02'),
(41, 3, 266, 379, '2018-07-30 18:15:02', '2018-07-30 18:15:02'),
(42, 2, 811, 734, '2018-07-30 18:15:02', '2018-07-30 18:15:02'),
(43, 3, 126, 459, '2018-07-30 18:15:02', '2018-07-30 18:15:02'),
(44, 1, 852, 148, '2018-07-30 18:15:02', '2018-07-30 18:15:02'),
(45, 1, 561, 396, '2018-07-30 18:15:02', '2018-07-30 18:15:02'),
(46, 2, 726, 507, '2018-07-30 18:15:02', '2018-07-30 18:15:02'),
(47, 3, 619, 860, '2018-07-30 18:15:02', '2018-07-30 18:15:02'),
(48, 2, 951, 870, '2018-07-30 18:15:02', '2018-07-30 18:15:02'),
(49, 2, 993, 368, '2018-07-30 18:15:02', '2018-07-30 18:15:02'),
(50, 3, 731, 780, '2018-07-30 18:15:02', '2018-07-30 18:15:02'),
(51, 2, 437, 293, '2018-07-30 18:15:02', '2018-07-30 18:15:02'),
(52, 2, 30, 167, '2018-07-30 18:15:02', '2018-07-30 18:15:02'),
(53, 1, 866, 23, '2018-07-30 18:15:02', '2018-07-30 18:15:02'),
(54, 3, 711, 746, '2018-07-30 18:15:02', '2018-07-30 18:15:02'),
(55, 3, 512, 975, '2018-07-30 18:15:02', '2018-07-30 18:15:02'),
(56, 3, 951, 941, '2018-07-30 18:15:03', '2018-07-30 18:15:03'),
(57, 1, 838, 375, '2018-07-30 18:15:03', '2018-07-30 18:15:03'),
(58, 2, 929, 103, '2018-07-30 18:15:03', '2018-07-30 18:15:03'),
(59, 3, 943, 26, '2018-07-30 18:15:03', '2018-07-30 18:15:03'),
(60, 2, 450, 669, '2018-07-30 18:15:03', '2018-07-30 18:15:03'),
(61, 3, 381, 103, '2018-07-30 18:15:03', '2018-07-30 18:15:03'),
(62, 2, 662, 869, '2018-07-30 18:15:03', '2018-07-30 18:15:03'),
(63, 2, 926, 889, '2018-07-30 18:15:03', '2018-07-30 18:15:03'),
(64, 1, 664, 696, '2018-07-30 18:15:03', '2018-07-30 18:15:03'),
(65, 3, 539, 290, '2018-07-30 18:15:03', '2018-07-30 18:15:03'),
(66, 3, 903, 321, '2018-07-30 18:15:03', '2018-07-30 18:15:03'),
(67, 1, 978, 325, '2018-07-30 18:15:03', '2018-07-30 18:15:03'),
(68, 2, 766, 212, '2018-07-30 18:15:03', '2018-07-30 18:15:03'),
(69, 1, 746, 815, '2018-07-30 18:15:03', '2018-07-30 18:15:03'),
(70, 3, 264, 334, '2018-07-30 18:15:03', '2018-07-30 18:15:03'),
(71, 1, 532, 699, '2018-07-30 18:15:03', '2018-07-30 18:15:03'),
(72, 1, 407, 469, '2018-07-30 18:15:03', '2018-07-30 18:15:03'),
(73, 2, 612, 584, '2018-07-30 18:15:03', '2018-07-30 18:15:03'),
(74, 1, 204, 425, '2018-07-30 18:15:03', '2018-07-30 18:15:03'),
(75, 2, 130, 216, '2018-07-30 18:15:03', '2018-07-30 18:15:03'),
(76, 3, 918, 249, '2018-07-30 18:15:03', '2018-07-30 18:15:03'),
(77, 2, 381, 796, '2018-07-30 18:15:04', '2018-07-30 18:15:04'),
(78, 2, 46, 684, '2018-07-30 18:15:04', '2018-07-30 18:15:04'),
(79, 2, 57, 804, '2018-07-30 18:15:04', '2018-07-30 18:15:04'),
(80, 3, 543, 347, '2018-07-30 18:15:04', '2018-07-30 18:15:04'),
(81, 3, 273, 892, '2018-07-30 18:15:04', '2018-07-30 18:15:04'),
(82, 2, 826, 112, '2018-07-30 18:15:04', '2018-07-30 18:15:04'),
(83, 1, 465, 227, '2018-07-30 18:15:04', '2018-07-30 18:15:04'),
(84, 1, 335, 544, '2018-07-30 18:15:04', '2018-07-30 18:15:04'),
(85, 2, 67, 342, '2018-07-30 18:15:04', '2018-07-30 18:15:04'),
(86, 2, 269, 235, '2018-07-30 18:15:04', '2018-07-30 18:15:04'),
(87, 3, 938, 548, '2018-07-30 18:15:04', '2018-07-30 18:15:04'),
(88, 3, 698, 959, '2018-07-30 18:15:04', '2018-07-30 18:15:04'),
(89, 2, 653, 314, '2018-07-30 18:15:04', '2018-07-30 18:15:04'),
(90, 3, 914, 316, '2018-07-30 18:15:04', '2018-07-30 18:15:04'),
(91, 3, 515, 421, '2018-07-30 18:15:04', '2018-07-30 18:15:04'),
(92, 1, 501, 399, '2018-07-30 18:15:04', '2018-07-30 18:15:04'),
(93, 2, 264, 133, '2018-07-30 18:15:04', '2018-07-30 18:15:04'),
(94, 1, 483, 829, '2018-07-30 18:15:04', '2018-07-30 18:15:04'),
(95, 1, 683, 174, '2018-07-30 18:15:04', '2018-07-30 18:15:04'),
(96, 1, 339, 739, '2018-07-30 18:15:04', '2018-07-30 18:15:04'),
(97, 2, 197, 670, '2018-07-30 18:15:04', '2018-07-30 18:15:04'),
(98, 3, 35, 989, '2018-07-30 18:15:04', '2018-07-30 18:15:04'),
(99, 3, 807, 907, '2018-07-30 18:15:04', '2018-07-30 18:15:04'),
(100, 2, 17, 23, '2018-07-30 18:15:04', '2018-07-30 18:15:04'),
(101, 1, 209, 283, '2018-07-30 18:15:04', '2018-07-30 18:15:04'),
(102, 1, 913, 285, '2018-07-30 18:15:04', '2018-07-30 18:15:04'),
(103, 3, 169, 785, '2018-07-30 18:15:04', '2018-07-30 18:15:04'),
(104, 1, 741, 519, '2018-07-30 18:15:04', '2018-07-30 18:15:04'),
(105, 1, 374, 587, '2018-07-30 18:15:04', '2018-07-30 18:15:04'),
(106, 1, 250, 655, '2018-07-30 18:15:04', '2018-07-30 18:15:04'),
(107, 3, 413, 185, '2018-07-30 18:15:04', '2018-07-30 18:15:04'),
(108, 1, 879, 58, '2018-07-30 18:15:05', '2018-07-30 18:15:05'),
(109, 3, 929, 472, '2018-07-30 18:15:05', '2018-07-30 18:15:05'),
(110, 2, 373, 426, '2018-07-30 18:15:05', '2018-07-30 18:15:05'),
(111, 3, 79, 301, '2018-07-30 18:15:05', '2018-07-30 18:15:05'),
(112, 2, 73, 360, '2018-07-30 18:15:05', '2018-07-30 18:15:05'),
(113, 2, 121, 162, '2018-07-30 18:15:05', '2018-07-30 18:15:05'),
(114, 1, 315, 290, '2018-07-30 18:15:05', '2018-07-30 18:15:05'),
(115, 2, 44, 812, '2018-07-30 18:15:05', '2018-07-30 18:15:05'),
(116, 3, 541, 54, '2018-07-30 18:15:05', '2018-07-30 18:15:05'),
(117, 2, 479, 311, '2018-07-30 18:15:05', '2018-07-30 18:15:05'),
(118, 3, 906, 733, '2018-07-30 18:15:05', '2018-07-30 18:15:05'),
(119, 2, 454, 788, '2018-07-30 18:15:05', '2018-07-30 18:15:05'),
(120, 2, 902, 650, '2018-07-30 18:15:05', '2018-07-30 18:15:05'),
(121, 2, 508, 248, '2018-07-30 18:15:05', '2018-07-30 18:15:05'),
(122, 3, 601, 199, '2018-07-30 18:15:05', '2018-07-30 18:15:05'),
(123, 1, 802, 377, '2018-07-30 18:15:05', '2018-07-30 18:15:05'),
(124, 1, 698, 375, '2018-07-30 18:15:05', '2018-07-30 18:15:05'),
(125, 3, 401, 58, '2018-07-30 18:15:05', '2018-07-30 18:15:05'),
(126, 2, 851, 783, '2018-07-30 18:15:05', '2018-07-30 18:15:05'),
(127, 2, 315, 74, '2018-07-30 18:15:05', '2018-07-30 18:15:05'),
(128, 2, 607, 863, '2018-07-30 18:15:05', '2018-07-30 18:15:05'),
(129, 3, 122, 173, '2018-07-30 18:15:05', '2018-07-30 18:15:05'),
(130, 1, 644, 685, '2018-07-30 18:15:05', '2018-07-30 18:15:05'),
(131, 2, 614, 886, '2018-07-30 18:15:05', '2018-07-30 18:15:05'),
(132, 2, 701, 836, '2018-07-30 18:15:05', '2018-07-30 18:15:05'),
(133, 2, 20, 449, '2018-07-30 18:15:05', '2018-07-30 18:15:05'),
(134, 1, 688, 761, '2018-07-30 18:15:05', '2018-07-30 18:15:05'),
(135, 1, 756, 147, '2018-07-30 18:15:05', '2018-07-30 18:15:05'),
(136, 2, 463, 266, '2018-07-30 18:15:05', '2018-07-30 18:15:05'),
(137, 3, 36, 197, '2018-07-30 18:15:05', '2018-07-30 18:15:05'),
(138, 1, 894, 683, '2018-07-30 18:15:05', '2018-07-30 18:15:05'),
(139, 2, 97, 734, '2018-07-30 18:15:05', '2018-07-30 18:15:05'),
(140, 2, 876, 553, '2018-07-30 18:15:05', '2018-07-30 18:15:05'),
(141, 1, 506, 490, '2018-07-30 18:15:05', '2018-07-30 18:15:05'),
(142, 2, 648, 818, '2018-07-30 18:15:05', '2018-07-30 18:15:05'),
(143, 1, 864, 966, '2018-07-30 18:15:05', '2018-07-30 18:15:05'),
(144, 2, 726, 203, '2018-07-30 18:15:05', '2018-07-30 18:15:05'),
(145, 3, 872, 525, '2018-07-30 18:15:06', '2018-07-30 18:15:06'),
(146, 1, 820, 443, '2018-07-30 18:15:06', '2018-07-30 18:15:06'),
(147, 3, 638, 23, '2018-07-30 18:15:06', '2018-07-30 18:15:06'),
(148, 1, 61, 780, '2018-07-30 18:15:06', '2018-07-30 18:15:06'),
(149, 3, 36, 840, '2018-07-30 18:15:06', '2018-07-30 18:15:06'),
(150, 2, 210, 628, '2018-07-30 18:15:06', '2018-07-30 18:15:06'),
(151, 2, 16, 368, '2018-07-30 18:15:06', '2018-07-30 18:15:06'),
(152, 1, 277, 745, '2018-07-30 18:15:06', '2018-07-30 18:15:06'),
(153, 3, 157, 190, '2018-07-30 18:15:06', '2018-07-30 18:15:06'),
(154, 3, 684, 865, '2018-07-30 18:15:06', '2018-07-30 18:15:06'),
(155, 1, 753, 134, '2018-07-30 18:15:06', '2018-07-30 18:15:06'),
(156, 2, 819, 663, '2018-07-30 18:15:06', '2018-07-30 18:15:06'),
(157, 3, 604, 701, '2018-07-30 18:15:06', '2018-07-30 18:15:06'),
(158, 2, 8, 738, '2018-07-30 18:15:06', '2018-07-30 18:15:06'),
(159, 3, 271, 580, '2018-07-30 18:15:06', '2018-07-30 18:15:06'),
(160, 2, 614, 629, '2018-07-30 18:15:06', '2018-07-30 18:15:06'),
(161, 1, 964, 774, '2018-07-30 18:15:06', '2018-07-30 18:15:06'),
(162, 2, 275, 228, '2018-07-30 18:15:06', '2018-07-30 18:15:06'),
(163, 1, 36, 562, '2018-07-30 18:15:06', '2018-07-30 18:15:06'),
(164, 2, 416, 946, '2018-07-30 18:15:06', '2018-07-30 18:15:06'),
(165, 2, 669, 823, '2018-07-30 18:15:06', '2018-07-30 18:15:06'),
(166, 3, 796, 313, '2018-07-30 18:15:06', '2018-07-30 18:15:06'),
(167, 2, 290, 837, '2018-07-30 18:15:06', '2018-07-30 18:15:06'),
(168, 2, 185, 981, '2018-07-30 18:15:06', '2018-07-30 18:15:06'),
(169, 2, 581, 712, '2018-07-30 18:15:06', '2018-07-30 18:15:06'),
(170, 3, 526, 679, '2018-07-30 18:15:06', '2018-07-30 18:15:06'),
(171, 2, 439, 569, '2018-07-30 18:15:06', '2018-07-30 18:15:06'),
(172, 3, 766, 814, '2018-07-30 18:15:06', '2018-07-30 18:15:06'),
(173, 1, 29, 794, '2018-07-30 18:15:06', '2018-07-30 18:15:06'),
(174, 1, 35, 747, '2018-07-30 18:15:07', '2018-07-30 18:15:07'),
(175, 1, 477, 815, '2018-07-30 18:15:07', '2018-07-30 18:15:07'),
(176, 2, 40, 885, '2018-07-30 18:15:07', '2018-07-30 18:15:07'),
(177, 1, 321, 527, '2018-07-30 18:15:07', '2018-07-30 18:15:07'),
(178, 3, 446, 472, '2018-07-30 18:15:07', '2018-07-30 18:15:07'),
(179, 3, 340, 276, '2018-07-30 18:15:07', '2018-07-30 18:15:07'),
(180, 3, 649, 564, '2018-07-30 18:15:07', '2018-07-30 18:15:07'),
(181, 1, 915, 463, '2018-07-30 18:15:07', '2018-07-30 18:15:07'),
(182, 3, 332, 523, '2018-07-30 18:15:07', '2018-07-30 18:15:07'),
(183, 3, 711, 326, '2018-07-30 18:15:07', '2018-07-30 18:15:07'),
(184, 1, 636, 651, '2018-07-30 18:15:07', '2018-07-30 18:15:07'),
(185, 2, 774, 535, '2018-07-30 18:15:07', '2018-07-30 18:15:07'),
(186, 2, 765, 784, '2018-07-30 18:15:07', '2018-07-30 18:15:07'),
(187, 3, 356, 100, '2018-07-30 18:15:07', '2018-07-30 18:15:07'),
(188, 2, 454, 317, '2018-07-30 18:15:07', '2018-07-30 18:15:07'),
(189, 2, 519, 106, '2018-07-30 18:15:07', '2018-07-30 18:15:07'),
(190, 2, 442, 888, '2018-07-30 18:15:07', '2018-07-30 18:15:07'),
(191, 2, 99, 180, '2018-07-30 18:15:07', '2018-07-30 18:15:07'),
(192, 2, 120, 415, '2018-07-30 18:15:07', '2018-07-30 18:15:07'),
(193, 1, 856, 306, '2018-07-30 18:15:07', '2018-07-30 18:15:07'),
(194, 2, 602, 563, '2018-07-30 18:15:07', '2018-07-30 18:15:07'),
(195, 2, 511, 230, '2018-07-30 18:15:07', '2018-07-30 18:15:07'),
(196, 1, 215, 589, '2018-07-30 18:15:07', '2018-07-30 18:15:07'),
(197, 3, 756, 358, '2018-07-30 18:15:07', '2018-07-30 18:15:07'),
(198, 1, 467, 739, '2018-07-30 18:15:07', '2018-07-30 18:15:07'),
(199, 2, 503, 351, '2018-07-30 18:15:07', '2018-07-30 18:15:07'),
(200, 3, 217, 120, '2018-07-30 18:15:07', '2018-07-30 18:15:07'),
(201, 2, 458, 826, '2018-07-30 18:15:07', '2018-07-30 18:15:07'),
(202, 2, 222, 477, '2018-07-30 18:15:07', '2018-07-30 18:15:07'),
(203, 1, 128, 763, '2018-07-30 18:15:07', '2018-07-30 18:15:07'),
(204, 2, 202, 128, '2018-07-30 18:15:07', '2018-07-30 18:15:07'),
(205, 2, 324, 624, '2018-07-30 18:15:07', '2018-07-30 18:15:07'),
(206, 2, 327, 771, '2018-07-30 18:15:07', '2018-07-30 18:15:07'),
(207, 1, 704, 681, '2018-07-30 18:15:07', '2018-07-30 18:15:07'),
(208, 2, 918, 78, '2018-07-30 18:15:07', '2018-07-30 18:15:07'),
(209, 2, 942, 9, '2018-07-30 18:15:07', '2018-07-30 18:15:07'),
(210, 1, 216, 470, '2018-07-30 18:15:07', '2018-07-30 18:15:07'),
(211, 3, 901, 552, '2018-07-30 18:15:08', '2018-07-30 18:15:08'),
(212, 2, 987, 80, '2018-07-30 18:15:08', '2018-07-30 18:15:08'),
(213, 1, 327, 604, '2018-07-30 18:15:08', '2018-07-30 18:15:08'),
(214, 3, 597, 796, '2018-07-30 18:15:08', '2018-07-30 18:15:08'),
(215, 2, 138, 342, '2018-07-30 18:15:08', '2018-07-30 18:15:08'),
(216, 2, 853, 899, '2018-07-30 18:15:08', '2018-07-30 18:15:08'),
(217, 3, 383, 752, '2018-07-30 18:15:08', '2018-07-30 18:15:08'),
(218, 3, 494, 947, '2018-07-30 18:15:08', '2018-07-30 18:15:08'),
(219, 2, 790, 596, '2018-07-30 18:15:08', '2018-07-30 18:15:08'),
(220, 3, 726, 470, '2018-07-30 18:15:08', '2018-07-30 18:15:08'),
(221, 2, 678, 679, '2018-07-30 18:15:08', '2018-07-30 18:15:08'),
(222, 3, 216, 433, '2018-07-30 18:15:08', '2018-07-30 18:15:08'),
(223, 2, 701, 854, '2018-07-30 18:15:08', '2018-07-30 18:15:08'),
(224, 2, 609, 314, '2018-07-30 18:15:08', '2018-07-30 18:15:08'),
(225, 2, 703, 935, '2018-07-30 18:15:08', '2018-07-30 18:15:08'),
(226, 3, 668, 872, '2018-07-30 18:15:08', '2018-07-30 18:15:08'),
(227, 3, 441, 184, '2018-07-30 18:15:08', '2018-07-30 18:15:08'),
(228, 1, 421, 116, '2018-07-30 18:15:08', '2018-07-30 18:15:08'),
(229, 1, 538, 688, '2018-07-30 18:15:08', '2018-07-30 18:15:08'),
(230, 1, 861, 962, '2018-07-30 18:15:08', '2018-07-30 18:15:08'),
(231, 1, 205, 856, '2018-07-30 18:15:08', '2018-07-30 18:15:08'),
(232, 3, 211, 64, '2018-07-30 18:15:08', '2018-07-30 18:15:08'),
(233, 1, 688, 743, '2018-07-30 18:15:08', '2018-07-30 18:15:08'),
(234, 3, 271, 238, '2018-07-30 18:15:08', '2018-07-30 18:15:08'),
(235, 3, 24, 613, '2018-07-30 18:15:08', '2018-07-30 18:15:08'),
(236, 3, 680, 608, '2018-07-30 18:15:09', '2018-07-30 18:15:09'),
(237, 2, 548, 580, '2018-07-30 18:15:09', '2018-07-30 18:15:09'),
(238, 3, 177, 846, '2018-07-30 18:15:09', '2018-07-30 18:15:09'),
(239, 3, 182, 943, '2018-07-30 18:15:09', '2018-07-30 18:15:09'),
(240, 1, 112, 553, '2018-07-30 18:15:09', '2018-07-30 18:15:09'),
(241, 1, 328, 118, '2018-07-30 18:15:09', '2018-07-30 18:15:09'),
(242, 3, 905, 52, '2018-07-30 18:15:09', '2018-07-30 18:15:09'),
(243, 2, 373, 657, '2018-07-30 18:15:09', '2018-07-30 18:15:09'),
(244, 3, 673, 381, '2018-07-30 18:15:09', '2018-07-30 18:15:09'),
(245, 2, 175, 707, '2018-07-30 18:15:09', '2018-07-30 18:15:09'),
(246, 2, 188, 227, '2018-07-30 18:15:09', '2018-07-30 18:15:09'),
(247, 3, 860, 396, '2018-07-30 18:15:09', '2018-07-30 18:15:09'),
(248, 2, 741, 40, '2018-07-30 18:15:09', '2018-07-30 18:15:09'),
(249, 1, 81, 749, '2018-07-30 18:15:09', '2018-07-30 18:15:09'),
(250, 2, 399, 651, '2018-07-30 18:15:09', '2018-07-30 18:15:09'),
(251, 2, 424, 966, '2018-07-30 18:15:09', '2018-07-30 18:15:09'),
(252, 2, 224, 341, '2018-07-30 18:15:09', '2018-07-30 18:15:09'),
(253, 2, 812, 35, '2018-07-30 18:15:09', '2018-07-30 18:15:09'),
(254, 2, 155, 150, '2018-07-30 18:15:09', '2018-07-30 18:15:09'),
(255, 2, 319, 315, '2018-07-30 18:15:09', '2018-07-30 18:15:09'),
(256, 3, 952, 15, '2018-07-30 18:15:09', '2018-07-30 18:15:09'),
(257, 3, 266, 458, '2018-07-30 18:15:09', '2018-07-30 18:15:09'),
(258, 2, 387, 91, '2018-07-30 18:15:09', '2018-07-30 18:15:09'),
(259, 2, 23, 405, '2018-07-30 18:15:09', '2018-07-30 18:15:09'),
(260, 1, 178, 882, '2018-07-30 18:15:09', '2018-07-30 18:15:09'),
(261, 3, 614, 677, '2018-07-30 18:15:09', '2018-07-30 18:15:09'),
(262, 2, 986, 709, '2018-07-30 18:15:09', '2018-07-30 18:15:09'),
(263, 3, 619, 119, '2018-07-30 18:15:09', '2018-07-30 18:15:09'),
(264, 2, 388, 178, '2018-07-30 18:15:09', '2018-07-30 18:15:09'),
(265, 1, 744, 486, '2018-07-30 18:15:09', '2018-07-30 18:15:09'),
(266, 2, 895, 6, '2018-07-30 18:15:09', '2018-07-30 18:15:09'),
(267, 2, 766, 472, '2018-07-30 18:15:09', '2018-07-30 18:15:09'),
(268, 2, 332, 975, '2018-07-30 18:15:09', '2018-07-30 18:15:09'),
(269, 2, 94, 901, '2018-07-30 18:15:09', '2018-07-30 18:15:09'),
(270, 1, 455, 167, '2018-07-30 18:15:09', '2018-07-30 18:15:09'),
(271, 1, 895, 819, '2018-07-30 18:15:10', '2018-07-30 18:15:10'),
(272, 2, 903, 743, '2018-07-30 18:15:10', '2018-07-30 18:15:10'),
(273, 1, 943, 667, '2018-07-30 18:15:10', '2018-07-30 18:15:10'),
(274, 2, 108, 155, '2018-07-30 18:15:10', '2018-07-30 18:15:10'),
(275, 3, 259, 232, '2018-07-30 18:15:10', '2018-07-30 18:15:10'),
(276, 1, 55, 562, '2018-07-30 18:15:10', '2018-07-30 18:15:10'),
(277, 2, 926, 315, '2018-07-30 18:15:10', '2018-07-30 18:15:10'),
(278, 1, 422, 376, '2018-07-30 18:15:10', '2018-07-30 18:15:10'),
(279, 1, 873, 958, '2018-07-30 18:15:10', '2018-07-30 18:15:10'),
(280, 1, 822, 357, '2018-07-30 18:15:10', '2018-07-30 18:15:10'),
(281, 3, 423, 655, '2018-07-30 18:15:10', '2018-07-30 18:15:10'),
(282, 3, 76, 5, '2018-07-30 18:15:10', '2018-07-30 18:15:10'),
(283, 2, 479, 632, '2018-07-30 18:15:10', '2018-07-30 18:15:10'),
(284, 2, 812, 81, '2018-07-30 18:15:10', '2018-07-30 18:15:10'),
(285, 1, 218, 157, '2018-07-30 18:15:10', '2018-07-30 18:15:10'),
(286, 3, 983, 379, '2018-07-30 18:15:10', '2018-07-30 18:15:10'),
(287, 2, 321, 875, '2018-07-30 18:15:10', '2018-07-30 18:15:10'),
(288, 1, 860, 91, '2018-07-30 18:15:10', '2018-07-30 18:15:10'),
(289, 2, 334, 315, '2018-07-30 18:15:10', '2018-07-30 18:15:10'),
(290, 3, 256, 963, '2018-07-30 18:15:10', '2018-07-30 18:15:10'),
(291, 1, 987, 93, '2018-07-30 18:15:10', '2018-07-30 18:15:10'),
(292, 1, 15, 461, '2018-07-30 18:15:10', '2018-07-30 18:15:10'),
(293, 2, 603, 575, '2018-07-30 18:15:10', '2018-07-30 18:15:10'),
(294, 1, 997, 321, '2018-07-30 18:15:10', '2018-07-30 18:15:10'),
(295, 2, 500, 365, '2018-07-30 18:15:10', '2018-07-30 18:15:10'),
(296, 2, 461, 825, '2018-07-30 18:15:10', '2018-07-30 18:15:10'),
(297, 2, 165, 40, '2018-07-30 18:15:10', '2018-07-30 18:15:10'),
(298, 2, 80, 896, '2018-07-30 18:15:10', '2018-07-30 18:15:10'),
(299, 3, 908, 517, '2018-07-30 18:15:10', '2018-07-30 18:15:10'),
(300, 2, 366, 657, '2018-07-30 18:15:10', '2018-07-30 18:15:10'),
(301, 1, 386, 30, '2018-07-30 18:15:10', '2018-07-30 18:15:10'),
(302, 2, 752, 987, '2018-07-30 18:15:10', '2018-07-30 18:15:10'),
(303, 1, 543, 474, '2018-07-30 18:15:10', '2018-07-30 18:15:10'),
(304, 2, 253, 463, '2018-07-30 18:15:10', '2018-07-30 18:15:10'),
(305, 2, 27, 722, '2018-07-30 18:15:10', '2018-07-30 18:15:10'),
(306, 1, 111, 488, '2018-07-30 18:15:10', '2018-07-30 18:15:10'),
(307, 1, 204, 849, '2018-07-30 18:15:10', '2018-07-30 18:15:10'),
(308, 1, 587, 709, '2018-07-30 18:15:10', '2018-07-30 18:15:10'),
(309, 2, 704, 396, '2018-07-30 18:15:11', '2018-07-30 18:15:11'),
(310, 2, 239, 996, '2018-07-30 18:15:11', '2018-07-30 18:15:11'),
(311, 2, 332, 606, '2018-07-30 18:15:11', '2018-07-30 18:15:11'),
(312, 3, 566, 235, '2018-07-30 18:15:11', '2018-07-30 18:15:11'),
(313, 1, 234, 255, '2018-07-30 18:15:11', '2018-07-30 18:15:11'),
(314, 1, 857, 408, '2018-07-30 18:15:11', '2018-07-30 18:15:11'),
(315, 2, 337, 481, '2018-07-30 18:15:11', '2018-07-30 18:15:11'),
(316, 2, 815, 881, '2018-07-30 18:15:11', '2018-07-30 18:15:11'),
(317, 1, 881, 729, '2018-07-30 18:15:11', '2018-07-30 18:15:11'),
(318, 1, 371, 268, '2018-07-30 18:15:11', '2018-07-30 18:15:11'),
(319, 3, 329, 339, '2018-07-30 18:15:11', '2018-07-30 18:15:11'),
(320, 2, 23, 970, '2018-07-30 18:15:11', '2018-07-30 18:15:11'),
(321, 3, 172, 281, '2018-07-30 18:15:11', '2018-07-30 18:15:11'),
(322, 1, 912, 74, '2018-07-30 18:15:11', '2018-07-30 18:15:11'),
(323, 1, 758, 585, '2018-07-30 18:15:11', '2018-07-30 18:15:11'),
(324, 3, 280, 845, '2018-07-30 18:15:11', '2018-07-30 18:15:11'),
(325, 3, 193, 318, '2018-07-30 18:15:11', '2018-07-30 18:15:11'),
(326, 1, 820, 847, '2018-07-30 18:15:11', '2018-07-30 18:15:11'),
(327, 2, 421, 596, '2018-07-30 18:15:11', '2018-07-30 18:15:11'),
(328, 2, 271, 422, '2018-07-30 18:15:11', '2018-07-30 18:15:11'),
(329, 2, 662, 106, '2018-07-30 18:15:11', '2018-07-30 18:15:11'),
(330, 3, 805, 263, '2018-07-30 18:15:11', '2018-07-30 18:15:11'),
(331, 3, 499, 643, '2018-07-30 18:15:11', '2018-07-30 18:15:11'),
(332, 3, 708, 914, '2018-07-30 18:15:11', '2018-07-30 18:15:11'),
(333, 2, 497, 340, '2018-07-30 18:15:11', '2018-07-30 18:15:11'),
(334, 3, 42, 739, '2018-07-30 18:15:11', '2018-07-30 18:15:11'),
(335, 2, 229, 841, '2018-07-30 18:15:11', '2018-07-30 18:15:11'),
(336, 3, 259, 178, '2018-07-30 18:15:11', '2018-07-30 18:15:11'),
(337, 3, 930, 620, '2018-07-30 18:15:12', '2018-07-30 18:15:12'),
(338, 3, 654, 357, '2018-07-30 18:15:12', '2018-07-30 18:15:12'),
(339, 1, 927, 300, '2018-07-30 18:15:12', '2018-07-30 18:15:12'),
(340, 1, 888, 399, '2018-07-30 18:15:12', '2018-07-30 18:15:12'),
(341, 3, 61, 260, '2018-07-30 18:15:12', '2018-07-30 18:15:12'),
(342, 2, 369, 187, '2018-07-30 18:15:12', '2018-07-30 18:15:12'),
(343, 2, 876, 497, '2018-07-30 18:15:12', '2018-07-30 18:15:12'),
(344, 1, 412, 35, '2018-07-30 18:15:12', '2018-07-30 18:15:12'),
(345, 1, 55, 570, '2018-07-30 18:15:12', '2018-07-30 18:15:12'),
(346, 3, 182, 615, '2018-07-30 18:15:12', '2018-07-30 18:15:12'),
(347, 1, 904, 329, '2018-07-30 18:15:12', '2018-07-30 18:15:12'),
(348, 3, 656, 344, '2018-07-30 18:15:12', '2018-07-30 18:15:12'),
(349, 1, 863, 356, '2018-07-30 18:15:12', '2018-07-30 18:15:12'),
(350, 1, 390, 613, '2018-07-30 18:15:12', '2018-07-30 18:15:12'),
(351, 3, 537, 660, '2018-07-30 18:15:12', '2018-07-30 18:15:12'),
(352, 2, 933, 771, '2018-07-30 18:15:12', '2018-07-30 18:15:12'),
(353, 3, 697, 465, '2018-07-30 18:15:12', '2018-07-30 18:15:12'),
(354, 3, 889, 328, '2018-07-30 18:15:12', '2018-07-30 18:15:12'),
(355, 3, 242, 544, '2018-07-30 18:15:12', '2018-07-30 18:15:12'),
(356, 1, 847, 303, '2018-07-30 18:15:12', '2018-07-30 18:15:12'),
(357, 2, 836, 306, '2018-07-30 18:15:12', '2018-07-30 18:15:12'),
(358, 1, 662, 219, '2018-07-30 18:15:12', '2018-07-30 18:15:12'),
(359, 3, 856, 628, '2018-07-30 18:15:12', '2018-07-30 18:15:12'),
(360, 2, 600, 174, '2018-07-30 18:15:12', '2018-07-30 18:15:12'),
(361, 2, 274, 45, '2018-07-30 18:15:12', '2018-07-30 18:15:12'),
(362, 3, 83, 227, '2018-07-30 18:15:12', '2018-07-30 18:15:12'),
(363, 2, 359, 719, '2018-07-30 18:15:12', '2018-07-30 18:15:12'),
(364, 3, 872, 452, '2018-07-30 18:15:12', '2018-07-30 18:15:12'),
(365, 3, 436, 690, '2018-07-30 18:15:12', '2018-07-30 18:15:12'),
(366, 3, 57, 265, '2018-07-30 18:15:12', '2018-07-30 18:15:12'),
(367, 1, 50, 32, '2018-07-30 18:15:12', '2018-07-30 18:15:12'),
(368, 2, 802, 210, '2018-07-30 18:15:12', '2018-07-30 18:15:12'),
(369, 2, 586, 133, '2018-07-30 18:15:12', '2018-07-30 18:15:12'),
(370, 3, 311, 639, '2018-07-30 18:15:12', '2018-07-30 18:15:12'),
(371, 1, 182, 510, '2018-07-30 18:15:12', '2018-07-30 18:15:12'),
(372, 2, 410, 774, '2018-07-30 18:15:12', '2018-07-30 18:15:12'),
(373, 2, 978, 385, '2018-07-30 18:15:12', '2018-07-30 18:15:12'),
(374, 2, 549, 362, '2018-07-30 18:15:12', '2018-07-30 18:15:12'),
(375, 1, 200, 542, '2018-07-30 18:15:12', '2018-07-30 18:15:12'),
(376, 2, 843, 223, '2018-07-30 18:15:12', '2018-07-30 18:15:12'),
(377, 1, 946, 197, '2018-07-30 18:15:13', '2018-07-30 18:15:13'),
(378, 1, 212, 177, '2018-07-30 18:15:13', '2018-07-30 18:15:13'),
(379, 1, 396, 218, '2018-07-30 18:15:13', '2018-07-30 18:15:13'),
(380, 1, 656, 342, '2018-07-30 18:15:13', '2018-07-30 18:15:13'),
(381, 1, 72, 596, '2018-07-30 18:15:13', '2018-07-30 18:15:13'),
(382, 1, 733, 86, '2018-07-30 18:15:13', '2018-07-30 18:15:13'),
(383, 3, 150, 658, '2018-07-30 18:15:13', '2018-07-30 18:15:13'),
(384, 3, 835, 923, '2018-07-30 18:15:13', '2018-07-30 18:15:13'),
(385, 3, 29, 305, '2018-07-30 18:15:13', '2018-07-30 18:15:13'),
(386, 1, 62, 508, '2018-07-30 18:15:13', '2018-07-30 18:15:13'),
(387, 3, 240, 586, '2018-07-30 18:15:13', '2018-07-30 18:15:13'),
(388, 2, 233, 389, '2018-07-30 18:15:13', '2018-07-30 18:15:13'),
(389, 1, 498, 418, '2018-07-30 18:15:13', '2018-07-30 18:15:13'),
(390, 1, 317, 433, '2018-07-30 18:15:13', '2018-07-30 18:15:13'),
(391, 1, 813, 303, '2018-07-30 18:15:13', '2018-07-30 18:15:13'),
(392, 1, 286, 68, '2018-07-30 18:15:13', '2018-07-30 18:15:13'),
(393, 3, 620, 850, '2018-07-30 18:15:13', '2018-07-30 18:15:13'),
(394, 3, 276, 619, '2018-07-30 18:15:13', '2018-07-30 18:15:13'),
(395, 3, 995, 512, '2018-07-30 18:15:13', '2018-07-30 18:15:13'),
(396, 1, 722, 600, '2018-07-30 18:15:13', '2018-07-30 18:15:13'),
(397, 1, 87, 281, '2018-07-30 18:15:13', '2018-07-30 18:15:13'),
(398, 3, 617, 777, '2018-07-30 18:15:13', '2018-07-30 18:15:13'),
(399, 2, 641, 466, '2018-07-30 18:15:13', '2018-07-30 18:15:13'),
(400, 3, 466, 60, '2018-07-30 18:15:13', '2018-07-30 18:15:13'),
(401, 1, 776, 615, '2018-07-30 18:15:13', '2018-07-30 18:15:13'),
(402, 3, 979, 813, '2018-07-30 18:15:13', '2018-07-30 18:15:13'),
(403, 3, 883, 367, '2018-07-30 18:15:13', '2018-07-30 18:15:13'),
(404, 2, 36, 385, '2018-07-30 18:15:13', '2018-07-30 18:15:13'),
(405, 3, 460, 949, '2018-07-30 18:15:13', '2018-07-30 18:15:13'),
(406, 3, 762, 786, '2018-07-30 18:15:13', '2018-07-30 18:15:13'),
(407, 2, 997, 119, '2018-07-30 18:15:13', '2018-07-30 18:15:13'),
(408, 3, 324, 796, '2018-07-30 18:15:14', '2018-07-30 18:15:14'),
(409, 1, 236, 797, '2018-07-30 18:15:14', '2018-07-30 18:15:14'),
(410, 1, 585, 192, '2018-07-30 18:15:14', '2018-07-30 18:15:14'),
(411, 1, 418, 540, '2018-07-30 18:15:14', '2018-07-30 18:15:14'),
(412, 3, 661, 90, '2018-07-30 18:15:14', '2018-07-30 18:15:14'),
(413, 2, 899, 236, '2018-07-30 18:15:14', '2018-07-30 18:15:14'),
(414, 3, 164, 769, '2018-07-30 18:15:14', '2018-07-30 18:15:14'),
(415, 1, 306, 687, '2018-07-30 18:15:14', '2018-07-30 18:15:14'),
(416, 3, 999, 470, '2018-07-30 18:15:14', '2018-07-30 18:15:14'),
(417, 1, 51, 722, '2018-07-30 18:15:14', '2018-07-30 18:15:14'),
(418, 1, 639, 310, '2018-07-30 18:15:14', '2018-07-30 18:15:14'),
(419, 3, 430, 517, '2018-07-30 18:15:14', '2018-07-30 18:15:14'),
(420, 3, 482, 543, '2018-07-30 18:15:14', '2018-07-30 18:15:14'),
(421, 3, 242, 708, '2018-07-30 18:15:14', '2018-07-30 18:15:14'),
(422, 3, 918, 217, '2018-07-30 18:15:14', '2018-07-30 18:15:14'),
(423, 2, 134, 580, '2018-07-30 18:15:14', '2018-07-30 18:15:14'),
(424, 3, 896, 362, '2018-07-30 18:15:14', '2018-07-30 18:15:14'),
(425, 1, 12, 413, '2018-07-30 18:15:14', '2018-07-30 18:15:14'),
(426, 3, 282, 473, '2018-07-30 18:15:14', '2018-07-30 18:15:14'),
(427, 1, 282, 842, '2018-07-30 18:15:14', '2018-07-30 18:15:14'),
(428, 3, 309, 311, '2018-07-30 18:15:14', '2018-07-30 18:15:14'),
(429, 1, 262, 95, '2018-07-30 18:15:14', '2018-07-30 18:15:14'),
(430, 2, 897, 686, '2018-07-30 18:15:14', '2018-07-30 18:15:14'),
(431, 3, 510, 794, '2018-07-30 18:15:14', '2018-07-30 18:15:14'),
(432, 2, 439, 593, '2018-07-30 18:15:14', '2018-07-30 18:15:14'),
(433, 2, 593, 20, '2018-07-30 18:15:14', '2018-07-30 18:15:14'),
(434, 1, 510, 901, '2018-07-30 18:15:14', '2018-07-30 18:15:14'),
(435, 1, 238, 67, '2018-07-30 18:15:14', '2018-07-30 18:15:14'),
(436, 2, 932, 351, '2018-07-30 18:15:14', '2018-07-30 18:15:14'),
(437, 3, 45, 381, '2018-07-30 18:15:14', '2018-07-30 18:15:14'),
(438, 2, 262, 736, '2018-07-30 18:15:14', '2018-07-30 18:15:14'),
(439, 3, 569, 617, '2018-07-30 18:15:14', '2018-07-30 18:15:14'),
(440, 1, 811, 751, '2018-07-30 18:15:14', '2018-07-30 18:15:14'),
(441, 2, 337, 205, '2018-07-30 18:15:14', '2018-07-30 18:15:14'),
(442, 2, 502, 490, '2018-07-30 18:15:14', '2018-07-30 18:15:14'),
(443, 3, 287, 599, '2018-07-30 18:15:14', '2018-07-30 18:15:14'),
(444, 3, 785, 545, '2018-07-30 18:15:15', '2018-07-30 18:15:15'),
(445, 2, 181, 695, '2018-07-30 18:15:15', '2018-07-30 18:15:15'),
(446, 2, 800, 345, '2018-07-30 18:15:15', '2018-07-30 18:15:15'),
(447, 2, 268, 604, '2018-07-30 18:15:15', '2018-07-30 18:15:15'),
(448, 3, 209, 851, '2018-07-30 18:15:15', '2018-07-30 18:15:15'),
(449, 1, 618, 694, '2018-07-30 18:15:15', '2018-07-30 18:15:15'),
(450, 3, 2, 160, '2018-07-30 18:15:15', '2018-07-30 18:15:15'),
(451, 3, 657, 757, '2018-07-30 18:15:15', '2018-07-30 18:15:15'),
(452, 1, 917, 31, '2018-07-30 18:15:15', '2018-07-30 18:15:15'),
(453, 1, 921, 661, '2018-07-30 18:15:15', '2018-07-30 18:15:15'),
(454, 1, 662, 260, '2018-07-30 18:15:15', '2018-07-30 18:15:15'),
(455, 1, 631, 600, '2018-07-30 18:15:15', '2018-07-30 18:15:15'),
(456, 2, 706, 267, '2018-07-30 18:15:15', '2018-07-30 18:15:15'),
(457, 2, 246, 8, '2018-07-30 18:15:15', '2018-07-30 18:15:15'),
(458, 3, 580, 658, '2018-07-30 18:15:15', '2018-07-30 18:15:15'),
(459, 3, 439, 739, '2018-07-30 18:15:15', '2018-07-30 18:15:15'),
(460, 1, 354, 616, '2018-07-30 18:15:15', '2018-07-30 18:15:15'),
(461, 2, 864, 190, '2018-07-30 18:15:15', '2018-07-30 18:15:15'),
(462, 2, 968, 750, '2018-07-30 18:15:15', '2018-07-30 18:15:15'),
(463, 3, 57, 879, '2018-07-30 18:15:15', '2018-07-30 18:15:15'),
(464, 1, 181, 964, '2018-07-30 18:15:15', '2018-07-30 18:15:15'),
(465, 3, 666, 518, '2018-07-30 18:15:15', '2018-07-30 18:15:15'),
(466, 2, 300, 64, '2018-07-30 18:15:15', '2018-07-30 18:15:15'),
(467, 2, 116, 343, '2018-07-30 18:15:15', '2018-07-30 18:15:15'),
(468, 2, 479, 124, '2018-07-30 18:15:15', '2018-07-30 18:15:15'),
(469, 1, 212, 857, '2018-07-30 18:15:15', '2018-07-30 18:15:15'),
(470, 3, 885, 80, '2018-07-30 18:15:15', '2018-07-30 18:15:15'),
(471, 3, 673, 443, '2018-07-30 18:15:15', '2018-07-30 18:15:15'),
(472, 3, 888, 869, '2018-07-30 18:15:15', '2018-07-30 18:15:15'),
(473, 2, 44, 6, '2018-07-30 18:15:15', '2018-07-30 18:15:15'),
(474, 3, 123, 337, '2018-07-30 18:15:15', '2018-07-30 18:15:15'),
(475, 1, 124, 316, '2018-07-30 18:15:15', '2018-07-30 18:15:15'),
(476, 3, 560, 459, '2018-07-30 18:15:15', '2018-07-30 18:15:15'),
(477, 2, 180, 893, '2018-07-30 18:15:15', '2018-07-30 18:15:15'),
(478, 1, 393, 436, '2018-07-30 18:15:15', '2018-07-30 18:15:15'),
(479, 1, 530, 586, '2018-07-30 18:15:15', '2018-07-30 18:15:15'),
(480, 1, 179, 146, '2018-07-30 18:15:16', '2018-07-30 18:15:16'),
(481, 3, 449, 424, '2018-07-30 18:15:16', '2018-07-30 18:15:16'),
(482, 1, 482, 439, '2018-07-30 18:15:16', '2018-07-30 18:15:16'),
(483, 3, 721, 719, '2018-07-30 18:15:16', '2018-07-30 18:15:16'),
(484, 2, 185, 979, '2018-07-30 18:15:16', '2018-07-30 18:15:16'),
(485, 2, 812, 897, '2018-07-30 18:15:16', '2018-07-30 18:15:16'),
(486, 2, 550, 295, '2018-07-30 18:15:16', '2018-07-30 18:15:16'),
(487, 1, 192, 924, '2018-07-30 18:15:16', '2018-07-30 18:15:16'),
(488, 3, 427, 8, '2018-07-30 18:15:16', '2018-07-30 18:15:16'),
(489, 1, 602, 87, '2018-07-30 18:15:16', '2018-07-30 18:15:16'),
(490, 2, 236, 701, '2018-07-30 18:15:16', '2018-07-30 18:15:16'),
(491, 1, 10, 876, '2018-07-30 18:15:16', '2018-07-30 18:15:16'),
(492, 1, 537, 296, '2018-07-30 18:15:16', '2018-07-30 18:15:16'),
(493, 1, 547, 474, '2018-07-30 18:15:16', '2018-07-30 18:15:16'),
(494, 2, 65, 538, '2018-07-30 18:15:16', '2018-07-30 18:15:16'),
(495, 3, 255, 571, '2018-07-30 18:15:16', '2018-07-30 18:15:16'),
(496, 3, 864, 896, '2018-07-30 18:15:16', '2018-07-30 18:15:16'),
(497, 3, 473, 871, '2018-07-30 18:15:16', '2018-07-30 18:15:16'),
(498, 3, 327, 450, '2018-07-30 18:15:16', '2018-07-30 18:15:16'),
(499, 3, 604, 664, '2018-07-30 18:15:16', '2018-07-30 18:15:16'),
(500, 3, 363, 603, '2018-07-30 18:15:16', '2018-07-30 18:15:16'),
(501, 2, 719, 456, '2018-07-30 18:15:16', '2018-07-30 18:15:16'),
(502, 1, 473, 740, '2018-07-30 18:15:16', '2018-07-30 18:15:16'),
(503, 1, 160, 530, '2018-07-30 18:15:16', '2018-07-30 18:15:16'),
(504, 2, 141, 184, '2018-07-30 18:15:16', '2018-07-30 18:15:16'),
(505, 1, 344, 220, '2018-07-30 18:15:16', '2018-07-30 18:15:16'),
(506, 1, 41, 173, '2018-07-30 18:15:16', '2018-07-30 18:15:16'),
(507, 1, 437, 208, '2018-07-30 18:15:16', '2018-07-30 18:15:16'),
(508, 3, 622, 124, '2018-07-30 18:15:17', '2018-07-30 18:15:17'),
(509, 2, 226, 743, '2018-07-30 18:15:17', '2018-07-30 18:15:17'),
(510, 3, 850, 318, '2018-07-30 18:15:17', '2018-07-30 18:15:17'),
(511, 2, 652, 515, '2018-07-30 18:15:17', '2018-07-30 18:15:17'),
(512, 1, 742, 619, '2018-07-30 18:15:17', '2018-07-30 18:15:17'),
(513, 1, 78, 480, '2018-07-30 18:15:17', '2018-07-30 18:15:17'),
(514, 1, 783, 494, '2018-07-30 18:15:17', '2018-07-30 18:15:17'),
(515, 2, 32, 14, '2018-07-30 18:15:17', '2018-07-30 18:15:17'),
(516, 1, 926, 56, '2018-07-30 18:15:17', '2018-07-30 18:15:17'),
(517, 2, 148, 386, '2018-07-30 18:15:17', '2018-07-30 18:15:17'),
(518, 1, 535, 929, '2018-07-30 18:15:17', '2018-07-30 18:15:17'),
(519, 1, 191, 903, '2018-07-30 18:15:17', '2018-07-30 18:15:17'),
(520, 3, 104, 206, '2018-07-30 18:15:17', '2018-07-30 18:15:17'),
(521, 3, 81, 202, '2018-07-30 18:15:17', '2018-07-30 18:15:17'),
(522, 1, 215, 409, '2018-07-30 18:15:17', '2018-07-30 18:15:17'),
(523, 3, 586, 470, '2018-07-30 18:15:17', '2018-07-30 18:15:17'),
(524, 1, 385, 159, '2018-07-30 18:15:17', '2018-07-30 18:15:17'),
(525, 1, 50, 526, '2018-07-30 18:15:17', '2018-07-30 18:15:17'),
(526, 1, 522, 276, '2018-07-30 18:15:17', '2018-07-30 18:15:17'),
(527, 1, 464, 434, '2018-07-30 18:15:17', '2018-07-30 18:15:17'),
(528, 3, 415, 544, '2018-07-30 18:15:17', '2018-07-30 18:15:17'),
(529, 1, 451, 649, '2018-07-30 18:15:17', '2018-07-30 18:15:17'),
(530, 3, 869, 436, '2018-07-30 18:15:17', '2018-07-30 18:15:17'),
(531, 1, 522, 470, '2018-07-30 18:15:17', '2018-07-30 18:15:17'),
(532, 1, 68, 962, '2018-07-30 18:15:17', '2018-07-30 18:15:17'),
(533, 3, 769, 186, '2018-07-30 18:15:17', '2018-07-30 18:15:17'),
(534, 3, 161, 943, '2018-07-30 18:15:17', '2018-07-30 18:15:17'),
(535, 3, 96, 148, '2018-07-30 18:15:17', '2018-07-30 18:15:17'),
(536, 2, 462, 451, '2018-07-30 18:15:17', '2018-07-30 18:15:17'),
(537, 1, 550, 651, '2018-07-30 18:15:17', '2018-07-30 18:15:17'),
(538, 1, 658, 307, '2018-07-30 18:15:17', '2018-07-30 18:15:17'),
(539, 2, 426, 303, '2018-07-30 18:15:17', '2018-07-30 18:15:17'),
(540, 2, 345, 514, '2018-07-30 18:15:17', '2018-07-30 18:15:17'),
(541, 1, 738, 426, '2018-07-30 18:15:17', '2018-07-30 18:15:17'),
(542, 3, 206, 486, '2018-07-30 18:15:17', '2018-07-30 18:15:17'),
(543, 2, 53, 898, '2018-07-30 18:15:17', '2018-07-30 18:15:17'),
(544, 2, 756, 626, '2018-07-30 18:15:17', '2018-07-30 18:15:17'),
(545, 1, 43, 721, '2018-07-30 18:15:18', '2018-07-30 18:15:18'),
(546, 2, 209, 830, '2018-07-30 18:15:18', '2018-07-30 18:15:18'),
(547, 1, 971, 417, '2018-07-30 18:15:18', '2018-07-30 18:15:18'),
(548, 3, 690, 750, '2018-07-30 18:15:18', '2018-07-30 18:15:18'),
(549, 1, 36, 209, '2018-07-30 18:15:18', '2018-07-30 18:15:18'),
(550, 2, 115, 859, '2018-07-30 18:15:18', '2018-07-30 18:15:18'),
(551, 2, 402, 656, '2018-07-30 18:15:18', '2018-07-30 18:15:18'),
(552, 1, 76, 975, '2018-07-30 18:15:18', '2018-07-30 18:15:18'),
(553, 2, 341, 12, '2018-07-30 18:15:18', '2018-07-30 18:15:18'),
(554, 3, 874, 675, '2018-07-30 18:15:18', '2018-07-30 18:15:18'),
(555, 3, 574, 943, '2018-07-30 18:15:18', '2018-07-30 18:15:18'),
(556, 3, 267, 23, '2018-07-30 18:15:18', '2018-07-30 18:15:18'),
(557, 1, 142, 516, '2018-07-30 18:15:18', '2018-07-30 18:15:18'),
(558, 3, 698, 896, '2018-07-30 18:15:18', '2018-07-30 18:15:18'),
(559, 2, 400, 583, '2018-07-30 18:15:18', '2018-07-30 18:15:18'),
(560, 1, 320, 60, '2018-07-30 18:15:18', '2018-07-30 18:15:18'),
(561, 2, 719, 808, '2018-07-30 18:15:18', '2018-07-30 18:15:18'),
(562, 3, 223, 733, '2018-07-30 18:15:18', '2018-07-30 18:15:18'),
(563, 3, 532, 398, '2018-07-30 18:15:18', '2018-07-30 18:15:18'),
(564, 2, 792, 155, '2018-07-30 18:15:18', '2018-07-30 18:15:18'),
(565, 1, 238, 411, '2018-07-30 18:15:18', '2018-07-30 18:15:18'),
(566, 1, 792, 979, '2018-07-30 18:15:18', '2018-07-30 18:15:18'),
(567, 2, 17, 556, '2018-07-30 18:15:18', '2018-07-30 18:15:18'),
(568, 3, 640, 942, '2018-07-30 18:15:18', '2018-07-30 18:15:18'),
(569, 3, 664, 603, '2018-07-30 18:15:18', '2018-07-30 18:15:18'),
(570, 3, 460, 974, '2018-07-30 18:15:18', '2018-07-30 18:15:18'),
(571, 1, 584, 282, '2018-07-30 18:15:19', '2018-07-30 18:15:19'),
(572, 1, 545, 171, '2018-07-30 18:15:19', '2018-07-30 18:15:19'),
(573, 1, 488, 267, '2018-07-30 18:15:19', '2018-07-30 18:15:19'),
(574, 1, 999, 274, '2018-07-30 18:15:19', '2018-07-30 18:15:19'),
(575, 3, 455, 889, '2018-07-30 18:15:19', '2018-07-30 18:15:19'),
(576, 1, 465, 795, '2018-07-30 18:15:19', '2018-07-30 18:15:19'),
(577, 3, 811, 140, '2018-07-30 18:15:19', '2018-07-30 18:15:19'),
(578, 1, 309, 105, '2018-07-30 18:15:19', '2018-07-30 18:15:19'),
(579, 2, 593, 634, '2018-07-30 18:15:19', '2018-07-30 18:15:19'),
(580, 2, 973, 711, '2018-07-30 18:15:19', '2018-07-30 18:15:19'),
(581, 1, 432, 602, '2018-07-30 18:15:19', '2018-07-30 18:15:19'),
(582, 3, 88, 855, '2018-07-30 18:15:19', '2018-07-30 18:15:19'),
(583, 2, 789, 914, '2018-07-30 18:15:19', '2018-07-30 18:15:19'),
(584, 2, 64, 193, '2018-07-30 18:15:19', '2018-07-30 18:15:19'),
(585, 2, 857, 711, '2018-07-30 18:15:19', '2018-07-30 18:15:19'),
(586, 2, 68, 141, '2018-07-30 18:15:19', '2018-07-30 18:15:19'),
(587, 2, 783, 526, '2018-07-30 18:15:19', '2018-07-30 18:15:19'),
(588, 3, 693, 336, '2018-07-30 18:15:19', '2018-07-30 18:15:19'),
(589, 3, 533, 252, '2018-07-30 18:15:19', '2018-07-30 18:15:19'),
(590, 2, 210, 892, '2018-07-30 18:15:19', '2018-07-30 18:15:19'),
(591, 2, 219, 64, '2018-07-30 18:15:19', '2018-07-30 18:15:19'),
(592, 2, 537, 450, '2018-07-30 18:15:19', '2018-07-30 18:15:19'),
(593, 1, 301, 995, '2018-07-30 18:15:19', '2018-07-30 18:15:19'),
(594, 3, 423, 805, '2018-07-30 18:15:20', '2018-07-30 18:15:20'),
(595, 3, 77, 701, '2018-07-30 18:15:20', '2018-07-30 18:15:20'),
(596, 1, 733, 241, '2018-07-30 18:15:20', '2018-07-30 18:15:20'),
(597, 2, 712, 962, '2018-07-30 18:15:20', '2018-07-30 18:15:20'),
(598, 2, 936, 134, '2018-07-30 18:15:20', '2018-07-30 18:15:20'),
(599, 1, 658, 383, '2018-07-30 18:15:20', '2018-07-30 18:15:20'),
(600, 1, 410, 274, '2018-07-30 18:15:20', '2018-07-30 18:15:20'),
(601, 1, 127, 16, '2018-07-30 18:15:20', '2018-07-30 18:15:20'),
(602, 2, 679, 477, '2018-07-30 18:15:20', '2018-07-30 18:15:20'),
(603, 3, 615, 954, '2018-07-30 18:15:20', '2018-07-30 18:15:20'),
(604, 2, 477, 679, '2018-07-30 18:15:20', '2018-07-30 18:15:20'),
(605, 3, 760, 12, '2018-07-30 18:15:20', '2018-07-30 18:15:20'),
(606, 2, 173, 75, '2018-07-30 18:15:20', '2018-07-30 18:15:20'),
(607, 3, 447, 727, '2018-07-30 18:15:20', '2018-07-30 18:15:20'),
(608, 1, 132, 365, '2018-07-30 18:15:20', '2018-07-30 18:15:20'),
(609, 3, 809, 799, '2018-07-30 18:15:20', '2018-07-30 18:15:20'),
(610, 3, 112, 607, '2018-07-30 18:15:20', '2018-07-30 18:15:20'),
(611, 2, 450, 510, '2018-07-30 18:15:20', '2018-07-30 18:15:20'),
(612, 3, 697, 976, '2018-07-30 18:15:20', '2018-07-30 18:15:20'),
(613, 3, 443, 434, '2018-07-30 18:15:20', '2018-07-30 18:15:20'),
(614, 1, 426, 633, '2018-07-30 18:15:20', '2018-07-30 18:15:20'),
(615, 2, 418, 575, '2018-07-30 18:15:20', '2018-07-30 18:15:20'),
(616, 1, 937, 649, '2018-07-30 18:15:20', '2018-07-30 18:15:20'),
(617, 3, 654, 837, '2018-07-30 18:15:20', '2018-07-30 18:15:20'),
(618, 2, 367, 252, '2018-07-30 18:15:20', '2018-07-30 18:15:20'),
(619, 2, 775, 61, '2018-07-30 18:15:20', '2018-07-30 18:15:20'),
(620, 3, 646, 408, '2018-07-30 18:15:20', '2018-07-30 18:15:20'),
(621, 3, 693, 962, '2018-07-30 18:15:20', '2018-07-30 18:15:20'),
(622, 3, 246, 428, '2018-07-30 18:15:20', '2018-07-30 18:15:20'),
(623, 3, 739, 60, '2018-07-30 18:15:20', '2018-07-30 18:15:20'),
(624, 2, 323, 396, '2018-07-30 18:15:20', '2018-07-30 18:15:20'),
(625, 2, 680, 639, '2018-07-30 18:15:20', '2018-07-30 18:15:20'),
(626, 2, 708, 40, '2018-07-30 18:15:20', '2018-07-30 18:15:20'),
(627, 2, 658, 27, '2018-07-30 18:15:20', '2018-07-30 18:15:20'),
(628, 3, 876, 5, '2018-07-30 18:15:20', '2018-07-30 18:15:20'),
(629, 1, 555, 553, '2018-07-30 18:15:21', '2018-07-30 18:15:21'),
(630, 2, 849, 59, '2018-07-30 18:15:21', '2018-07-30 18:15:21'),
(631, 3, 972, 160, '2018-07-30 18:15:21', '2018-07-30 18:15:21'),
(632, 2, 133, 815, '2018-07-30 18:15:21', '2018-07-30 18:15:21'),
(633, 1, 202, 875, '2018-07-30 18:15:21', '2018-07-30 18:15:21'),
(634, 2, 431, 933, '2018-07-30 18:15:21', '2018-07-30 18:15:21'),
(635, 3, 906, 180, '2018-07-30 18:15:21', '2018-07-30 18:15:21'),
(636, 1, 228, 95, '2018-07-30 18:15:21', '2018-07-30 18:15:21'),
(637, 3, 359, 227, '2018-07-30 18:15:21', '2018-07-30 18:15:21'),
(638, 3, 769, 289, '2018-07-30 18:15:21', '2018-07-30 18:15:21'),
(639, 2, 880, 751, '2018-07-30 18:15:21', '2018-07-30 18:15:21'),
(640, 1, 449, 26, '2018-07-30 18:15:21', '2018-07-30 18:15:21'),
(641, 2, 476, 794, '2018-07-30 18:15:21', '2018-07-30 18:15:21'),
(642, 3, 269, 141, '2018-07-30 18:15:21', '2018-07-30 18:15:21'),
(643, 2, 359, 363, '2018-07-30 18:15:21', '2018-07-30 18:15:21'),
(644, 2, 480, 282, '2018-07-30 18:15:21', '2018-07-30 18:15:21'),
(645, 2, 371, 104, '2018-07-30 18:15:21', '2018-07-30 18:15:21'),
(646, 3, 53, 199, '2018-07-30 18:15:21', '2018-07-30 18:15:21'),
(647, 1, 189, 870, '2018-07-30 18:15:21', '2018-07-30 18:15:21'),
(648, 3, 628, 74, '2018-07-30 18:15:21', '2018-07-30 18:15:21'),
(649, 1, 864, 501, '2018-07-30 18:15:21', '2018-07-30 18:15:21'),
(650, 1, 384, 751, '2018-07-30 18:15:21', '2018-07-30 18:15:21'),
(651, 1, 355, 941, '2018-07-30 18:15:21', '2018-07-30 18:15:21'),
(652, 1, 659, 477, '2018-07-30 18:15:21', '2018-07-30 18:15:21'),
(653, 2, 607, 168, '2018-07-30 18:15:21', '2018-07-30 18:15:21'),
(654, 3, 538, 811, '2018-07-30 18:15:21', '2018-07-30 18:15:21'),
(655, 3, 488, 17, '2018-07-30 18:15:21', '2018-07-30 18:15:21'),
(656, 2, 891, 544, '2018-07-30 18:15:21', '2018-07-30 18:15:21'),
(657, 1, 260, 511, '2018-07-30 18:15:21', '2018-07-30 18:15:21'),
(658, 1, 743, 55, '2018-07-30 18:15:21', '2018-07-30 18:15:21'),
(659, 1, 391, 334, '2018-07-30 18:15:21', '2018-07-30 18:15:21'),
(660, 2, 649, 23, '2018-07-30 18:15:21', '2018-07-30 18:15:21'),
(661, 3, 750, 392, '2018-07-30 18:15:21', '2018-07-30 18:15:21'),
(662, 1, 401, 588, '2018-07-30 18:15:21', '2018-07-30 18:15:21'),
(663, 2, 451, 474, '2018-07-30 18:15:21', '2018-07-30 18:15:21'),
(664, 1, 497, 711, '2018-07-30 18:15:21', '2018-07-30 18:15:21'),
(665, 3, 901, 638, '2018-07-30 18:15:21', '2018-07-30 18:15:21'),
(666, 1, 614, 830, '2018-07-30 18:15:21', '2018-07-30 18:15:21'),
(667, 1, 247, 129, '2018-07-30 18:15:21', '2018-07-30 18:15:21'),
(668, 2, 106, 240, '2018-07-30 18:15:22', '2018-07-30 18:15:22'),
(669, 2, 904, 250, '2018-07-30 18:15:22', '2018-07-30 18:15:22'),
(670, 3, 509, 596, '2018-07-30 18:15:22', '2018-07-30 18:15:22'),
(671, 2, 352, 532, '2018-07-30 18:15:22', '2018-07-30 18:15:22'),
(672, 3, 164, 752, '2018-07-30 18:15:22', '2018-07-30 18:15:22'),
(673, 1, 980, 896, '2018-07-30 18:15:22', '2018-07-30 18:15:22'),
(674, 3, 732, 90, '2018-07-30 18:15:22', '2018-07-30 18:15:22'),
(675, 2, 901, 378, '2018-07-30 18:15:22', '2018-07-30 18:15:22'),
(676, 1, 530, 450, '2018-07-30 18:15:22', '2018-07-30 18:15:22'),
(677, 3, 114, 439, '2018-07-30 18:15:22', '2018-07-30 18:15:22'),
(678, 1, 379, 886, '2018-07-30 18:15:22', '2018-07-30 18:15:22'),
(679, 1, 979, 966, '2018-07-30 18:15:22', '2018-07-30 18:15:22'),
(680, 3, 230, 962, '2018-07-30 18:15:22', '2018-07-30 18:15:22'),
(681, 2, 493, 847, '2018-07-30 18:15:22', '2018-07-30 18:15:22'),
(682, 3, 817, 253, '2018-07-30 18:15:22', '2018-07-30 18:15:22'),
(683, 1, 400, 705, '2018-07-30 18:15:22', '2018-07-30 18:15:22'),
(684, 3, 930, 672, '2018-07-30 18:15:22', '2018-07-30 18:15:22'),
(685, 2, 792, 539, '2018-07-30 18:15:23', '2018-07-30 18:15:23'),
(686, 3, 72, 555, '2018-07-30 18:15:23', '2018-07-30 18:15:23'),
(687, 3, 372, 21, '2018-07-30 18:15:23', '2018-07-30 18:15:23'),
(688, 3, 258, 174, '2018-07-30 18:15:23', '2018-07-30 18:15:23'),
(689, 1, 590, 820, '2018-07-30 18:15:23', '2018-07-30 18:15:23'),
(690, 1, 999, 787, '2018-07-30 18:15:23', '2018-07-30 18:15:23'),
(691, 2, 300, 897, '2018-07-30 18:15:23', '2018-07-30 18:15:23'),
(692, 1, 307, 526, '2018-07-30 18:15:23', '2018-07-30 18:15:23'),
(693, 1, 713, 209, '2018-07-30 18:15:23', '2018-07-30 18:15:23'),
(694, 1, 827, 434, '2018-07-30 18:15:23', '2018-07-30 18:15:23'),
(695, 3, 700, 963, '2018-07-30 18:15:23', '2018-07-30 18:15:23'),
(696, 1, 806, 440, '2018-07-30 18:15:23', '2018-07-30 18:15:23'),
(697, 1, 377, 666, '2018-07-30 18:15:23', '2018-07-30 18:15:23'),
(698, 3, 187, 144, '2018-07-30 18:15:23', '2018-07-30 18:15:23'),
(699, 1, 222, 520, '2018-07-30 18:15:23', '2018-07-30 18:15:23'),
(700, 1, 758, 196, '2018-07-30 18:15:23', '2018-07-30 18:15:23'),
(701, 2, 534, 806, '2018-07-30 18:15:23', '2018-07-30 18:15:23'),
(702, 3, 953, 587, '2018-07-30 18:15:23', '2018-07-30 18:15:23'),
(703, 1, 594, 562, '2018-07-30 18:15:23', '2018-07-30 18:15:23'),
(704, 3, 224, 300, '2018-07-30 18:15:23', '2018-07-30 18:15:23'),
(705, 2, 52, 964, '2018-07-30 18:15:23', '2018-07-30 18:15:23'),
(706, 1, 682, 209, '2018-07-30 18:15:23', '2018-07-30 18:15:23'),
(707, 3, 584, 253, '2018-07-30 18:15:23', '2018-07-30 18:15:23'),
(708, 2, 49, 903, '2018-07-30 18:15:23', '2018-07-30 18:15:23'),
(709, 1, 895, 45, '2018-07-30 18:15:23', '2018-07-30 18:15:23'),
(710, 1, 216, 79, '2018-07-30 18:15:23', '2018-07-30 18:15:23'),
(711, 2, 791, 429, '2018-07-30 18:15:23', '2018-07-30 18:15:23'),
(712, 3, 222, 357, '2018-07-30 18:15:23', '2018-07-30 18:15:23'),
(713, 1, 365, 251, '2018-07-30 18:15:23', '2018-07-30 18:15:23'),
(714, 2, 344, 818, '2018-07-30 18:15:23', '2018-07-30 18:15:23'),
(715, 1, 647, 539, '2018-07-30 18:15:23', '2018-07-30 18:15:23'),
(716, 2, 349, 64, '2018-07-30 18:15:23', '2018-07-30 18:15:23'),
(717, 1, 10, 622, '2018-07-30 18:15:23', '2018-07-30 18:15:23'),
(718, 1, 867, 60, '2018-07-30 18:15:23', '2018-07-30 18:15:23'),
(719, 3, 513, 523, '2018-07-30 18:15:23', '2018-07-30 18:15:23'),
(720, 2, 614, 654, '2018-07-30 18:15:23', '2018-07-30 18:15:23'),
(721, 3, 484, 687, '2018-07-30 18:15:23', '2018-07-30 18:15:23'),
(722, 3, 665, 631, '2018-07-30 18:15:23', '2018-07-30 18:15:23'),
(723, 3, 201, 644, '2018-07-30 18:15:23', '2018-07-30 18:15:23'),
(724, 2, 940, 439, '2018-07-30 18:15:23', '2018-07-30 18:15:23'),
(725, 2, 940, 288, '2018-07-30 18:15:23', '2018-07-30 18:15:23'),
(726, 3, 1, 500, '2018-07-30 18:15:24', '2018-07-30 18:15:24'),
(727, 2, 636, 412, '2018-07-30 18:15:24', '2018-07-30 18:15:24'),
(728, 3, 425, 115, '2018-07-30 18:15:24', '2018-07-30 18:15:24'),
(729, 2, 429, 109, '2018-07-30 18:15:24', '2018-07-30 18:15:24'),
(730, 1, 14, 356, '2018-07-30 18:15:24', '2018-07-30 18:15:24'),
(731, 2, 657, 176, '2018-07-30 18:15:24', '2018-07-30 18:15:24'),
(732, 1, 507, 600, '2018-07-30 18:15:24', '2018-07-30 18:15:24'),
(733, 1, 528, 606, '2018-07-30 18:15:24', '2018-07-30 18:15:24'),
(734, 3, 372, 152, '2018-07-30 18:15:24', '2018-07-30 18:15:24'),
(735, 1, 542, 964, '2018-07-30 18:15:24', '2018-07-30 18:15:24'),
(736, 1, 620, 738, '2018-07-30 18:15:24', '2018-07-30 18:15:24'),
(737, 2, 797, 108, '2018-07-30 18:15:24', '2018-07-30 18:15:24'),
(738, 2, 995, 276, '2018-07-30 18:15:24', '2018-07-30 18:15:24'),
(739, 1, 117, 602, '2018-07-30 18:15:24', '2018-07-30 18:15:24'),
(740, 2, 898, 178, '2018-07-30 18:15:24', '2018-07-30 18:15:24'),
(741, 1, 380, 802, '2018-07-30 18:15:24', '2018-07-30 18:15:24'),
(742, 3, 271, 597, '2018-07-30 18:15:24', '2018-07-30 18:15:24'),
(743, 2, 37, 119, '2018-07-30 18:15:24', '2018-07-30 18:15:24'),
(744, 2, 772, 283, '2018-07-30 18:15:24', '2018-07-30 18:15:24'),
(745, 1, 445, 341, '2018-07-30 18:15:24', '2018-07-30 18:15:24'),
(746, 3, 760, 276, '2018-07-30 18:15:24', '2018-07-30 18:15:24'),
(747, 3, 86, 876, '2018-07-30 18:15:24', '2018-07-30 18:15:24'),
(748, 1, 714, 571, '2018-07-30 18:15:24', '2018-07-30 18:15:24'),
(749, 3, 86, 303, '2018-07-30 18:15:24', '2018-07-30 18:15:24'),
(750, 1, 345, 921, '2018-07-30 18:15:24', '2018-07-30 18:15:24'),
(751, 3, 468, 316, '2018-07-30 18:15:24', '2018-07-30 18:15:24'),
(752, 3, 183, 198, '2018-07-30 18:15:24', '2018-07-30 18:15:24'),
(753, 2, 1000, 888, '2018-07-30 18:15:24', '2018-07-30 18:15:24'),
(754, 2, 140, 770, '2018-07-30 18:15:24', '2018-07-30 18:15:24'),
(755, 1, 281, 925, '2018-07-30 18:15:24', '2018-07-30 18:15:24'),
(756, 3, 305, 813, '2018-07-30 18:15:24', '2018-07-30 18:15:24'),
(757, 3, 587, 62, '2018-07-30 18:15:24', '2018-07-30 18:15:24'),
(758, 2, 952, 273, '2018-07-30 18:15:24', '2018-07-30 18:15:24'),
(759, 1, 811, 243, '2018-07-30 18:15:24', '2018-07-30 18:15:24'),
(760, 2, 383, 842, '2018-07-30 18:15:24', '2018-07-30 18:15:24'),
(761, 2, 893, 433, '2018-07-30 18:15:24', '2018-07-30 18:15:24'),
(762, 1, 466, 476, '2018-07-30 18:15:24', '2018-07-30 18:15:24'),
(763, 3, 668, 141, '2018-07-30 18:15:24', '2018-07-30 18:15:24'),
(764, 2, 939, 6, '2018-07-30 18:15:24', '2018-07-30 18:15:24'),
(765, 3, 699, 538, '2018-07-30 18:15:24', '2018-07-30 18:15:24'),
(766, 2, 398, 268, '2018-07-30 18:15:24', '2018-07-30 18:15:24'),
(767, 2, 756, 150, '2018-07-30 18:15:24', '2018-07-30 18:15:24'),
(768, 1, 391, 95, '2018-07-30 18:15:24', '2018-07-30 18:15:24'),
(769, 3, 196, 435, '2018-07-30 18:15:25', '2018-07-30 18:15:25'),
(770, 1, 845, 738, '2018-07-30 18:15:25', '2018-07-30 18:15:25'),
(771, 3, 394, 451, '2018-07-30 18:15:25', '2018-07-30 18:15:25'),
(772, 3, 376, 930, '2018-07-30 18:15:25', '2018-07-30 18:15:25'),
(773, 1, 725, 233, '2018-07-30 18:15:25', '2018-07-30 18:15:25'),
(774, 3, 666, 363, '2018-07-30 18:15:25', '2018-07-30 18:15:25'),
(775, 2, 567, 518, '2018-07-30 18:15:25', '2018-07-30 18:15:25'),
(776, 1, 14, 228, '2018-07-30 18:15:25', '2018-07-30 18:15:25'),
(777, 3, 916, 235, '2018-07-30 18:15:25', '2018-07-30 18:15:25'),
(778, 2, 332, 79, '2018-07-30 18:15:25', '2018-07-30 18:15:25'),
(779, 2, 936, 413, '2018-07-30 18:15:25', '2018-07-30 18:15:25'),
(780, 2, 195, 967, '2018-07-30 18:15:25', '2018-07-30 18:15:25'),
(781, 1, 852, 900, '2018-07-30 18:15:25', '2018-07-30 18:15:25'),
(782, 3, 751, 379, '2018-07-30 18:15:25', '2018-07-30 18:15:25'),
(783, 3, 362, 386, '2018-07-30 18:15:25', '2018-07-30 18:15:25');
INSERT INTO `transactions` (`id`, `quantity`, `buyer_id`, `product_id`, `created_at`, `updated_at`) VALUES
(784, 2, 552, 166, '2018-07-30 18:15:25', '2018-07-30 18:15:25'),
(785, 3, 311, 135, '2018-07-30 18:15:25', '2018-07-30 18:15:25'),
(786, 2, 594, 318, '2018-07-30 18:15:25', '2018-07-30 18:15:25'),
(787, 3, 556, 424, '2018-07-30 18:15:25', '2018-07-30 18:15:25'),
(788, 2, 899, 306, '2018-07-30 18:15:25', '2018-07-30 18:15:25'),
(789, 1, 961, 358, '2018-07-30 18:15:25', '2018-07-30 18:15:25'),
(790, 2, 405, 220, '2018-07-30 18:15:26', '2018-07-30 18:15:26'),
(791, 3, 927, 882, '2018-07-30 18:15:26', '2018-07-30 18:15:26'),
(792, 1, 810, 790, '2018-07-30 18:15:26', '2018-07-30 18:15:26'),
(793, 1, 60, 999, '2018-07-30 18:15:26', '2018-07-30 18:15:26'),
(794, 1, 605, 983, '2018-07-30 18:15:26', '2018-07-30 18:15:26'),
(795, 1, 64, 456, '2018-07-30 18:15:26', '2018-07-30 18:15:26'),
(796, 1, 26, 84, '2018-07-30 18:15:26', '2018-07-30 18:15:26'),
(797, 3, 412, 699, '2018-07-30 18:15:26', '2018-07-30 18:15:26'),
(798, 3, 874, 496, '2018-07-30 18:15:26', '2018-07-30 18:15:26'),
(799, 2, 87, 394, '2018-07-30 18:15:26', '2018-07-30 18:15:26'),
(800, 1, 997, 849, '2018-07-30 18:15:26', '2018-07-30 18:15:26'),
(801, 1, 809, 784, '2018-07-30 18:15:26', '2018-07-30 18:15:26'),
(802, 3, 768, 748, '2018-07-30 18:15:26', '2018-07-30 18:15:26'),
(803, 3, 201, 513, '2018-07-30 18:15:26', '2018-07-30 18:15:26'),
(804, 1, 680, 343, '2018-07-30 18:15:26', '2018-07-30 18:15:26'),
(805, 2, 812, 235, '2018-07-30 18:15:26', '2018-07-30 18:15:26'),
(806, 1, 936, 95, '2018-07-30 18:15:26', '2018-07-30 18:15:26'),
(807, 2, 573, 595, '2018-07-30 18:15:26', '2018-07-30 18:15:26'),
(808, 1, 21, 810, '2018-07-30 18:15:26', '2018-07-30 18:15:26'),
(809, 3, 751, 216, '2018-07-30 18:15:26', '2018-07-30 18:15:26'),
(810, 2, 826, 413, '2018-07-30 18:15:26', '2018-07-30 18:15:26'),
(811, 2, 66, 226, '2018-07-30 18:15:26', '2018-07-30 18:15:26'),
(812, 2, 692, 670, '2018-07-30 18:15:26', '2018-07-30 18:15:26'),
(813, 1, 189, 724, '2018-07-30 18:15:26', '2018-07-30 18:15:26'),
(814, 2, 491, 975, '2018-07-30 18:15:26', '2018-07-30 18:15:26'),
(815, 1, 145, 13, '2018-07-30 18:15:26', '2018-07-30 18:15:26'),
(816, 3, 132, 527, '2018-07-30 18:15:26', '2018-07-30 18:15:26'),
(817, 2, 425, 783, '2018-07-30 18:15:26', '2018-07-30 18:15:26'),
(818, 2, 440, 208, '2018-07-30 18:15:26', '2018-07-30 18:15:26'),
(819, 2, 107, 178, '2018-07-30 18:15:26', '2018-07-30 18:15:26'),
(820, 1, 268, 951, '2018-07-30 18:15:26', '2018-07-30 18:15:26'),
(821, 3, 412, 394, '2018-07-30 18:15:26', '2018-07-30 18:15:26'),
(822, 2, 796, 454, '2018-07-30 18:15:26', '2018-07-30 18:15:26'),
(823, 3, 155, 625, '2018-07-30 18:15:26', '2018-07-30 18:15:26'),
(824, 3, 126, 785, '2018-07-30 18:15:26', '2018-07-30 18:15:26'),
(825, 3, 192, 126, '2018-07-30 18:15:26', '2018-07-30 18:15:26'),
(826, 2, 506, 480, '2018-07-30 18:15:26', '2018-07-30 18:15:26'),
(827, 1, 480, 72, '2018-07-30 18:15:26', '2018-07-30 18:15:26'),
(828, 2, 390, 569, '2018-07-30 18:15:26', '2018-07-30 18:15:26'),
(829, 3, 556, 38, '2018-07-30 18:15:26', '2018-07-30 18:15:26'),
(830, 2, 727, 426, '2018-07-30 18:15:26', '2018-07-30 18:15:26'),
(831, 3, 264, 196, '2018-07-30 18:15:26', '2018-07-30 18:15:26'),
(832, 3, 707, 174, '2018-07-30 18:15:27', '2018-07-30 18:15:27'),
(833, 1, 930, 981, '2018-07-30 18:15:27', '2018-07-30 18:15:27'),
(834, 3, 371, 513, '2018-07-30 18:15:27', '2018-07-30 18:15:27'),
(835, 3, 796, 126, '2018-07-30 18:15:27', '2018-07-30 18:15:27'),
(836, 1, 290, 146, '2018-07-30 18:15:27', '2018-07-30 18:15:27'),
(837, 1, 680, 270, '2018-07-30 18:15:27', '2018-07-30 18:15:27'),
(838, 3, 893, 662, '2018-07-30 18:15:27', '2018-07-30 18:15:27'),
(839, 1, 129, 160, '2018-07-30 18:15:27', '2018-07-30 18:15:27'),
(840, 1, 395, 526, '2018-07-30 18:15:27', '2018-07-30 18:15:27'),
(841, 3, 256, 576, '2018-07-30 18:15:27', '2018-07-30 18:15:27'),
(842, 3, 559, 452, '2018-07-30 18:15:27', '2018-07-30 18:15:27'),
(843, 2, 387, 286, '2018-07-30 18:15:27', '2018-07-30 18:15:27'),
(844, 2, 192, 725, '2018-07-30 18:15:27', '2018-07-30 18:15:27'),
(845, 2, 631, 641, '2018-07-30 18:15:27', '2018-07-30 18:15:27'),
(846, 2, 766, 406, '2018-07-30 18:15:27', '2018-07-30 18:15:27'),
(847, 1, 920, 362, '2018-07-30 18:15:27', '2018-07-30 18:15:27'),
(848, 2, 647, 419, '2018-07-30 18:15:27', '2018-07-30 18:15:27'),
(849, 1, 72, 632, '2018-07-30 18:15:27', '2018-07-30 18:15:27'),
(850, 2, 646, 853, '2018-07-30 18:15:27', '2018-07-30 18:15:27'),
(851, 2, 333, 607, '2018-07-30 18:15:27', '2018-07-30 18:15:27'),
(852, 3, 150, 738, '2018-07-30 18:15:27', '2018-07-30 18:15:27'),
(853, 3, 176, 844, '2018-07-30 18:15:27', '2018-07-30 18:15:27'),
(854, 2, 357, 361, '2018-07-30 18:15:27', '2018-07-30 18:15:27'),
(855, 1, 364, 747, '2018-07-30 18:15:27', '2018-07-30 18:15:27'),
(856, 1, 565, 338, '2018-07-30 18:15:27', '2018-07-30 18:15:27'),
(857, 2, 551, 898, '2018-07-30 18:15:27', '2018-07-30 18:15:27'),
(858, 3, 837, 216, '2018-07-30 18:15:27', '2018-07-30 18:15:27'),
(859, 2, 940, 227, '2018-07-30 18:15:27', '2018-07-30 18:15:27'),
(860, 1, 216, 899, '2018-07-30 18:15:27', '2018-07-30 18:15:27'),
(861, 3, 92, 400, '2018-07-30 18:15:27', '2018-07-30 18:15:27'),
(862, 2, 80, 965, '2018-07-30 18:15:27', '2018-07-30 18:15:27'),
(863, 2, 360, 709, '2018-07-30 18:15:27', '2018-07-30 18:15:27'),
(864, 2, 718, 375, '2018-07-30 18:15:27', '2018-07-30 18:15:27'),
(865, 2, 925, 527, '2018-07-30 18:15:27', '2018-07-30 18:15:27'),
(866, 1, 823, 756, '2018-07-30 18:15:27', '2018-07-30 18:15:27'),
(867, 3, 438, 486, '2018-07-30 18:15:27', '2018-07-30 18:15:27'),
(868, 2, 70, 707, '2018-07-30 18:15:28', '2018-07-30 18:15:28'),
(869, 3, 809, 682, '2018-07-30 18:15:28', '2018-07-30 18:15:28'),
(870, 1, 210, 256, '2018-07-30 18:15:28', '2018-07-30 18:15:28'),
(871, 2, 960, 530, '2018-07-30 18:15:28', '2018-07-30 18:15:28'),
(872, 1, 270, 894, '2018-07-30 18:15:28', '2018-07-30 18:15:28'),
(873, 2, 343, 906, '2018-07-30 18:15:28', '2018-07-30 18:15:28'),
(874, 2, 495, 833, '2018-07-30 18:15:28', '2018-07-30 18:15:28'),
(875, 2, 600, 128, '2018-07-30 18:15:28', '2018-07-30 18:15:28'),
(876, 2, 515, 182, '2018-07-30 18:15:28', '2018-07-30 18:15:28'),
(877, 3, 971, 126, '2018-07-30 18:15:28', '2018-07-30 18:15:28'),
(878, 3, 699, 649, '2018-07-30 18:15:28', '2018-07-30 18:15:28'),
(879, 1, 759, 671, '2018-07-30 18:15:28', '2018-07-30 18:15:28'),
(880, 1, 965, 1, '2018-07-30 18:15:28', '2018-07-30 18:15:28'),
(881, 2, 496, 97, '2018-07-30 18:15:28', '2018-07-30 18:15:28'),
(882, 2, 790, 636, '2018-07-30 18:15:28', '2018-07-30 18:15:28'),
(883, 3, 771, 662, '2018-07-30 18:15:28', '2018-07-30 18:15:28'),
(884, 2, 783, 141, '2018-07-30 18:15:28', '2018-07-30 18:15:28'),
(885, 2, 74, 998, '2018-07-30 18:15:28', '2018-07-30 18:15:28'),
(886, 1, 659, 915, '2018-07-30 18:15:28', '2018-07-30 18:15:28'),
(887, 3, 880, 958, '2018-07-30 18:15:28', '2018-07-30 18:15:28'),
(888, 3, 611, 29, '2018-07-30 18:15:28', '2018-07-30 18:15:28'),
(889, 2, 566, 908, '2018-07-30 18:15:28', '2018-07-30 18:15:28'),
(890, 1, 480, 870, '2018-07-30 18:15:28', '2018-07-30 18:15:28'),
(891, 2, 6, 349, '2018-07-30 18:15:28', '2018-07-30 18:15:28'),
(892, 1, 462, 42, '2018-07-30 18:15:28', '2018-07-30 18:15:28'),
(893, 3, 924, 976, '2018-07-30 18:15:28', '2018-07-30 18:15:28'),
(894, 3, 893, 596, '2018-07-30 18:15:28', '2018-07-30 18:15:28'),
(895, 2, 739, 701, '2018-07-30 18:15:29', '2018-07-30 18:15:29'),
(896, 1, 662, 909, '2018-07-30 18:15:29', '2018-07-30 18:15:29'),
(897, 3, 872, 814, '2018-07-30 18:15:29', '2018-07-30 18:15:29'),
(898, 2, 564, 411, '2018-07-30 18:15:29', '2018-07-30 18:15:29'),
(899, 1, 703, 446, '2018-07-30 18:15:29', '2018-07-30 18:15:29'),
(900, 2, 427, 683, '2018-07-30 18:15:29', '2018-07-30 18:15:29'),
(901, 3, 601, 879, '2018-07-30 18:15:29', '2018-07-30 18:15:29'),
(902, 2, 821, 286, '2018-07-30 18:15:29', '2018-07-30 18:15:29'),
(903, 3, 735, 127, '2018-07-30 18:15:29', '2018-07-30 18:15:29'),
(904, 1, 401, 506, '2018-07-30 18:15:29', '2018-07-30 18:15:29'),
(905, 3, 569, 688, '2018-07-30 18:15:29', '2018-07-30 18:15:29'),
(906, 3, 383, 608, '2018-07-30 18:15:29', '2018-07-30 18:15:29'),
(907, 3, 150, 948, '2018-07-30 18:15:29', '2018-07-30 18:15:29'),
(908, 3, 733, 58, '2018-07-30 18:15:29', '2018-07-30 18:15:29'),
(909, 1, 169, 99, '2018-07-30 18:15:29', '2018-07-30 18:15:29'),
(910, 2, 29, 633, '2018-07-30 18:15:29', '2018-07-30 18:15:29'),
(911, 1, 594, 463, '2018-07-30 18:15:29', '2018-07-30 18:15:29'),
(912, 3, 916, 154, '2018-07-30 18:15:29', '2018-07-30 18:15:29'),
(913, 1, 218, 309, '2018-07-30 18:15:29', '2018-07-30 18:15:29'),
(914, 3, 505, 295, '2018-07-30 18:15:29', '2018-07-30 18:15:29'),
(915, 1, 203, 497, '2018-07-30 18:15:29', '2018-07-30 18:15:29'),
(916, 2, 201, 870, '2018-07-30 18:15:29', '2018-07-30 18:15:29'),
(917, 3, 615, 242, '2018-07-30 18:15:29', '2018-07-30 18:15:29'),
(918, 3, 833, 625, '2018-07-30 18:15:29', '2018-07-30 18:15:29'),
(919, 1, 716, 103, '2018-07-30 18:15:29', '2018-07-30 18:15:29'),
(920, 3, 933, 439, '2018-07-30 18:15:29', '2018-07-30 18:15:29'),
(921, 3, 399, 497, '2018-07-30 18:15:29', '2018-07-30 18:15:29'),
(922, 3, 119, 585, '2018-07-30 18:15:29', '2018-07-30 18:15:29'),
(923, 1, 428, 461, '2018-07-30 18:15:29', '2018-07-30 18:15:29'),
(924, 1, 84, 890, '2018-07-30 18:15:29', '2018-07-30 18:15:29'),
(925, 2, 488, 229, '2018-07-30 18:15:29', '2018-07-30 18:15:29'),
(926, 3, 851, 49, '2018-07-30 18:15:29', '2018-07-30 18:15:29'),
(927, 3, 905, 745, '2018-07-30 18:15:29', '2018-07-30 18:15:29'),
(928, 1, 761, 265, '2018-07-30 18:15:29', '2018-07-30 18:15:29'),
(929, 2, 694, 512, '2018-07-30 18:15:29', '2018-07-30 18:15:29'),
(930, 3, 969, 186, '2018-07-30 18:15:29', '2018-07-30 18:15:29'),
(931, 1, 885, 516, '2018-07-30 18:15:29', '2018-07-30 18:15:29'),
(932, 1, 113, 160, '2018-07-30 18:15:29', '2018-07-30 18:15:29'),
(933, 3, 984, 92, '2018-07-30 18:15:29', '2018-07-30 18:15:29'),
(934, 2, 199, 579, '2018-07-30 18:15:30', '2018-07-30 18:15:30'),
(935, 2, 690, 671, '2018-07-30 18:15:30', '2018-07-30 18:15:30'),
(936, 2, 703, 447, '2018-07-30 18:15:30', '2018-07-30 18:15:30'),
(937, 3, 784, 110, '2018-07-30 18:15:30', '2018-07-30 18:15:30'),
(938, 1, 619, 232, '2018-07-30 18:15:30', '2018-07-30 18:15:30'),
(939, 3, 705, 135, '2018-07-30 18:15:30', '2018-07-30 18:15:30'),
(940, 2, 968, 441, '2018-07-30 18:15:30', '2018-07-30 18:15:30'),
(941, 2, 261, 123, '2018-07-30 18:15:30', '2018-07-30 18:15:30'),
(942, 3, 989, 816, '2018-07-30 18:15:30', '2018-07-30 18:15:30'),
(943, 3, 256, 769, '2018-07-30 18:15:30', '2018-07-30 18:15:30'),
(944, 2, 477, 774, '2018-07-30 18:15:30', '2018-07-30 18:15:30'),
(945, 1, 189, 379, '2018-07-30 18:15:30', '2018-07-30 18:15:30'),
(946, 1, 815, 323, '2018-07-30 18:15:30', '2018-07-30 18:15:30'),
(947, 2, 680, 431, '2018-07-30 18:15:30', '2018-07-30 18:15:30'),
(948, 2, 585, 956, '2018-07-30 18:15:30', '2018-07-30 18:15:30'),
(949, 3, 13, 79, '2018-07-30 18:15:30', '2018-07-30 18:15:30'),
(950, 1, 742, 193, '2018-07-30 18:15:30', '2018-07-30 18:15:30'),
(951, 1, 279, 862, '2018-07-30 18:15:30', '2018-07-30 18:15:30'),
(952, 2, 946, 830, '2018-07-30 18:15:30', '2018-07-30 18:15:30'),
(953, 3, 343, 513, '2018-07-30 18:15:30', '2018-07-30 18:15:30'),
(954, 1, 831, 294, '2018-07-30 18:15:30', '2018-07-30 18:15:30'),
(955, 3, 768, 368, '2018-07-30 18:15:30', '2018-07-30 18:15:30'),
(956, 3, 671, 920, '2018-07-30 18:15:30', '2018-07-30 18:15:30'),
(957, 2, 778, 650, '2018-07-30 18:15:30', '2018-07-30 18:15:30'),
(958, 2, 170, 235, '2018-07-30 18:15:30', '2018-07-30 18:15:30'),
(959, 3, 791, 500, '2018-07-30 18:15:30', '2018-07-30 18:15:30'),
(960, 3, 355, 347, '2018-07-30 18:15:30', '2018-07-30 18:15:30'),
(961, 3, 499, 392, '2018-07-30 18:15:30', '2018-07-30 18:15:30'),
(962, 3, 975, 595, '2018-07-30 18:15:30', '2018-07-30 18:15:30'),
(963, 3, 116, 830, '2018-07-30 18:15:30', '2018-07-30 18:15:30'),
(964, 2, 424, 223, '2018-07-30 18:15:30', '2018-07-30 18:15:30'),
(965, 2, 327, 122, '2018-07-30 18:15:30', '2018-07-30 18:15:30'),
(966, 1, 723, 452, '2018-07-30 18:15:30', '2018-07-30 18:15:30'),
(967, 3, 459, 614, '2018-07-30 18:15:30', '2018-07-30 18:15:30'),
(968, 1, 732, 84, '2018-07-30 18:15:30', '2018-07-30 18:15:30'),
(969, 1, 485, 396, '2018-07-30 18:15:30', '2018-07-30 18:15:30'),
(970, 1, 420, 713, '2018-07-30 18:15:30', '2018-07-30 18:15:30'),
(971, 2, 593, 466, '2018-07-30 18:15:30', '2018-07-30 18:15:30'),
(972, 1, 750, 834, '2018-07-30 18:15:31', '2018-07-30 18:15:31'),
(973, 1, 727, 86, '2018-07-30 18:15:31', '2018-07-30 18:15:31'),
(974, 2, 24, 116, '2018-07-30 18:15:31', '2018-07-30 18:15:31'),
(975, 3, 834, 755, '2018-07-30 18:15:31', '2018-07-30 18:15:31'),
(976, 2, 892, 631, '2018-07-30 18:15:31', '2018-07-30 18:15:31'),
(977, 1, 556, 829, '2018-07-30 18:15:31', '2018-07-30 18:15:31'),
(978, 2, 354, 852, '2018-07-30 18:15:31', '2018-07-30 18:15:31'),
(979, 2, 706, 563, '2018-07-30 18:15:31', '2018-07-30 18:15:31'),
(980, 1, 626, 787, '2018-07-30 18:15:31', '2018-07-30 18:15:31'),
(981, 3, 547, 798, '2018-07-30 18:15:31', '2018-07-30 18:15:31'),
(982, 2, 623, 373, '2018-07-30 18:15:31', '2018-07-30 18:15:31'),
(983, 1, 83, 945, '2018-07-30 18:15:31', '2018-07-30 18:15:31'),
(984, 2, 160, 760, '2018-07-30 18:15:31', '2018-07-30 18:15:31'),
(985, 1, 122, 443, '2018-07-30 18:15:31', '2018-07-30 18:15:31'),
(986, 3, 219, 925, '2018-07-30 18:15:31', '2018-07-30 18:15:31'),
(987, 1, 749, 256, '2018-07-30 18:15:31', '2018-07-30 18:15:31'),
(988, 2, 221, 426, '2018-07-30 18:15:31', '2018-07-30 18:15:31'),
(989, 2, 378, 596, '2018-07-30 18:15:31', '2018-07-30 18:15:31'),
(990, 1, 489, 28, '2018-07-30 18:15:31', '2018-07-30 18:15:31'),
(991, 1, 317, 190, '2018-07-30 18:15:31', '2018-07-30 18:15:31'),
(992, 3, 189, 508, '2018-07-30 18:15:31', '2018-07-30 18:15:31'),
(993, 2, 737, 31, '2018-07-30 18:15:31', '2018-07-30 18:15:31'),
(994, 3, 81, 610, '2018-07-30 18:15:31', '2018-07-30 18:15:31'),
(995, 1, 731, 524, '2018-07-30 18:15:31', '2018-07-30 18:15:31'),
(996, 1, 100, 453, '2018-07-30 18:15:31', '2018-07-30 18:15:31'),
(997, 2, 724, 221, '2018-07-30 18:15:31', '2018-07-30 18:15:31'),
(998, 2, 893, 182, '2018-07-30 18:15:31', '2018-07-30 18:15:31'),
(999, 3, 113, 997, '2018-07-30 18:15:31', '2018-07-30 18:15:31'),
(1000, 2, 35, 462, '2018-07-30 18:15:31', '2018-07-30 18:15:31');

-- --------------------------------------------------------

--
-- Estructura de tabla para la tabla `users`
--

CREATE TABLE `users` (
  `id` int(10) UNSIGNED NOT NULL,
  `name` varchar(191) COLLATE utf8mb4_unicode_ci NOT NULL,
  `email` varchar(191) COLLATE utf8mb4_unicode_ci NOT NULL,
  `password` varchar(191) COLLATE utf8mb4_unicode_ci NOT NULL,
  `remember_token` varchar(100) COLLATE utf8mb4_unicode_ci DEFAULT NULL,
  `verified` varchar(191) COLLATE utf8mb4_unicode_ci NOT NULL DEFAULT '0',
  `verified_token` varchar(191) COLLATE utf8mb4_unicode_ci DEFAULT NULL,
  `admin` varchar(191) COLLATE utf8mb4_unicode_ci NOT NULL DEFAULT 'false',
  `created_at` timestamp NULL DEFAULT NULL,
  `updated_at` timestamp NULL DEFAULT NULL
) ENGINE=InnoDB DEFAULT CHARSET=utf8mb4 COLLATE=utf8mb4_unicode_ci;

--
-- Volcado de datos para la tabla `users`
--

INSERT INTO `users` (`id`, `name`, `email`, `password`, `remember_token`, `verified`, `verified_token`, `admin`, `created_at`, `updated_at`) VALUES
(1, 'Mr. Jordyn Cummings I', 'coralie64@example.com', '$2y$10$sJUJ6dsccPkfrifcRERxg.aTqr7.bdXsmh0w7IDuHWTcEIC7c2iFe', 'nPvTSzs5yu', '1', NULL, 'false', '2018-07-30 18:12:20', '2018-07-30 18:12:20'),
(2, 'Ethel Predovic', 'hauck.abby@example.com', '$2y$10$sJUJ6dsccPkfrifcRERxg.aTqr7.bdXsmh0w7IDuHWTcEIC7c2iFe', 'SWcjB5h89h', '1', NULL, 'false', '2018-07-30 18:12:20', '2018-07-30 18:12:20'),
(3, 'Max Jacobs', 'allan67@example.com', '$2y$10$sJUJ6dsccPkfrifcRERxg.aTqr7.bdXsmh0w7IDuHWTcEIC7c2iFe', 'Q1AkPI031t', '0', 'Qr0mOLvTbOxaWJDLcNpsd9iJU3RCGtKi3f8LO2jD', 'false', '2018-07-30 18:12:20', '2018-07-30 18:12:20'),
(4, 'Rowan Kulas', 'carrie.abshire@example.net', '$2y$10$sJUJ6dsccPkfrifcRERxg.aTqr7.bdXsmh0w7IDuHWTcEIC7c2iFe', 'IRYZ5hMoB8', '1', NULL, 'false', '2018-07-30 18:12:20', '2018-07-30 18:12:20'),
(5, 'Deondre Gutmann', 'zora07@example.com', '$2y$10$sJUJ6dsccPkfrifcRERxg.aTqr7.bdXsmh0w7IDuHWTcEIC7c2iFe', 'DPISESl2tg', '0', 'Qe600ZKou1cpZJsLB5Tmm8XDlqdJSs4aT6UxlTtH', 'false', '2018-07-30 18:12:20', '2018-07-30 18:12:20'),
(6, 'Elbert Lemke', 'acronin@example.org', '$2y$10$sJUJ6dsccPkfrifcRERxg.aTqr7.bdXsmh0w7IDuHWTcEIC7c2iFe', 'oDmA9zKBhw', '1', NULL, 'true', '2018-07-30 18:12:20', '2018-07-30 18:12:20'),
(7, 'Dr. Vivianne Schimmel', 'jasper40@example.com', '$2y$10$sJUJ6dsccPkfrifcRERxg.aTqr7.bdXsmh0w7IDuHWTcEIC7c2iFe', 'WNG3UCOfMT', '1', NULL, 'false', '2018-07-30 18:12:20', '2018-07-30 18:12:20'),
(8, 'Miguel Dicki IV', 'nikki30@example.org', '$2y$10$sJUJ6dsccPkfrifcRERxg.aTqr7.bdXsmh0w7IDuHWTcEIC7c2iFe', '8CzFgx3xDj', '0', 'ngfQmvvYdM1AUkvTrs2KQ54rz2X6xA3ylyxFDPcb', 'false', '2018-07-30 18:12:20', '2018-07-30 18:12:20'),
(9, 'Oran Beier', 'ward13@example.net', '$2y$10$sJUJ6dsccPkfrifcRERxg.aTqr7.bdXsmh0w7IDuHWTcEIC7c2iFe', 'aP9YaJY4zI', '0', 'HOfjTdtlcBMhMg5hkB7q3C57oeu4U4OWsaPSeVHW', 'false', '2018-07-30 18:12:20', '2018-07-30 18:12:20'),
(10, 'Anderson Gaylord', 'lisa76@example.com', '$2y$10$sJUJ6dsccPkfrifcRERxg.aTqr7.bdXsmh0w7IDuHWTcEIC7c2iFe', 'smZUobvzo5', '0', 'BrxCz7MtOztbtHvehzS553UgklHi6zofcLZOJhs6', 'false', '2018-07-30 18:12:20', '2018-07-30 18:12:20'),
(11, 'Hal Paucek', 'guillermo89@example.org', '$2y$10$sJUJ6dsccPkfrifcRERxg.aTqr7.bdXsmh0w7IDuHWTcEIC7c2iFe', 'jEJXgJt8ZA', '0', 'su5dqALFRPHHgjDTLSpmoddPgFQFyzL90bbXzWVW', 'false', '2018-07-30 18:12:20', '2018-07-30 18:12:20'),
(12, 'Virgie Brown', 'kessler.olga@example.com', '$2y$10$sJUJ6dsccPkfrifcRERxg.aTqr7.bdXsmh0w7IDuHWTcEIC7c2iFe', 'YrFH39003l', '0', 'kfMUnOJKwTTo0f9jdRYiiN7q3gLg50kxxmk91PiN', 'false', '2018-07-30 18:12:20', '2018-07-30 18:12:20'),
(13, 'Serena Hickle', 'anika.conroy@example.org', '$2y$10$sJUJ6dsccPkfrifcRERxg.aTqr7.bdXsmh0w7IDuHWTcEIC7c2iFe', 'cTrPsLAKWt', '0', 'BtR2jDNKcnP2BwtcAsyDOQmWrliUnpilKp6gTAfb', 'true', '2018-07-30 18:12:21', '2018-07-30 18:12:21'),
(14, 'Alba Volkman', 'sgrady@example.com', '$2y$10$sJUJ6dsccPkfrifcRERxg.aTqr7.bdXsmh0w7IDuHWTcEIC7c2iFe', 'S3MfLqT35W', '0', 'LtrvyaIS8mI6zS59y2Wv7a8EvrQC5XJyCIkXHDWF', 'false', '2018-07-30 18:12:21', '2018-07-30 18:12:21'),
(15, 'Freeman Braun', 'pacocha.frida@example.org', '$2y$10$sJUJ6dsccPkfrifcRERxg.aTqr7.bdXsmh0w7IDuHWTcEIC7c2iFe', 'ETdp8UKiyB', '1', NULL, 'true', '2018-07-30 18:12:21', '2018-07-30 18:12:21'),
(16, 'Verna O\'Connell', 'clifford.rice@example.net', '$2y$10$sJUJ6dsccPkfrifcRERxg.aTqr7.bdXsmh0w7IDuHWTcEIC7c2iFe', 'nDzdRNOfzc', '0', '4jv5dAv9DBCGDDqWb7QKxIEEGypXZylJOPVzkTAK', 'false', '2018-07-30 18:12:21', '2018-07-30 18:12:21'),
(17, 'Ms. Josiane Gutmann', 'jcassin@example.org', '$2y$10$sJUJ6dsccPkfrifcRERxg.aTqr7.bdXsmh0w7IDuHWTcEIC7c2iFe', 'zWUWo2Yr24', '0', 'X8Nzi0Hj63PLaWoBa1xffIy1Xs1oHu37IbTs97r5', 'false', '2018-07-30 18:12:21', '2018-07-30 18:12:21'),
(18, 'Laurence Douglas', 'eveline32@example.org', '$2y$10$sJUJ6dsccPkfrifcRERxg.aTqr7.bdXsmh0w7IDuHWTcEIC7c2iFe', 'oubEji8ZAv', '0', 'iNBLZYFDadeqMWhlONevQjD9ZRPL0gA4av3G3el2', 'true', '2018-07-30 18:12:21', '2018-07-30 18:12:21'),
(19, 'Prof. Astrid Ankunding', 'lueilwitz.devyn@example.net', '$2y$10$sJUJ6dsccPkfrifcRERxg.aTqr7.bdXsmh0w7IDuHWTcEIC7c2iFe', '4nBtfv1UPp', '1', NULL, 'false', '2018-07-30 18:12:21', '2018-07-30 18:12:21'),
(20, 'Delfina Kling', 'russ.halvorson@example.org', '$2y$10$sJUJ6dsccPkfrifcRERxg.aTqr7.bdXsmh0w7IDuHWTcEIC7c2iFe', 'TSwmYxzPsY', '1', NULL, 'true', '2018-07-30 18:12:21', '2018-07-30 18:12:21'),
(21, 'Francisco Baumbach', 'torp.sydnee@example.net', '$2y$10$sJUJ6dsccPkfrifcRERxg.aTqr7.bdXsmh0w7IDuHWTcEIC7c2iFe', 'eqpfNUqwSh', '1', NULL, 'true', '2018-07-30 18:12:21', '2018-07-30 18:12:21'),
(22, 'Henriette Thompson', 'okris@example.net', '$2y$10$sJUJ6dsccPkfrifcRERxg.aTqr7.bdXsmh0w7IDuHWTcEIC7c2iFe', 'FbyRmFGBYt', '0', 'XJaD2aOsRmQAY9Fh2HCtFzSIW7yH9fKphJ7UHLRQ', 'true', '2018-07-30 18:12:21', '2018-07-30 18:12:21'),
(23, 'Jailyn Bruen', 'ifay@example.org', '$2y$10$sJUJ6dsccPkfrifcRERxg.aTqr7.bdXsmh0w7IDuHWTcEIC7c2iFe', 'j8MeQDv6ds', '1', NULL, 'false', '2018-07-30 18:12:21', '2018-07-30 18:12:21'),
(24, 'Mr. Dean Koss', 'buck.corwin@example.com', '$2y$10$sJUJ6dsccPkfrifcRERxg.aTqr7.bdXsmh0w7IDuHWTcEIC7c2iFe', '0eyLAnb5kE', '0', 'IAYw2jDu7v2nuaBqKO74X8vnnBP1uxn6C9hzFLAA', 'false', '2018-07-30 18:12:21', '2018-07-30 18:12:21'),
(25, 'Beulah Boyer PhD', 'xnienow@example.net', '$2y$10$sJUJ6dsccPkfrifcRERxg.aTqr7.bdXsmh0w7IDuHWTcEIC7c2iFe', 'P4PJ9dNvYQ', '0', 'kEkJx1DpMjtZZWluntfYpdBbVrHRHr7ojDpUY30l', 'true', '2018-07-30 18:12:21', '2018-07-30 18:12:21'),
(26, 'Marques Heller', 'tschultz@example.com', '$2y$10$sJUJ6dsccPkfrifcRERxg.aTqr7.bdXsmh0w7IDuHWTcEIC7c2iFe', 'B0P7hcOiTI', '0', 'fNXkBduZ1dxP0h0qLUK5lYqJat0LNoIyxGH0QHj1', 'false', '2018-07-30 18:12:21', '2018-07-30 18:12:21'),
(27, 'Prof. Constance Heidenreich', 'keyshawn15@example.net', '$2y$10$sJUJ6dsccPkfrifcRERxg.aTqr7.bdXsmh0w7IDuHWTcEIC7c2iFe', '7Y6oKH4dNi', '0', 'aTAn5jCbUOuCnTwWMeyLfA8VFtxR50FP15Rny3Jt', 'true', '2018-07-30 18:12:21', '2018-07-30 18:12:21'),
(28, 'Mr. Aiden Hand I', 'memard@example.org', '$2y$10$sJUJ6dsccPkfrifcRERxg.aTqr7.bdXsmh0w7IDuHWTcEIC7c2iFe', 'yHvuA5fdHM', '0', 'T2zM7K2CNk7JC1miNEvBnoKN2IikiZ8uISNSskPS', 'true', '2018-07-30 18:12:21', '2018-07-30 18:12:21'),
(29, 'Roy Gibson', 'gerlach.bettye@example.net', '$2y$10$sJUJ6dsccPkfrifcRERxg.aTqr7.bdXsmh0w7IDuHWTcEIC7c2iFe', 'AK6sH4OnX4', '0', 'GdD0nYXSlL9LdPLUtTYksY62XYMcSVi1XhPlRj2g', 'true', '2018-07-30 18:12:21', '2018-07-30 18:12:21'),
(30, 'Dr. Israel Veum IV', 'hhand@example.com', '$2y$10$sJUJ6dsccPkfrifcRERxg.aTqr7.bdXsmh0w7IDuHWTcEIC7c2iFe', 'c4E2ORs8uh', '1', NULL, 'false', '2018-07-30 18:12:21', '2018-07-30 18:12:21'),
(31, 'Mr. Adolph Schuster II', 'orrin91@example.com', '$2y$10$sJUJ6dsccPkfrifcRERxg.aTqr7.bdXsmh0w7IDuHWTcEIC7c2iFe', 'eEyxWwmW7P', '0', 'pNqCN6l7JePZSsr54MLM1pLojwbSLLNTyE4o973q', 'false', '2018-07-30 18:12:21', '2018-07-30 18:12:21'),
(32, 'Jason Price', 'ida45@example.net', '$2y$10$sJUJ6dsccPkfrifcRERxg.aTqr7.bdXsmh0w7IDuHWTcEIC7c2iFe', '1FzB5ohyHd', '1', NULL, 'true', '2018-07-30 18:12:21', '2018-07-30 18:12:21'),
(33, 'Dr. Rashad Lesch III', 'emmerich.zakary@example.org', '$2y$10$sJUJ6dsccPkfrifcRERxg.aTqr7.bdXsmh0w7IDuHWTcEIC7c2iFe', 'nt1smfTSTV', '0', '0EzW02AmvVsolUydQSeLprbACWbRAv717T9L4dGF', 'true', '2018-07-30 18:12:21', '2018-07-30 18:12:21'),
(34, 'Jensen Donnelly', 'virginia.wunsch@example.com', '$2y$10$sJUJ6dsccPkfrifcRERxg.aTqr7.bdXsmh0w7IDuHWTcEIC7c2iFe', 'g4hjevyFf0', '0', 'pdPddYXqAb6jLEqOixDfhraJGtRYiJMs4NuGCi6i', 'false', '2018-07-30 18:12:21', '2018-07-30 18:12:21'),
(35, 'Lawson Spinka DVM', 'oturcotte@example.com', '$2y$10$sJUJ6dsccPkfrifcRERxg.aTqr7.bdXsmh0w7IDuHWTcEIC7c2iFe', 'X10TGkLyyH', '1', NULL, 'true', '2018-07-30 18:12:21', '2018-07-30 18:12:21'),
(36, 'Russ Stark', 'dach.maddison@example.net', '$2y$10$sJUJ6dsccPkfrifcRERxg.aTqr7.bdXsmh0w7IDuHWTcEIC7c2iFe', 'cfuSJPrh1p', '0', 'fc0ym09EQBQuLHw9dtSdej0W2kvrGxCc6tOcXj9t', 'false', '2018-07-30 18:12:22', '2018-07-30 18:12:22'),
(37, 'Blaze Koch', 'dasia40@example.com', '$2y$10$sJUJ6dsccPkfrifcRERxg.aTqr7.bdXsmh0w7IDuHWTcEIC7c2iFe', 'YUjXkwTdhM', '0', '5GIVDbytPzs6NCr8EbmCeZDYQpmfsFZ3qcf7mR15', 'true', '2018-07-30 18:12:22', '2018-07-30 18:12:22'),
(38, 'Keely Smitham', 'dare.amelia@example.net', '$2y$10$sJUJ6dsccPkfrifcRERxg.aTqr7.bdXsmh0w7IDuHWTcEIC7c2iFe', '4ZC1UleAEJ', '1', NULL, 'false', '2018-07-30 18:12:22', '2018-07-30 18:12:22'),
(39, 'Dr. Ned Koepp', 'annalise49@example.com', '$2y$10$sJUJ6dsccPkfrifcRERxg.aTqr7.bdXsmh0w7IDuHWTcEIC7c2iFe', 'QC6GQUelBS', '0', 'xxiektzGZruYjJU5P8St05DIqBBCAZLXEbuDsemq', 'true', '2018-07-30 18:12:22', '2018-07-30 18:12:22'),
(40, 'Winona Roob', 'runolfsdottir.dolores@example.org', '$2y$10$sJUJ6dsccPkfrifcRERxg.aTqr7.bdXsmh0w7IDuHWTcEIC7c2iFe', 'bExcYkcVDy', '0', 'p7SF8iyoqrXcdgpCza7KG74vJrakytZ2RdhdOyZn', 'true', '2018-07-30 18:12:22', '2018-07-30 18:12:22'),
(41, 'Hilario Hudson', 'shawna.labadie@example.com', '$2y$10$sJUJ6dsccPkfrifcRERxg.aTqr7.bdXsmh0w7IDuHWTcEIC7c2iFe', '9YOgQwK9hT', '0', 'F5LAp6vwXi4KbIOcGqckAAh3XF9pqh1CNSBX9a0q', 'false', '2018-07-30 18:12:22', '2018-07-30 18:12:22'),
(42, 'Alfredo Ward', 'dolores09@example.com', '$2y$10$sJUJ6dsccPkfrifcRERxg.aTqr7.bdXsmh0w7IDuHWTcEIC7c2iFe', 'sjP5er3kfR', '0', '6GdV3Gsw2d4ID5yVYqBXkffHcRkCBXOiPO0yyuxP', 'true', '2018-07-30 18:12:22', '2018-07-30 18:12:22'),
(43, 'Sophia Buckridge', 'gisselle55@example.org', '$2y$10$sJUJ6dsccPkfrifcRERxg.aTqr7.bdXsmh0w7IDuHWTcEIC7c2iFe', 'gSpLnQdVNo', '0', '0YovLxvr60rE0HMcJSkRo89hTzlFX443Pc2UPaSl', 'true', '2018-07-30 18:12:22', '2018-07-30 18:12:22'),
(44, 'Michel Mayer', 'magdalena14@example.com', '$2y$10$sJUJ6dsccPkfrifcRERxg.aTqr7.bdXsmh0w7IDuHWTcEIC7c2iFe', '0WL1DhsBOS', '0', 'LnuZim2ER4BlSCSF6zHFurgeJtds20ml0V2HyIGw', 'true', '2018-07-30 18:12:22', '2018-07-30 18:12:22'),
(45, 'Natalie Stark III', 'sklocko@example.org', '$2y$10$sJUJ6dsccPkfrifcRERxg.aTqr7.bdXsmh0w7IDuHWTcEIC7c2iFe', '8K6PHZ4XIW', '1', NULL, 'false', '2018-07-30 18:12:22', '2018-07-30 18:12:22'),
(46, 'Kyler Hayes', 'hadley05@example.com', '$2y$10$sJUJ6dsccPkfrifcRERxg.aTqr7.bdXsmh0w7IDuHWTcEIC7c2iFe', 'fEPdufBWGm', '0', 'Jp71VfGwlv9Yk9g6DYGj8G0yWtQjyb4YyHK4G6aj', 'false', '2018-07-30 18:12:22', '2018-07-30 18:12:22'),
(47, 'Melany Runte', 'olga63@example.com', '$2y$10$sJUJ6dsccPkfrifcRERxg.aTqr7.bdXsmh0w7IDuHWTcEIC7c2iFe', 'sU8HAoHZCN', '1', NULL, 'false', '2018-07-30 18:12:22', '2018-07-30 18:12:22'),
(48, 'Beulah Morar', 'misael.friesen@example.com', '$2y$10$sJUJ6dsccPkfrifcRERxg.aTqr7.bdXsmh0w7IDuHWTcEIC7c2iFe', 'I1WCBSv0lO', '0', 'R8mTPLQjK2Oj2rBB3iUaDqzLzVkbZvnBFmL02WBJ', 'true', '2018-07-30 18:12:22', '2018-07-30 18:12:22'),
(49, 'Dr. Mariane Hyatt MD', 'chadrick57@example.com', '$2y$10$sJUJ6dsccPkfrifcRERxg.aTqr7.bdXsmh0w7IDuHWTcEIC7c2iFe', 'mDaT4ZcZxh', '1', NULL, 'false', '2018-07-30 18:12:22', '2018-07-30 18:12:22'),
(50, 'Hortense Altenwerth', 'gvon@example.net', '$2y$10$sJUJ6dsccPkfrifcRERxg.aTqr7.bdXsmh0w7IDuHWTcEIC7c2iFe', 'ytxpf8cCGs', '1', NULL, 'true', '2018-07-30 18:12:22', '2018-07-30 18:12:22'),
(51, 'Breanne Bergstrom', 'orussel@example.com', '$2y$10$sJUJ6dsccPkfrifcRERxg.aTqr7.bdXsmh0w7IDuHWTcEIC7c2iFe', '6o1ZhtPqUM', '1', NULL, 'true', '2018-07-30 18:12:22', '2018-07-30 18:12:22'),
(52, 'Prof. Kaylin Ward V', 'tyler74@example.org', '$2y$10$sJUJ6dsccPkfrifcRERxg.aTqr7.bdXsmh0w7IDuHWTcEIC7c2iFe', 'kbjY5XWae2', '1', NULL, 'false', '2018-07-30 18:12:22', '2018-07-30 18:12:22'),
(53, 'Miss June Conroy Sr.', 'noelia15@example.net', '$2y$10$sJUJ6dsccPkfrifcRERxg.aTqr7.bdXsmh0w7IDuHWTcEIC7c2iFe', 'i9nVPxtiEt', '0', 'kSC0b3cIIbXeiODWbW77z7j5UFBSQnHXBAuqZaCS', 'false', '2018-07-30 18:12:22', '2018-07-30 18:12:22'),
(54, 'Kody Tillman Jr.', 'volson@example.org', '$2y$10$sJUJ6dsccPkfrifcRERxg.aTqr7.bdXsmh0w7IDuHWTcEIC7c2iFe', 'PLrAsNQlxf', '0', 'PqmG2gnOzJ3LgIwjF2b4ikwpfBnbadNxOeteojRr', 'true', '2018-07-30 18:12:22', '2018-07-30 18:12:22'),
(55, 'Dr. Terrill Jerde', 'buddy.rogahn@example.net', '$2y$10$sJUJ6dsccPkfrifcRERxg.aTqr7.bdXsmh0w7IDuHWTcEIC7c2iFe', 'z7avG1vDmT', '0', 'NoHPfXhlYWo9CNTwkhF055FNHwg15cwznJpkDnd4', 'false', '2018-07-30 18:12:22', '2018-07-30 18:12:22'),
(56, 'Mr. Dayne Kris PhD', 'witting.natalia@example.net', '$2y$10$sJUJ6dsccPkfrifcRERxg.aTqr7.bdXsmh0w7IDuHWTcEIC7c2iFe', 'HOmmgyn15Z', '0', 'Yexk5RZMCAgS1PNzaksARaIjDqvIi5geNyDxi3HD', 'false', '2018-07-30 18:12:22', '2018-07-30 18:12:22'),
(57, 'Braeden Jacobi III', 'chris.purdy@example.net', '$2y$10$sJUJ6dsccPkfrifcRERxg.aTqr7.bdXsmh0w7IDuHWTcEIC7c2iFe', 'gIpUxUFdw5', '1', NULL, 'false', '2018-07-30 18:12:22', '2018-07-30 18:12:22'),
(58, 'Cicero Ankunding', 'magdalena01@example.com', '$2y$10$sJUJ6dsccPkfrifcRERxg.aTqr7.bdXsmh0w7IDuHWTcEIC7c2iFe', 'RUJX1MZsCM', '0', 'Y9vseMefBppJgUr7bKwEOT2j8X5C7jCh2m1PQREt', 'false', '2018-07-30 18:12:22', '2018-07-30 18:12:22'),
(59, 'Erick Bartell', 'beahan.lawson@example.net', '$2y$10$sJUJ6dsccPkfrifcRERxg.aTqr7.bdXsmh0w7IDuHWTcEIC7c2iFe', 'ZMRhDpS7qc', '1', NULL, 'true', '2018-07-30 18:12:22', '2018-07-30 18:12:22'),
(60, 'Jarvis Runolfsson', 'zetta08@example.org', '$2y$10$sJUJ6dsccPkfrifcRERxg.aTqr7.bdXsmh0w7IDuHWTcEIC7c2iFe', 'qaaD1mpHDb', '0', 'u7Vspsn42QpVytRRtpUmkCEHgryc0510FZiVyX8b', 'false', '2018-07-30 18:12:22', '2018-07-30 18:12:22'),
(61, 'Annie Windler DVM', 'rherman@example.org', '$2y$10$sJUJ6dsccPkfrifcRERxg.aTqr7.bdXsmh0w7IDuHWTcEIC7c2iFe', '4FzZgIoqVm', '1', NULL, 'false', '2018-07-30 18:12:22', '2018-07-30 18:12:22'),
(62, 'Clemens Breitenberg', 'louie.kunze@example.org', '$2y$10$sJUJ6dsccPkfrifcRERxg.aTqr7.bdXsmh0w7IDuHWTcEIC7c2iFe', '9GNxrbleSx', '1', NULL, 'false', '2018-07-30 18:12:22', '2018-07-30 18:12:22'),
(63, 'Prof. Garrett Keeling II', 'liana76@example.org', '$2y$10$sJUJ6dsccPkfrifcRERxg.aTqr7.bdXsmh0w7IDuHWTcEIC7c2iFe', 'AYZZbgz2RH', '0', 'm4mzMZ8th9ynIJMWeonZPS0J2Ku9NZocDPcg6H2U', 'true', '2018-07-30 18:12:22', '2018-07-30 18:12:22'),
(64, 'Mrs. Lela Franecki', 'ypredovic@example.org', '$2y$10$sJUJ6dsccPkfrifcRERxg.aTqr7.bdXsmh0w7IDuHWTcEIC7c2iFe', 'v5cNaR4Gyv', '1', NULL, 'true', '2018-07-30 18:12:22', '2018-07-30 18:12:22'),
(65, 'Armani Jerde IV', 'althea.kirlin@example.com', '$2y$10$sJUJ6dsccPkfrifcRERxg.aTqr7.bdXsmh0w7IDuHWTcEIC7c2iFe', 'QLHfeBxFto', '1', NULL, 'false', '2018-07-30 18:12:22', '2018-07-30 18:12:22'),
(66, 'Fannie Franecki', 'gutkowski.august@example.com', '$2y$10$sJUJ6dsccPkfrifcRERxg.aTqr7.bdXsmh0w7IDuHWTcEIC7c2iFe', 'qFOLwtNLr4', '1', NULL, 'true', '2018-07-30 18:12:22', '2018-07-30 18:12:22'),
(67, 'Grace Morissette', 'alyce.reinger@example.org', '$2y$10$sJUJ6dsccPkfrifcRERxg.aTqr7.bdXsmh0w7IDuHWTcEIC7c2iFe', 'FHAeh5OaBj', '1', NULL, 'true', '2018-07-30 18:12:23', '2018-07-30 18:12:23'),
(68, 'Autumn Runte', 'cronin.frederic@example.org', '$2y$10$sJUJ6dsccPkfrifcRERxg.aTqr7.bdXsmh0w7IDuHWTcEIC7c2iFe', 'je2zrOV6yM', '0', 'nzTbvqBYE34AuKWeXuEKevnOMlLbTf66jz7TCXO7', 'true', '2018-07-30 18:12:23', '2018-07-30 18:12:23'),
(69, 'Reina Franecki', 'beatty.davonte@example.net', '$2y$10$sJUJ6dsccPkfrifcRERxg.aTqr7.bdXsmh0w7IDuHWTcEIC7c2iFe', 'M2FOlFuuDF', '0', 'JMM4INwUQRg6UsSrl6g41BztNZtGKOBJTfh6ucVi', 'false', '2018-07-30 18:12:23', '2018-07-30 18:12:23'),
(70, 'Ms. Rosella Emmerich', 'fgulgowski@example.com', '$2y$10$sJUJ6dsccPkfrifcRERxg.aTqr7.bdXsmh0w7IDuHWTcEIC7c2iFe', 'JA2yTKiaYD', '1', NULL, 'false', '2018-07-30 18:12:23', '2018-07-30 18:12:23'),
(71, 'Remington Konopelski', 'jerde.heidi@example.net', '$2y$10$sJUJ6dsccPkfrifcRERxg.aTqr7.bdXsmh0w7IDuHWTcEIC7c2iFe', '2iU1arSTYq', '1', NULL, 'false', '2018-07-30 18:12:23', '2018-07-30 18:12:23'),
(72, 'Eleanore Feil', 'leola98@example.org', '$2y$10$sJUJ6dsccPkfrifcRERxg.aTqr7.bdXsmh0w7IDuHWTcEIC7c2iFe', '2ksn3AhuaI', '0', 'IgnKu8cTXys8McMY4pQ73q8x6fG1LlBU2PZ4yx4R', 'true', '2018-07-30 18:12:23', '2018-07-30 18:12:23'),
(73, 'Evangeline Ryan I', 'savannah48@example.net', '$2y$10$sJUJ6dsccPkfrifcRERxg.aTqr7.bdXsmh0w7IDuHWTcEIC7c2iFe', 'Mv5H7XwA5M', '0', 'oNu5QURmbZi0cLx4Mf2srlGoo3GjSltBieaNjoW7', 'true', '2018-07-30 18:12:23', '2018-07-30 18:12:23'),
(74, 'Prof. Damon Metz', 'upton.antwan@example.org', '$2y$10$sJUJ6dsccPkfrifcRERxg.aTqr7.bdXsmh0w7IDuHWTcEIC7c2iFe', 'BQhZ1lvOD1', '1', NULL, 'false', '2018-07-30 18:12:23', '2018-07-30 18:12:23'),
(75, 'Krystel DuBuque', 'langosh.arne@example.org', '$2y$10$sJUJ6dsccPkfrifcRERxg.aTqr7.bdXsmh0w7IDuHWTcEIC7c2iFe', 'HognyfEcAf', '1', NULL, 'false', '2018-07-30 18:12:23', '2018-07-30 18:12:23'),
(76, 'Elbert Torphy', 'kimberly38@example.com', '$2y$10$sJUJ6dsccPkfrifcRERxg.aTqr7.bdXsmh0w7IDuHWTcEIC7c2iFe', 'NCxIywVUz5', '0', '3usbLp8ifesowDCC1bkZWzRCdlrfwmqrNwKqq3Ck', 'true', '2018-07-30 18:12:23', '2018-07-30 18:12:23'),
(77, 'Justine Kihn', 'amparo62@example.org', '$2y$10$sJUJ6dsccPkfrifcRERxg.aTqr7.bdXsmh0w7IDuHWTcEIC7c2iFe', 'yoNGq3mfeN', '1', NULL, 'false', '2018-07-30 18:12:23', '2018-07-30 18:12:23'),
(78, 'Deanna Ledner', 'hudson.pansy@example.com', '$2y$10$sJUJ6dsccPkfrifcRERxg.aTqr7.bdXsmh0w7IDuHWTcEIC7c2iFe', 'L6G3iEjP10', '1', NULL, 'true', '2018-07-30 18:12:23', '2018-07-30 18:12:23'),
(79, 'Prof. Juwan Kautzer', 'donavon.goodwin@example.org', '$2y$10$sJUJ6dsccPkfrifcRERxg.aTqr7.bdXsmh0w7IDuHWTcEIC7c2iFe', 'X6CUiBotzB', '0', 'VFforFArf0W9d4pfvITOAp0ao04nsH2GRnk8K66A', 'true', '2018-07-30 18:12:23', '2018-07-30 18:12:23'),
(80, 'Lurline Stracke V', 'laila91@example.com', '$2y$10$sJUJ6dsccPkfrifcRERxg.aTqr7.bdXsmh0w7IDuHWTcEIC7c2iFe', 'SdwN2bytDT', '1', NULL, 'false', '2018-07-30 18:12:23', '2018-07-30 18:12:23'),
(81, 'Ms. Madge Bartell IV', 'marielle.reynolds@example.org', '$2y$10$sJUJ6dsccPkfrifcRERxg.aTqr7.bdXsmh0w7IDuHWTcEIC7c2iFe', 'mzgYgu5ERr', '1', NULL, 'true', '2018-07-30 18:12:23', '2018-07-30 18:12:23'),
(82, 'Floy Farrell', 'remington.daugherty@example.org', '$2y$10$sJUJ6dsccPkfrifcRERxg.aTqr7.bdXsmh0w7IDuHWTcEIC7c2iFe', 'DTpMAJVkR8', '0', 'MbxRMmfeIv6b4HTq9NYyFMqPQhNuAoIa4VbVGzGY', 'false', '2018-07-30 18:12:23', '2018-07-30 18:12:23'),
(83, 'Randi Kunze', 'evans.stroman@example.net', '$2y$10$sJUJ6dsccPkfrifcRERxg.aTqr7.bdXsmh0w7IDuHWTcEIC7c2iFe', 'mX1G17xbr7', '0', 'o0r1qJew1q8Psp94LRbr6WO8vxaGApN5b2bJMdz8', 'false', '2018-07-30 18:12:23', '2018-07-30 18:12:23'),
(84, 'Dr. Kennedy Donnelly PhD', 'clifford84@example.com', '$2y$10$sJUJ6dsccPkfrifcRERxg.aTqr7.bdXsmh0w7IDuHWTcEIC7c2iFe', 'noI8hej9qy', '0', 'Vr0CGKu19WARkMrUyYPfgunhmCTmgNik9gOkdpIG', 'true', '2018-07-30 18:12:23', '2018-07-30 18:12:23'),
(85, 'Prof. Hugh Turner III', 'hflatley@example.com', '$2y$10$sJUJ6dsccPkfrifcRERxg.aTqr7.bdXsmh0w7IDuHWTcEIC7c2iFe', 'a5cDDKT6QR', '0', 'rOh0u0pAAXEHtGFRsCxNGcI6QwYj8UnWn0ooFLtY', 'false', '2018-07-30 18:12:23', '2018-07-30 18:12:23'),
(86, 'Maida DuBuque', 'hassan68@example.net', '$2y$10$sJUJ6dsccPkfrifcRERxg.aTqr7.bdXsmh0w7IDuHWTcEIC7c2iFe', 'Tel4e5AMRt', '1', NULL, 'true', '2018-07-30 18:12:23', '2018-07-30 18:12:23'),
(87, 'Dr. Jordan Herman', 'weber.kenya@example.com', '$2y$10$sJUJ6dsccPkfrifcRERxg.aTqr7.bdXsmh0w7IDuHWTcEIC7c2iFe', 'BOh1ZDOIde', '0', 'pCiATCGrtnTUIZQchnPhtuGcfeMKP0KTvrjEoGoz', 'true', '2018-07-30 18:12:23', '2018-07-30 18:12:23'),
(88, 'Prof. Agustina Jacobs PhD', 'dlowe@example.net', '$2y$10$sJUJ6dsccPkfrifcRERxg.aTqr7.bdXsmh0w7IDuHWTcEIC7c2iFe', 'ihrjeKLBTN', '1', NULL, 'false', '2018-07-30 18:12:23', '2018-07-30 18:12:23'),
(89, 'Telly Beatty DVM', 'qjohns@example.com', '$2y$10$sJUJ6dsccPkfrifcRERxg.aTqr7.bdXsmh0w7IDuHWTcEIC7c2iFe', 'xoSakmIypJ', '0', 'KyZPzruWbIC0QU4urVGd33iM1tVz1QYYUcN4TnmD', 'true', '2018-07-30 18:12:23', '2018-07-30 18:12:23'),
(90, 'Tamia Morissette', 'macey79@example.org', '$2y$10$sJUJ6dsccPkfrifcRERxg.aTqr7.bdXsmh0w7IDuHWTcEIC7c2iFe', 'XdUldyTnB9', '0', 'urcFEmXuGPpvKdVrbrdSEQfeqvKFrNu3EqF0YYCD', 'true', '2018-07-30 18:12:23', '2018-07-30 18:12:23'),
(91, 'Mr. Verner Walker', 'qcole@example.net', '$2y$10$sJUJ6dsccPkfrifcRERxg.aTqr7.bdXsmh0w7IDuHWTcEIC7c2iFe', 'cgge0n2qal', '0', 'lwQepoHDSA3oFFHuRoKRJiC0qbGliMLy4t2EZgHp', 'false', '2018-07-30 18:12:24', '2018-07-30 18:12:24'),
(92, 'Keara Crooks MD', 'preynolds@example.net', '$2y$10$sJUJ6dsccPkfrifcRERxg.aTqr7.bdXsmh0w7IDuHWTcEIC7c2iFe', '5FRK688r2O', '1', NULL, 'true', '2018-07-30 18:12:24', '2018-07-30 18:12:24'),
(93, 'Emily Funk', 'windler.andy@example.org', '$2y$10$sJUJ6dsccPkfrifcRERxg.aTqr7.bdXsmh0w7IDuHWTcEIC7c2iFe', 'twsQAAHatt', '1', NULL, 'true', '2018-07-30 18:12:24', '2018-07-30 18:12:24'),
(94, 'Cassidy Funk', 'jeff.balistreri@example.com', '$2y$10$sJUJ6dsccPkfrifcRERxg.aTqr7.bdXsmh0w7IDuHWTcEIC7c2iFe', 'qNKS2VCwnY', '1', NULL, 'false', '2018-07-30 18:12:24', '2018-07-30 18:12:24'),
(95, 'Javon Bechtelar', 'bradtke.llewellyn@example.net', '$2y$10$sJUJ6dsccPkfrifcRERxg.aTqr7.bdXsmh0w7IDuHWTcEIC7c2iFe', 'YsLK0kTjjv', '1', NULL, 'false', '2018-07-30 18:12:24', '2018-07-30 18:12:24'),
(96, 'Hank Corwin', 'morissette.richie@example.com', '$2y$10$sJUJ6dsccPkfrifcRERxg.aTqr7.bdXsmh0w7IDuHWTcEIC7c2iFe', '3jSFAmeOT0', '0', 'gH1Eoio9p869bsV9hqnqz1XA7aELZPsZbE2NV3XG', 'true', '2018-07-30 18:12:24', '2018-07-30 18:12:24'),
(97, 'Jany Fay', 'zhuel@example.org', '$2y$10$sJUJ6dsccPkfrifcRERxg.aTqr7.bdXsmh0w7IDuHWTcEIC7c2iFe', 'Rp5ltkRnvv', '0', 'kvjpjqnj90VVg6n1eEnP3bfUDrZaPr1jecI48vOC', 'false', '2018-07-30 18:12:24', '2018-07-30 18:12:24'),
(98, 'Mrs. Delphine Trantow', 'gene.reinger@example.org', '$2y$10$sJUJ6dsccPkfrifcRERxg.aTqr7.bdXsmh0w7IDuHWTcEIC7c2iFe', 'cpcTsyVx0h', '1', NULL, 'false', '2018-07-30 18:12:24', '2018-07-30 18:12:24'),
(99, 'Prof. Jayce Torp III', 'dbraun@example.org', '$2y$10$sJUJ6dsccPkfrifcRERxg.aTqr7.bdXsmh0w7IDuHWTcEIC7c2iFe', 'uBoGZKp2M1', '1', NULL, 'true', '2018-07-30 18:12:24', '2018-07-30 18:12:24'),
(100, 'Roderick Zboncak', 'bauch.marianna@example.org', '$2y$10$sJUJ6dsccPkfrifcRERxg.aTqr7.bdXsmh0w7IDuHWTcEIC7c2iFe', 'y7VmVZtOZT', '1', NULL, 'true', '2018-07-30 18:12:24', '2018-07-30 18:12:24'),
(101, 'Skye Kuhlman', 'carolina.casper@example.com', '$2y$10$sJUJ6dsccPkfrifcRERxg.aTqr7.bdXsmh0w7IDuHWTcEIC7c2iFe', 'UHsTHF1woV', '1', NULL, 'true', '2018-07-30 18:12:24', '2018-07-30 18:12:24'),
(102, 'Clementina Schumm', 'yhaag@example.com', '$2y$10$sJUJ6dsccPkfrifcRERxg.aTqr7.bdXsmh0w7IDuHWTcEIC7c2iFe', '9lTWqrn1z5', '1', NULL, 'true', '2018-07-30 18:12:24', '2018-07-30 18:12:24'),
(103, 'Kaylee Armstrong', 'jwehner@example.net', '$2y$10$sJUJ6dsccPkfrifcRERxg.aTqr7.bdXsmh0w7IDuHWTcEIC7c2iFe', 'Kf9SJ0T9UK', '0', 'IGcCncCifPZ7qpCDhuLP8kYxa3Y0rzBVT0e3Gpyd', 'false', '2018-07-30 18:12:24', '2018-07-30 18:12:24'),
(104, 'Jaleel White', 'mante.patsy@example.net', '$2y$10$sJUJ6dsccPkfrifcRERxg.aTqr7.bdXsmh0w7IDuHWTcEIC7c2iFe', 'rkXV7KB0Ef', '0', 'HFC6L4l0jyIOBJEuXwEp9JWirPDzDV7LE27oRMNl', 'true', '2018-07-30 18:12:24', '2018-07-30 18:12:24'),
(105, 'Jeffry Lakin', 'agustina95@example.org', '$2y$10$sJUJ6dsccPkfrifcRERxg.aTqr7.bdXsmh0w7IDuHWTcEIC7c2iFe', 'b5rxrd2iI0', '1', NULL, 'false', '2018-07-30 18:12:24', '2018-07-30 18:12:24'),
(106, 'Dr. Leo Ratke', 'qgleichner@example.com', '$2y$10$sJUJ6dsccPkfrifcRERxg.aTqr7.bdXsmh0w7IDuHWTcEIC7c2iFe', 'clWiSJSwIq', '1', NULL, 'true', '2018-07-30 18:12:24', '2018-07-30 18:12:24'),
(107, 'Kelsi Huels', 'ppagac@example.net', '$2y$10$sJUJ6dsccPkfrifcRERxg.aTqr7.bdXsmh0w7IDuHWTcEIC7c2iFe', 'qxfBSiG4EU', '1', NULL, 'true', '2018-07-30 18:12:24', '2018-07-30 18:12:24'),
(108, 'Alexandria Will', 'vjacobi@example.org', '$2y$10$sJUJ6dsccPkfrifcRERxg.aTqr7.bdXsmh0w7IDuHWTcEIC7c2iFe', 'I2bLX7Fq6t', '0', 'yak1dz0int0o7Muwpsz1NyFnFSfsyWpJXOXSXgRc', 'false', '2018-07-30 18:12:24', '2018-07-30 18:12:24'),
(109, 'Taylor Ullrich', 'erdman.jonathon@example.org', '$2y$10$sJUJ6dsccPkfrifcRERxg.aTqr7.bdXsmh0w7IDuHWTcEIC7c2iFe', 'IpUUA0PeNj', '0', 'k2BIzPPlbHpt1PB8pzDDutwz4BFM4U2XNezExeWe', 'false', '2018-07-30 18:12:24', '2018-07-30 18:12:24'),
(110, 'Rosario Rohan', 'homenick.aylin@example.com', '$2y$10$sJUJ6dsccPkfrifcRERxg.aTqr7.bdXsmh0w7IDuHWTcEIC7c2iFe', 'm7JMQkI6mj', '1', NULL, 'true', '2018-07-30 18:12:24', '2018-07-30 18:12:24'),
(111, 'Tod McKenzie', 'bblanda@example.org', '$2y$10$sJUJ6dsccPkfrifcRERxg.aTqr7.bdXsmh0w7IDuHWTcEIC7c2iFe', 'AFlu4G8wAu', '0', 'BCCvhzZ0OWH1pqjWdJdK0vl2gAotguy1x1fehm5n', 'false', '2018-07-30 18:12:24', '2018-07-30 18:12:24'),
(112, 'Berniece Jerde', 'funk.ardella@example.com', '$2y$10$sJUJ6dsccPkfrifcRERxg.aTqr7.bdXsmh0w7IDuHWTcEIC7c2iFe', '4LcNiSsjdj', '1', NULL, 'true', '2018-07-30 18:12:24', '2018-07-30 18:12:24'),
(113, 'Billie Hickle', 'orn.rahsaan@example.org', '$2y$10$sJUJ6dsccPkfrifcRERxg.aTqr7.bdXsmh0w7IDuHWTcEIC7c2iFe', 'g8pwBP29RT', '1', NULL, 'true', '2018-07-30 18:12:24', '2018-07-30 18:12:24'),
(114, 'Kevon Braun Jr.', 'jackeline.mcclure@example.net', '$2y$10$sJUJ6dsccPkfrifcRERxg.aTqr7.bdXsmh0w7IDuHWTcEIC7c2iFe', 'gP0pDGiF0p', '0', 'WPVe8Wk48Vvc3JMyPg8fzwDB5jUoIWKw3qcyrG8p', 'true', '2018-07-30 18:12:24', '2018-07-30 18:12:24'),
(115, 'Bart Hermiston', 'mann.mac@example.net', '$2y$10$sJUJ6dsccPkfrifcRERxg.aTqr7.bdXsmh0w7IDuHWTcEIC7c2iFe', 'zhzHP7OZch', '1', NULL, 'false', '2018-07-30 18:12:24', '2018-07-30 18:12:24'),
(116, 'Penelope Braun', 'otto.bauch@example.org', '$2y$10$sJUJ6dsccPkfrifcRERxg.aTqr7.bdXsmh0w7IDuHWTcEIC7c2iFe', 'zQ2Ndld3w7', '0', 'mniHMT1uCXG0mOvUOvSFuKMfawi0LZS90OoUbcTB', 'true', '2018-07-30 18:12:24', '2018-07-30 18:12:24'),
(117, 'Johathan Mraz', 'albertha.haley@example.net', '$2y$10$sJUJ6dsccPkfrifcRERxg.aTqr7.bdXsmh0w7IDuHWTcEIC7c2iFe', 'oIDf8dYTA2', '1', NULL, 'false', '2018-07-30 18:12:24', '2018-07-30 18:12:24'),
(118, 'Prof. Gwen Thompson', 'german76@example.org', '$2y$10$sJUJ6dsccPkfrifcRERxg.aTqr7.bdXsmh0w7IDuHWTcEIC7c2iFe', 'W6MKwOrmtn', '1', NULL, 'false', '2018-07-30 18:12:24', '2018-07-30 18:12:24'),
(119, 'Mr. Antwan Stanton', 'ellis.connelly@example.org', '$2y$10$sJUJ6dsccPkfrifcRERxg.aTqr7.bdXsmh0w7IDuHWTcEIC7c2iFe', 'QVjC310geX', '0', 'I124LjYS6rGh3vHNNsO8owRurkBlNWbNgv7LqJrL', 'true', '2018-07-30 18:12:24', '2018-07-30 18:12:24'),
(120, 'Prof. Austen Bashirian', 'pfeffer.nick@example.net', '$2y$10$sJUJ6dsccPkfrifcRERxg.aTqr7.bdXsmh0w7IDuHWTcEIC7c2iFe', 'TDmEK3za0T', '1', NULL, 'false', '2018-07-30 18:12:24', '2018-07-30 18:12:24'),
(121, 'Ms. Micaela Douglas', 'americo29@example.org', '$2y$10$sJUJ6dsccPkfrifcRERxg.aTqr7.bdXsmh0w7IDuHWTcEIC7c2iFe', 'FeJvnP5TId', '0', 'ipsxjWTELQHWUXUic3NjEmpyQsWukzR5yo8nOQNF', 'true', '2018-07-30 18:12:25', '2018-07-30 18:12:25'),
(122, 'Irving Jacobson', 'jimmy.stark@example.net', '$2y$10$sJUJ6dsccPkfrifcRERxg.aTqr7.bdXsmh0w7IDuHWTcEIC7c2iFe', 'PXhlxjbVqA', '1', NULL, 'true', '2018-07-30 18:12:25', '2018-07-30 18:12:25'),
(123, 'Dr. Francis Herzog', 'maximilian.ankunding@example.net', '$2y$10$sJUJ6dsccPkfrifcRERxg.aTqr7.bdXsmh0w7IDuHWTcEIC7c2iFe', 'uYnwTKU34n', '1', NULL, 'true', '2018-07-30 18:12:25', '2018-07-30 18:12:25'),
(124, 'Mr. Arden Koelpin', 'spinka.amya@example.org', '$2y$10$sJUJ6dsccPkfrifcRERxg.aTqr7.bdXsmh0w7IDuHWTcEIC7c2iFe', 'TQIEi7EliL', '1', NULL, 'true', '2018-07-30 18:12:25', '2018-07-30 18:12:25'),
(125, 'Chelsey Gaylord', 'armstrong.shirley@example.net', '$2y$10$sJUJ6dsccPkfrifcRERxg.aTqr7.bdXsmh0w7IDuHWTcEIC7c2iFe', 'haDVv5ffN1', '1', NULL, 'false', '2018-07-30 18:12:25', '2018-07-30 18:12:25'),
(126, 'Meredith Kiehn', 'fhauck@example.net', '$2y$10$sJUJ6dsccPkfrifcRERxg.aTqr7.bdXsmh0w7IDuHWTcEIC7c2iFe', 'afQzYrXIiu', '1', NULL, 'true', '2018-07-30 18:12:25', '2018-07-30 18:12:25'),
(127, 'Kristin Frami', 'gustave.gerlach@example.net', '$2y$10$sJUJ6dsccPkfrifcRERxg.aTqr7.bdXsmh0w7IDuHWTcEIC7c2iFe', 'Y2hJuKt6Ml', '0', 'HDKC5EwUHLQQlYksUmMGuzprPcKfnB8nvc91H6Ny', 'false', '2018-07-30 18:12:25', '2018-07-30 18:12:25'),
(128, 'Caleigh Medhurst', 'vhoppe@example.net', '$2y$10$sJUJ6dsccPkfrifcRERxg.aTqr7.bdXsmh0w7IDuHWTcEIC7c2iFe', 'EVO6MvHPY3', '1', NULL, 'false', '2018-07-30 18:12:25', '2018-07-30 18:12:25'),
(129, 'Adrienne Champlin IV', 'collier.jaydon@example.com', '$2y$10$sJUJ6dsccPkfrifcRERxg.aTqr7.bdXsmh0w7IDuHWTcEIC7c2iFe', 'HICeIHb6Fq', '1', NULL, 'true', '2018-07-30 18:12:25', '2018-07-30 18:12:25'),
(130, 'Alan Powlowski', 'althea29@example.org', '$2y$10$sJUJ6dsccPkfrifcRERxg.aTqr7.bdXsmh0w7IDuHWTcEIC7c2iFe', 'cLBwh2BMHV', '1', NULL, 'false', '2018-07-30 18:12:25', '2018-07-30 18:12:25'),
(131, 'Mr. Peyton Aufderhar', 'jpaucek@example.com', '$2y$10$sJUJ6dsccPkfrifcRERxg.aTqr7.bdXsmh0w7IDuHWTcEIC7c2iFe', 'Gui8iYpI4M', '0', 'gDQzRV6EUruiGXtzzZA2cAIPq9YExDW2LcMEaeQC', 'false', '2018-07-30 18:12:25', '2018-07-30 18:12:25'),
(132, 'Garth Green', 'benton.schoen@example.com', '$2y$10$sJUJ6dsccPkfrifcRERxg.aTqr7.bdXsmh0w7IDuHWTcEIC7c2iFe', '6uu8Wf0kvE', '0', 'qC9zQ4ud8L6IbwynOth3A5OWzqVH2kIg4mC4VMol', 'false', '2018-07-30 18:12:25', '2018-07-30 18:12:25'),
(133, 'Annalise Schaden', 'cleora18@example.net', '$2y$10$sJUJ6dsccPkfrifcRERxg.aTqr7.bdXsmh0w7IDuHWTcEIC7c2iFe', 'eZfA749LbH', '0', 'l5IdKA2ChX9NO896EKQUIANNYEqfsGkn3MtwL6Jg', 'true', '2018-07-30 18:12:25', '2018-07-30 18:12:25'),
(134, 'Cecilia Predovic', 'marquis61@example.com', '$2y$10$sJUJ6dsccPkfrifcRERxg.aTqr7.bdXsmh0w7IDuHWTcEIC7c2iFe', '261Mq2LnU5', '1', NULL, 'false', '2018-07-30 18:12:25', '2018-07-30 18:12:25'),
(135, 'Kolby Effertz', 'bogisich.soledad@example.net', '$2y$10$sJUJ6dsccPkfrifcRERxg.aTqr7.bdXsmh0w7IDuHWTcEIC7c2iFe', 'GWWMWaG2KV', '1', NULL, 'false', '2018-07-30 18:12:25', '2018-07-30 18:12:25'),
(136, 'Lynn Altenwerth', 'yshanahan@example.com', '$2y$10$sJUJ6dsccPkfrifcRERxg.aTqr7.bdXsmh0w7IDuHWTcEIC7c2iFe', 'Sk3F0DuhNZ', '1', NULL, 'false', '2018-07-30 18:12:25', '2018-07-30 18:12:25'),
(137, 'Jayne Cummings Jr.', 'dicki.eileen@example.org', '$2y$10$sJUJ6dsccPkfrifcRERxg.aTqr7.bdXsmh0w7IDuHWTcEIC7c2iFe', 'nrDLjNWqT5', '0', 'W2VRm2eN07KX8Ma69BR3rfYSZ48wabY5Y2uSeqTc', 'true', '2018-07-30 18:12:25', '2018-07-30 18:12:25'),
(138, 'Miss Krista Stoltenberg DVM', 'hvandervort@example.org', '$2y$10$sJUJ6dsccPkfrifcRERxg.aTqr7.bdXsmh0w7IDuHWTcEIC7c2iFe', 'npXptafO4i', '1', NULL, 'false', '2018-07-30 18:12:25', '2018-07-30 18:12:25'),
(139, 'Dr. Susan Durgan MD', 'quinten.huels@example.net', '$2y$10$sJUJ6dsccPkfrifcRERxg.aTqr7.bdXsmh0w7IDuHWTcEIC7c2iFe', 'paEmfpzFgY', '1', NULL, 'false', '2018-07-30 18:12:25', '2018-07-30 18:12:25'),
(140, 'Maritza Gaylord', 'nauer@example.net', '$2y$10$sJUJ6dsccPkfrifcRERxg.aTqr7.bdXsmh0w7IDuHWTcEIC7c2iFe', 'a1aGwwgYAE', '0', 'AmQvmgVn3a2sFaHyqnMz8ZA2Sdpb7alYDqvuuq4Z', 'true', '2018-07-30 18:12:25', '2018-07-30 18:12:25'),
(141, 'Dr. Claud Mraz', 'becker.hans@example.org', '$2y$10$sJUJ6dsccPkfrifcRERxg.aTqr7.bdXsmh0w7IDuHWTcEIC7c2iFe', 'DDhswbzeJr', '0', 'X1VO8MdriVfcL80GI8OKTil9cFuVreJtgUeMBUGo', 'false', '2018-07-30 18:12:25', '2018-07-30 18:12:25'),
(142, 'Daniela Goyette', 'enola.mraz@example.com', '$2y$10$sJUJ6dsccPkfrifcRERxg.aTqr7.bdXsmh0w7IDuHWTcEIC7c2iFe', 'FFKEirPj51', '1', NULL, 'true', '2018-07-30 18:12:25', '2018-07-30 18:12:25'),
(143, 'Janet Beahan', 'damion.lynch@example.org', '$2y$10$sJUJ6dsccPkfrifcRERxg.aTqr7.bdXsmh0w7IDuHWTcEIC7c2iFe', '8CVv9bcqKt', '1', NULL, 'true', '2018-07-30 18:12:25', '2018-07-30 18:12:25'),
(144, 'Carmela Romaguera', 'nolan96@example.org', '$2y$10$sJUJ6dsccPkfrifcRERxg.aTqr7.bdXsmh0w7IDuHWTcEIC7c2iFe', 'RpKusJGn6G', '0', 'e2P8oTWzN76W3AdcJUGtU9BGUzJuKyz4air0zQpJ', 'true', '2018-07-30 18:12:25', '2018-07-30 18:12:25'),
(145, 'Prof. Jay Klocko Jr.', 'cara59@example.com', '$2y$10$sJUJ6dsccPkfrifcRERxg.aTqr7.bdXsmh0w7IDuHWTcEIC7c2iFe', 'eiH9805ve0', '0', '5BNWSwj6Kvstl91J6oarBe3jFcWUDzf6rVVcVHlR', 'true', '2018-07-30 18:12:25', '2018-07-30 18:12:25'),
(146, 'Mr. Vinnie Rath II', 'qschaden@example.net', '$2y$10$sJUJ6dsccPkfrifcRERxg.aTqr7.bdXsmh0w7IDuHWTcEIC7c2iFe', '9OpZ6JifzY', '1', NULL, 'false', '2018-07-30 18:12:25', '2018-07-30 18:12:25'),
(147, 'Prof. Devante Predovic IV', 'chelsey98@example.org', '$2y$10$sJUJ6dsccPkfrifcRERxg.aTqr7.bdXsmh0w7IDuHWTcEIC7c2iFe', 'S1FS6zSR6I', '0', 'EFvUGbcVCciLCN3ViY0tu3K2heIgksPk7dEKNTsI', 'false', '2018-07-30 18:12:25', '2018-07-30 18:12:25'),
(148, 'Zaria Wuckert DDS', 'zieme.sadye@example.org', '$2y$10$sJUJ6dsccPkfrifcRERxg.aTqr7.bdXsmh0w7IDuHWTcEIC7c2iFe', '98V9mYkAXq', '1', NULL, 'false', '2018-07-30 18:12:25', '2018-07-30 18:12:25'),
(149, 'Wellington Blanda', 'qcormier@example.org', '$2y$10$sJUJ6dsccPkfrifcRERxg.aTqr7.bdXsmh0w7IDuHWTcEIC7c2iFe', 'JzC1zjSEqf', '1', NULL, 'false', '2018-07-30 18:12:25', '2018-07-30 18:12:25'),
(150, 'Ms. Willie Jacobi', 'yundt.fidel@example.com', '$2y$10$sJUJ6dsccPkfrifcRERxg.aTqr7.bdXsmh0w7IDuHWTcEIC7c2iFe', 'jN6Zw3fsiZ', '0', 'QBg49XrCnSQlzQ9Yh59sgYGgwElcNe4w7euz3qYP', 'false', '2018-07-30 18:12:25', '2018-07-30 18:12:25'),
(151, 'Amari McCullough DVM', 'flindgren@example.net', '$2y$10$sJUJ6dsccPkfrifcRERxg.aTqr7.bdXsmh0w7IDuHWTcEIC7c2iFe', 'dgbrNfqDWm', '1', NULL, 'false', '2018-07-30 18:12:25', '2018-07-30 18:12:25'),
(152, 'Ulises Miller', 'weber.olin@example.com', '$2y$10$sJUJ6dsccPkfrifcRERxg.aTqr7.bdXsmh0w7IDuHWTcEIC7c2iFe', 'pT8t3AAcHT', '0', 'KbyD5eXXwXuXSUBvYU4vNX4CWhHgp9ArXec7iEpO', 'true', '2018-07-30 18:12:25', '2018-07-30 18:12:25'),
(153, 'Thomas Thiel', 'maximus08@example.com', '$2y$10$sJUJ6dsccPkfrifcRERxg.aTqr7.bdXsmh0w7IDuHWTcEIC7c2iFe', 'xEx1LDUPl4', '0', 'zgUro3oBWKCjUhlj5Q6WnTfiPsjYzbtMZ0ehQHiZ', 'true', '2018-07-30 18:12:25', '2018-07-30 18:12:25'),
(154, 'Lloyd Ferry', 'sbogisich@example.com', '$2y$10$sJUJ6dsccPkfrifcRERxg.aTqr7.bdXsmh0w7IDuHWTcEIC7c2iFe', '4ZnItOfQdS', '0', 'MBzbkAygLPYh1wk2d1J95RYRDkGKUc9VxOa51XrV', 'true', '2018-07-30 18:12:25', '2018-07-30 18:12:25'),
(155, 'Tremaine Abbott', 'iheidenreich@example.com', '$2y$10$sJUJ6dsccPkfrifcRERxg.aTqr7.bdXsmh0w7IDuHWTcEIC7c2iFe', 'ceoynGitON', '0', 'jux7lm67Ht7ixWaIz5Ljf9gk2LUC7oAW45xXvgsh', 'false', '2018-07-30 18:12:25', '2018-07-30 18:12:25'),
(156, 'Madelynn Rogahn', 'leannon.retha@example.com', '$2y$10$sJUJ6dsccPkfrifcRERxg.aTqr7.bdXsmh0w7IDuHWTcEIC7c2iFe', 'Z2A7yAYpOz', '1', NULL, 'true', '2018-07-30 18:12:25', '2018-07-30 18:12:25'),
(157, 'Laurie Okuneva', 'laila.lind@example.org', '$2y$10$sJUJ6dsccPkfrifcRERxg.aTqr7.bdXsmh0w7IDuHWTcEIC7c2iFe', 'qQhcVZALmL', '1', NULL, 'false', '2018-07-30 18:12:25', '2018-07-30 18:12:25'),
(158, 'Joany Shanahan DDS', 'autumn.hahn@example.net', '$2y$10$sJUJ6dsccPkfrifcRERxg.aTqr7.bdXsmh0w7IDuHWTcEIC7c2iFe', '2iJA8dqJJh', '0', 'BFrmnUglfb5NeNooZEwl9eGSlltqjEijXmKxmUZI', 'false', '2018-07-30 18:12:25', '2018-07-30 18:12:25'),
(159, 'Wyman Erdman', 'langosh.arch@example.net', '$2y$10$sJUJ6dsccPkfrifcRERxg.aTqr7.bdXsmh0w7IDuHWTcEIC7c2iFe', 'x5DfUjWMo8', '0', 'xNIFgz1oY6EFiXHCVXjnnlxKFlZRLOnJ6y3bbVOh', 'false', '2018-07-30 18:12:25', '2018-07-30 18:12:25'),
(160, 'Susanna Gislason', 'vivien.grimes@example.net', '$2y$10$sJUJ6dsccPkfrifcRERxg.aTqr7.bdXsmh0w7IDuHWTcEIC7c2iFe', 'IruHwx7tHg', '0', 'zwxHdwgw442JE3DS8rJZAUDKl4rjEpNM6WuKEGt4', 'true', '2018-07-30 18:12:25', '2018-07-30 18:12:25'),
(161, 'Sammie Dicki II', 'schiller.arthur@example.net', '$2y$10$sJUJ6dsccPkfrifcRERxg.aTqr7.bdXsmh0w7IDuHWTcEIC7c2iFe', 'HvUrmBTyPl', '0', 'pBM22vKJYMV2AayZ7qXbPPeaw8xtTBAjsuPhP9H3', 'false', '2018-07-30 18:12:25', '2018-07-30 18:12:25'),
(162, 'Kennedi Goodwin DDS', 'mitchell.mohammed@example.org', '$2y$10$sJUJ6dsccPkfrifcRERxg.aTqr7.bdXsmh0w7IDuHWTcEIC7c2iFe', 'R4DxLufyME', '0', 'OJ0WOXnScImxWDZKCLNDimao4TJLFS391LNN4j8K', 'false', '2018-07-30 18:12:26', '2018-07-30 18:12:26'),
(163, 'Manuel Hartmann DVM', 'johnston.ansel@example.com', '$2y$10$sJUJ6dsccPkfrifcRERxg.aTqr7.bdXsmh0w7IDuHWTcEIC7c2iFe', 'nhd9jryjEp', '0', '4rpX4EXYOCFsiBxDWGJW8CvL6WoD4b1vPV4rWFLC', 'true', '2018-07-30 18:12:26', '2018-07-30 18:12:26'),
(164, 'Myah Bednar', 'carmel.daugherty@example.org', '$2y$10$sJUJ6dsccPkfrifcRERxg.aTqr7.bdXsmh0w7IDuHWTcEIC7c2iFe', '86vEzvrxpW', '0', 'HdThRgBGCdijsVVY0N24gUoCfR0oEuqwTcfL6xeX', 'false', '2018-07-30 18:12:26', '2018-07-30 18:12:26'),
(165, 'Mrs. Ivory Hane', 'krystel50@example.net', '$2y$10$sJUJ6dsccPkfrifcRERxg.aTqr7.bdXsmh0w7IDuHWTcEIC7c2iFe', 'kiNOUHOcwn', '1', NULL, 'true', '2018-07-30 18:12:26', '2018-07-30 18:12:26'),
(166, 'Kim Abshire', 'gonzalo14@example.net', '$2y$10$sJUJ6dsccPkfrifcRERxg.aTqr7.bdXsmh0w7IDuHWTcEIC7c2iFe', 'l9dkhJrf17', '0', 'SLTp82vjSbHMYaIUIFB5JP3pPlFoPd9xpPX10XgV', 'true', '2018-07-30 18:12:26', '2018-07-30 18:12:26'),
(167, 'Otto Schultz', 'carmelo81@example.com', '$2y$10$sJUJ6dsccPkfrifcRERxg.aTqr7.bdXsmh0w7IDuHWTcEIC7c2iFe', 'hCAK5AAqR4', '1', NULL, 'true', '2018-07-30 18:12:26', '2018-07-30 18:12:26'),
(168, 'Ms. Liana Heathcote III', 'econn@example.net', '$2y$10$sJUJ6dsccPkfrifcRERxg.aTqr7.bdXsmh0w7IDuHWTcEIC7c2iFe', '4sjNNv93FI', '1', NULL, 'false', '2018-07-30 18:12:26', '2018-07-30 18:12:26'),
(169, 'Maribel Dibbert', 'hgibson@example.net', '$2y$10$sJUJ6dsccPkfrifcRERxg.aTqr7.bdXsmh0w7IDuHWTcEIC7c2iFe', 'OIyl73QXwt', '1', NULL, 'false', '2018-07-30 18:12:26', '2018-07-30 18:12:26'),
(170, 'Hilda Connelly', 'wrunte@example.org', '$2y$10$sJUJ6dsccPkfrifcRERxg.aTqr7.bdXsmh0w7IDuHWTcEIC7c2iFe', 'aSEk20tjua', '1', NULL, 'true', '2018-07-30 18:12:26', '2018-07-30 18:12:26'),
(171, 'Jordy Mayert V', 'enola80@example.net', '$2y$10$sJUJ6dsccPkfrifcRERxg.aTqr7.bdXsmh0w7IDuHWTcEIC7c2iFe', 'WFo02qjf4H', '1', NULL, 'true', '2018-07-30 18:12:26', '2018-07-30 18:12:26'),
(172, 'Dr. Jules Beatty Jr.', 'stefanie63@example.net', '$2y$10$sJUJ6dsccPkfrifcRERxg.aTqr7.bdXsmh0w7IDuHWTcEIC7c2iFe', 'nr8WaESWuf', '0', 'XHOn3jbeiiP00Tr3Sfy9fXhtaFvCg4X64ZQ9of2l', 'true', '2018-07-30 18:12:26', '2018-07-30 18:12:26'),
(173, 'Jarrett Boehm', 'josianne.prohaska@example.org', '$2y$10$sJUJ6dsccPkfrifcRERxg.aTqr7.bdXsmh0w7IDuHWTcEIC7c2iFe', 'Nngs32pwnP', '0', 'kgVd7D8RRK1EThnoGw73gZBz72puRC0FkdeCZfHu', 'true', '2018-07-30 18:12:26', '2018-07-30 18:12:26'),
(174, 'Miss Beaulah Jakubowski', 'darrick.wiegand@example.org', '$2y$10$sJUJ6dsccPkfrifcRERxg.aTqr7.bdXsmh0w7IDuHWTcEIC7c2iFe', 'sDUiMvxVhw', '0', 'vX0gepGvf4cEenNJ01r1oHHS32KwUECT84S8CWXr', 'true', '2018-07-30 18:12:26', '2018-07-30 18:12:26'),
(175, 'Earline Friesen', 'feest.lila@example.org', '$2y$10$sJUJ6dsccPkfrifcRERxg.aTqr7.bdXsmh0w7IDuHWTcEIC7c2iFe', 'ghfa76hWJV', '1', NULL, 'true', '2018-07-30 18:12:26', '2018-07-30 18:12:26'),
(176, 'Cornelius Williamson', 'ghermann@example.com', '$2y$10$sJUJ6dsccPkfrifcRERxg.aTqr7.bdXsmh0w7IDuHWTcEIC7c2iFe', 'OOeRBT43Nu', '0', 'J0ZYLqtCNVsbkjDZrn6x1aURywztLhzFvyWt1cOr', 'false', '2018-07-30 18:12:26', '2018-07-30 18:12:26'),
(177, 'Dr. Gage Wiegand', 'adubuque@example.net', '$2y$10$sJUJ6dsccPkfrifcRERxg.aTqr7.bdXsmh0w7IDuHWTcEIC7c2iFe', 'E1WwTZ0ETg', '0', 'wzfh7ngQo4I1P7Q8Xqu9n538NxA2CBMV2su5nMbz', 'false', '2018-07-30 18:12:26', '2018-07-30 18:12:26'),
(178, 'Randi Dickinson', 'pgutkowski@example.org', '$2y$10$sJUJ6dsccPkfrifcRERxg.aTqr7.bdXsmh0w7IDuHWTcEIC7c2iFe', 'biFyDDK7Xu', '1', NULL, 'true', '2018-07-30 18:12:26', '2018-07-30 18:12:26'),
(179, 'Zoie Howe', 'hgusikowski@example.net', '$2y$10$sJUJ6dsccPkfrifcRERxg.aTqr7.bdXsmh0w7IDuHWTcEIC7c2iFe', 'NPV8Pnajxd', '1', NULL, 'false', '2018-07-30 18:12:26', '2018-07-30 18:12:26'),
(180, 'Mr. Celestino Purdy', 'proob@example.com', '$2y$10$sJUJ6dsccPkfrifcRERxg.aTqr7.bdXsmh0w7IDuHWTcEIC7c2iFe', 'wVToE3btU9', '1', NULL, 'false', '2018-07-30 18:12:26', '2018-07-30 18:12:26'),
(181, 'Mr. Hadley Walter PhD', 'bschaefer@example.org', '$2y$10$sJUJ6dsccPkfrifcRERxg.aTqr7.bdXsmh0w7IDuHWTcEIC7c2iFe', 'cniCw9wIA4', '1', NULL, 'false', '2018-07-30 18:12:26', '2018-07-30 18:12:26'),
(182, 'May Hammes', 'vance.considine@example.org', '$2y$10$sJUJ6dsccPkfrifcRERxg.aTqr7.bdXsmh0w7IDuHWTcEIC7c2iFe', 'TeCmFzFJg9', '0', '9nekj7u5RN8TCj2SX9AvO0yHa63rSfWNzNt2mJXD', 'false', '2018-07-30 18:12:26', '2018-07-30 18:12:26'),
(183, 'Maximo Harris', 'cnicolas@example.com', '$2y$10$sJUJ6dsccPkfrifcRERxg.aTqr7.bdXsmh0w7IDuHWTcEIC7c2iFe', 'fUJYrMxkct', '1', NULL, 'false', '2018-07-30 18:12:26', '2018-07-30 18:12:26'),
(184, 'Mr. Deondre Bechtelar Jr.', 'ignatius.willms@example.org', '$2y$10$sJUJ6dsccPkfrifcRERxg.aTqr7.bdXsmh0w7IDuHWTcEIC7c2iFe', 'dA6m1k1GlF', '1', NULL, 'true', '2018-07-30 18:12:27', '2018-07-30 18:12:27'),
(185, 'Lavonne Auer', 'keely.bruen@example.com', '$2y$10$sJUJ6dsccPkfrifcRERxg.aTqr7.bdXsmh0w7IDuHWTcEIC7c2iFe', 'zXjxaGgWmO', '0', 'yjCCnHqeWy3U8ej9aLLbo7bb7ufpt56gNpOUQ5jT', 'true', '2018-07-30 18:12:27', '2018-07-30 18:12:27'),
(186, 'Ena Emard IV', 'sean66@example.net', '$2y$10$sJUJ6dsccPkfrifcRERxg.aTqr7.bdXsmh0w7IDuHWTcEIC7c2iFe', 'KrwtgP6YDP', '0', 'oMSRJgYHmx5jCxRi8EWY1pwPmd7JhIQBL4Nyyq13', 'true', '2018-07-30 18:12:27', '2018-07-30 18:12:27'),
(187, 'Ms. Kattie Cormier PhD', 'dreynolds@example.net', '$2y$10$sJUJ6dsccPkfrifcRERxg.aTqr7.bdXsmh0w7IDuHWTcEIC7c2iFe', 'wq6dLIn1sT', '0', '5wHqAzYesA97rqOyVAh34pxCSLBmOBWXjtgqdjxC', 'true', '2018-07-30 18:12:27', '2018-07-30 18:12:27'),
(188, 'Marjorie Strosin', 'qprice@example.org', '$2y$10$sJUJ6dsccPkfrifcRERxg.aTqr7.bdXsmh0w7IDuHWTcEIC7c2iFe', '0SVDKQWGOO', '1', NULL, 'false', '2018-07-30 18:12:27', '2018-07-30 18:12:27'),
(189, 'Clint Rippin MD', 'antonia.ratke@example.org', '$2y$10$sJUJ6dsccPkfrifcRERxg.aTqr7.bdXsmh0w7IDuHWTcEIC7c2iFe', 'ViERZ1onru', '1', NULL, 'false', '2018-07-30 18:12:27', '2018-07-30 18:12:27'),
(190, 'Maud Upton', 'droob@example.com', '$2y$10$sJUJ6dsccPkfrifcRERxg.aTqr7.bdXsmh0w7IDuHWTcEIC7c2iFe', 'JX4Gdk54FF', '1', NULL, 'true', '2018-07-30 18:12:27', '2018-07-30 18:12:27'),
(191, 'Rowena Lindgren DDS', 'idella64@example.net', '$2y$10$sJUJ6dsccPkfrifcRERxg.aTqr7.bdXsmh0w7IDuHWTcEIC7c2iFe', 'wj4t3qpa2e', '1', NULL, 'true', '2018-07-30 18:12:27', '2018-07-30 18:12:27'),
(192, 'Mr. Chance Aufderhar V', 'toy.yvonne@example.org', '$2y$10$sJUJ6dsccPkfrifcRERxg.aTqr7.bdXsmh0w7IDuHWTcEIC7c2iFe', 'R7SpN2P5XJ', '0', '5YhmIjzcwraNx8fi46toSv4hgKPeemIcVO0qaxd3', 'true', '2018-07-30 18:12:27', '2018-07-30 18:12:27'),
(193, 'Pascale Klein IV', 'wintheiser.frederique@example.org', '$2y$10$sJUJ6dsccPkfrifcRERxg.aTqr7.bdXsmh0w7IDuHWTcEIC7c2iFe', '5gTtPhNCQa', '1', NULL, 'false', '2018-07-30 18:12:27', '2018-07-30 18:12:27'),
(194, 'Enola Pacocha', 'torrey12@example.net', '$2y$10$sJUJ6dsccPkfrifcRERxg.aTqr7.bdXsmh0w7IDuHWTcEIC7c2iFe', '5kOaTIGxpt', '1', NULL, 'false', '2018-07-30 18:12:27', '2018-07-30 18:12:27'),
(195, 'Dalton Wilderman', 'bailee.cormier@example.org', '$2y$10$sJUJ6dsccPkfrifcRERxg.aTqr7.bdXsmh0w7IDuHWTcEIC7c2iFe', 'NHTA9OSCgW', '0', 'AsI5E70ZOc5QFsgTVEgZfkzlaLh37xiCwRHHDsxh', 'true', '2018-07-30 18:12:27', '2018-07-30 18:12:27'),
(196, 'Dr. Cristal Cormier III', 'rocky.dibbert@example.com', '$2y$10$sJUJ6dsccPkfrifcRERxg.aTqr7.bdXsmh0w7IDuHWTcEIC7c2iFe', 'MC7SHPIA4O', '1', NULL, 'true', '2018-07-30 18:12:27', '2018-07-30 18:12:27'),
(197, 'Carmen Cole', 'grant.garret@example.net', '$2y$10$sJUJ6dsccPkfrifcRERxg.aTqr7.bdXsmh0w7IDuHWTcEIC7c2iFe', 'b4v5L8SmVC', '1', NULL, 'true', '2018-07-30 18:12:27', '2018-07-30 18:12:27'),
(198, 'Ashtyn Pacocha', 'adickinson@example.com', '$2y$10$sJUJ6dsccPkfrifcRERxg.aTqr7.bdXsmh0w7IDuHWTcEIC7c2iFe', 'EVSU2gwPk0', '0', 'j21msu1XRymYJnoReKRZINK64AutdaZUeOxZX726', 'true', '2018-07-30 18:12:27', '2018-07-30 18:12:27'),
(199, 'Willa Lind', 'eleonore02@example.org', '$2y$10$sJUJ6dsccPkfrifcRERxg.aTqr7.bdXsmh0w7IDuHWTcEIC7c2iFe', '8ChUvmObuE', '0', 'nAbCDBlj5vjhMgl70nGKH0RtxOex3jPlcC9yI01Q', 'true', '2018-07-30 18:12:27', '2018-07-30 18:12:27'),
(200, 'Prof. Estevan Christiansen I', 'rubie54@example.com', '$2y$10$sJUJ6dsccPkfrifcRERxg.aTqr7.bdXsmh0w7IDuHWTcEIC7c2iFe', 'zDALLalSWg', '0', 'jH8fIxeh5prCZpTKclzPaG8EzXmHrDK4YN6RE0Ho', 'false', '2018-07-30 18:12:27', '2018-07-30 18:12:27'),
(201, 'Anabelle Williamson', 'proob@example.net', '$2y$10$sJUJ6dsccPkfrifcRERxg.aTqr7.bdXsmh0w7IDuHWTcEIC7c2iFe', 'gK3SgfwRda', '1', NULL, 'true', '2018-07-30 18:12:27', '2018-07-30 18:12:27'),
(202, 'Kaelyn Ebert', 'ruthe53@example.net', '$2y$10$sJUJ6dsccPkfrifcRERxg.aTqr7.bdXsmh0w7IDuHWTcEIC7c2iFe', 'xykmVp8MZY', '1', NULL, 'true', '2018-07-30 18:12:27', '2018-07-30 18:12:27'),
(203, 'Vidal Kovacek I', 'drunolfsdottir@example.net', '$2y$10$sJUJ6dsccPkfrifcRERxg.aTqr7.bdXsmh0w7IDuHWTcEIC7c2iFe', 'RBIPfvZAwb', '1', NULL, 'false', '2018-07-30 18:12:27', '2018-07-30 18:12:27'),
(204, 'Kurtis Windler', 'vbernhard@example.net', '$2y$10$sJUJ6dsccPkfrifcRERxg.aTqr7.bdXsmh0w7IDuHWTcEIC7c2iFe', 'xnLxoBwJgc', '1', NULL, 'true', '2018-07-30 18:12:27', '2018-07-30 18:12:27'),
(205, 'Deondre Veum Sr.', 'akshlerin@example.net', '$2y$10$sJUJ6dsccPkfrifcRERxg.aTqr7.bdXsmh0w7IDuHWTcEIC7c2iFe', 'X8jK3g1321', '0', 'UMZL3wompn28smf9TfK6IGhaWbIeIYVggMkdXBka', 'true', '2018-07-30 18:12:27', '2018-07-30 18:12:27'),
(206, 'Dr. Louisa Cassin Sr.', 'bergnaum.preston@example.org', '$2y$10$sJUJ6dsccPkfrifcRERxg.aTqr7.bdXsmh0w7IDuHWTcEIC7c2iFe', 'Jqj6teOhRX', '1', NULL, 'true', '2018-07-30 18:12:27', '2018-07-30 18:12:27'),
(207, 'Dr. Jany Weissnat I', 'orie.kub@example.org', '$2y$10$sJUJ6dsccPkfrifcRERxg.aTqr7.bdXsmh0w7IDuHWTcEIC7c2iFe', 'tl9W3Kvz7O', '0', 'sZZkSeYalmytctX5CEuyu2TGEbspWaU6ph6bt9U8', 'false', '2018-07-30 18:12:27', '2018-07-30 18:12:27'),
(208, 'Kenton McLaughlin', 'mayert.keith@example.org', '$2y$10$sJUJ6dsccPkfrifcRERxg.aTqr7.bdXsmh0w7IDuHWTcEIC7c2iFe', 'PjSU30yn2o', '0', 'czJeJnAKIqjEtDSbel0UEPG3Hd0CQ8QSEtrc9niO', 'false', '2018-07-30 18:12:27', '2018-07-30 18:12:27'),
(209, 'Alfonso Klocko', 'zoey.gottlieb@example.net', '$2y$10$sJUJ6dsccPkfrifcRERxg.aTqr7.bdXsmh0w7IDuHWTcEIC7c2iFe', 'DYCvuiQ5aB', '0', 'LRLZ3qaoEJN5oZA20Pf0r6GJ6Dazb52JNQ22SgDF', 'true', '2018-07-30 18:12:27', '2018-07-30 18:12:27'),
(210, 'Brendon Leuschke', 'connelly.noe@example.com', '$2y$10$sJUJ6dsccPkfrifcRERxg.aTqr7.bdXsmh0w7IDuHWTcEIC7c2iFe', '1Vk9YYihAv', '0', '4k1RmkZumeYcExzad8xqgqW5IaeKKAlyg7a2uWn3', 'false', '2018-07-30 18:12:27', '2018-07-30 18:12:27'),
(211, 'Princess Nader', 'adella.nikolaus@example.com', '$2y$10$sJUJ6dsccPkfrifcRERxg.aTqr7.bdXsmh0w7IDuHWTcEIC7c2iFe', '0zfSsDfENT', '1', NULL, 'false', '2018-07-30 18:12:28', '2018-07-30 18:12:28'),
(212, 'Tillman Legros', 'zola.eichmann@example.org', '$2y$10$sJUJ6dsccPkfrifcRERxg.aTqr7.bdXsmh0w7IDuHWTcEIC7c2iFe', '9tdZVr9tOo', '0', 'la4Q3UBd7U3OMDLc3yAcG69wKP0vyNCIiy8wqkyO', 'true', '2018-07-30 18:12:28', '2018-07-30 18:12:28'),
(213, 'Rhianna Blick', 'carroll.grimes@example.com', '$2y$10$sJUJ6dsccPkfrifcRERxg.aTqr7.bdXsmh0w7IDuHWTcEIC7c2iFe', 'HkMmpZZhHm', '0', '0T5iEWcfMV8jPI6RZJZsGdeDhPamNJUISxFgWkYw', 'false', '2018-07-30 18:12:28', '2018-07-30 18:12:28'),
(214, 'Felicita Greenfelder', 'llewellyn38@example.com', '$2y$10$sJUJ6dsccPkfrifcRERxg.aTqr7.bdXsmh0w7IDuHWTcEIC7c2iFe', 'LsWKqRvhwR', '1', NULL, 'false', '2018-07-30 18:12:28', '2018-07-30 18:12:28'),
(215, 'Lucious Carroll', 'kshanahan@example.org', '$2y$10$sJUJ6dsccPkfrifcRERxg.aTqr7.bdXsmh0w7IDuHWTcEIC7c2iFe', 'HA5M3FClHJ', '1', NULL, 'true', '2018-07-30 18:12:28', '2018-07-30 18:12:28'),
(216, 'Kathryn Johns', 'granville49@example.com', '$2y$10$sJUJ6dsccPkfrifcRERxg.aTqr7.bdXsmh0w7IDuHWTcEIC7c2iFe', 'i0mjvHqqTV', '0', 'nlAM5U5GtG1GcONFS8VCe0IOA5VsLCh8nX0lkD3U', 'false', '2018-07-30 18:12:28', '2018-07-30 18:12:28'),
(217, 'Ms. Lillie Gutmann', 'isabel82@example.org', '$2y$10$sJUJ6dsccPkfrifcRERxg.aTqr7.bdXsmh0w7IDuHWTcEIC7c2iFe', 'xWNj4Qj7uT', '0', '6h2t6i2XCBU6oCfTe0WqnOrdzWagdNwFnJCHY906', 'true', '2018-07-30 18:12:28', '2018-07-30 18:12:28'),
(218, 'Waino Gaylord MD', 'hwolff@example.org', '$2y$10$sJUJ6dsccPkfrifcRERxg.aTqr7.bdXsmh0w7IDuHWTcEIC7c2iFe', 'CyWBwjxGe0', '0', 'YBovGI5NU6BBZHPLX3t5GLp6Xtrba0SrX7Lg7jWJ', 'false', '2018-07-30 18:12:28', '2018-07-30 18:12:28'),
(219, 'Ada Ruecker', 'amurphy@example.net', '$2y$10$sJUJ6dsccPkfrifcRERxg.aTqr7.bdXsmh0w7IDuHWTcEIC7c2iFe', 'Y5H2fQuBUv', '1', NULL, 'false', '2018-07-30 18:12:28', '2018-07-30 18:12:28'),
(220, 'Cheyenne Dare', 'jovany80@example.org', '$2y$10$sJUJ6dsccPkfrifcRERxg.aTqr7.bdXsmh0w7IDuHWTcEIC7c2iFe', 'ds4pVCmkm5', '0', 'oIAM3hhaPPghff3HkNMcXcWTqgfzN9PRz3HL1Iti', 'true', '2018-07-30 18:12:28', '2018-07-30 18:12:28'),
(221, 'Mr. Kiel Mills DDS', 'jacklyn.herzog@example.net', '$2y$10$sJUJ6dsccPkfrifcRERxg.aTqr7.bdXsmh0w7IDuHWTcEIC7c2iFe', 'Ub9ZQODqkH', '1', NULL, 'true', '2018-07-30 18:12:28', '2018-07-30 18:12:28'),
(222, 'Sherman Zemlak', 'nboyle@example.com', '$2y$10$sJUJ6dsccPkfrifcRERxg.aTqr7.bdXsmh0w7IDuHWTcEIC7c2iFe', 'QrMuoKzHkn', '0', 'g6FkgfxOtDZiQybN1bTPIR2I3OUfX7U9cFLkF7IW', 'true', '2018-07-30 18:12:28', '2018-07-30 18:12:28'),
(223, 'Magdalena Gleason', 'pstroman@example.net', '$2y$10$sJUJ6dsccPkfrifcRERxg.aTqr7.bdXsmh0w7IDuHWTcEIC7c2iFe', 'j3jLnpm9r8', '0', '8Z5xjJpjOTfVmJNriY9sYPj3q0bpnMVWVHZeo6iX', 'false', '2018-07-30 18:12:28', '2018-07-30 18:12:28'),
(224, 'Lisa Stamm I', 'vandervort.willie@example.net', '$2y$10$sJUJ6dsccPkfrifcRERxg.aTqr7.bdXsmh0w7IDuHWTcEIC7c2iFe', 'g50dgkIzns', '0', 'DZbvUT96mAvjkeBfngt4AxvbTmf7vITJZC8opGZZ', 'true', '2018-07-30 18:12:28', '2018-07-30 18:12:28'),
(225, 'Mr. Hobart Littel', 'esther.wilkinson@example.org', '$2y$10$sJUJ6dsccPkfrifcRERxg.aTqr7.bdXsmh0w7IDuHWTcEIC7c2iFe', '3FKRdkOm8Q', '1', NULL, 'false', '2018-07-30 18:12:28', '2018-07-30 18:12:28'),
(226, 'Prof. Samantha Kuvalis V', 'tbarrows@example.org', '$2y$10$sJUJ6dsccPkfrifcRERxg.aTqr7.bdXsmh0w7IDuHWTcEIC7c2iFe', 'Hs9TbNkvKI', '1', NULL, 'false', '2018-07-30 18:12:28', '2018-07-30 18:12:28'),
(227, 'Elmer Harvey', 'oberbrunner.ora@example.com', '$2y$10$sJUJ6dsccPkfrifcRERxg.aTqr7.bdXsmh0w7IDuHWTcEIC7c2iFe', 'Fm5LEUJhvg', '1', NULL, 'false', '2018-07-30 18:12:28', '2018-07-30 18:12:28'),
(228, 'Titus Hammes', 'elmer.ernser@example.net', '$2y$10$sJUJ6dsccPkfrifcRERxg.aTqr7.bdXsmh0w7IDuHWTcEIC7c2iFe', 'OW3jAaRlb6', '0', 'LRDrqn0qLSxyWirKNzNckcc9cMM2L51amIc3VdkA', 'false', '2018-07-30 18:12:28', '2018-07-30 18:12:28'),
(229, 'Ms. Chanel McGlynn', 'lenny25@example.org', '$2y$10$sJUJ6dsccPkfrifcRERxg.aTqr7.bdXsmh0w7IDuHWTcEIC7c2iFe', 'MFfvA0BEGC', '1', NULL, 'true', '2018-07-30 18:12:28', '2018-07-30 18:12:28'),
(230, 'Shanel Labadie', 'rohan.jettie@example.net', '$2y$10$sJUJ6dsccPkfrifcRERxg.aTqr7.bdXsmh0w7IDuHWTcEIC7c2iFe', 'TQStKleqXd', '0', 'eV38EDRy1rqEIjXl9gGw2nlaXWzguzxPnIs1KONn', 'false', '2018-07-30 18:12:28', '2018-07-30 18:12:28'),
(231, 'Madeline Langworth', 'valentin48@example.com', '$2y$10$sJUJ6dsccPkfrifcRERxg.aTqr7.bdXsmh0w7IDuHWTcEIC7c2iFe', '2RRjkobaIf', '0', 'weumI93w1z4Q5ADO53wUU9wGQNw0sSzGMBWlXPnj', 'false', '2018-07-30 18:12:28', '2018-07-30 18:12:28'),
(232, 'Addison Johns', 'carter.maximus@example.com', '$2y$10$sJUJ6dsccPkfrifcRERxg.aTqr7.bdXsmh0w7IDuHWTcEIC7c2iFe', '0xRc5RWfm4', '0', '63IF9zvspL2FofxIOkDbDGyAmoLvF0KMQTIGSnDn', 'true', '2018-07-30 18:12:28', '2018-07-30 18:12:28'),
(233, 'Walter Lang', 'fmedhurst@example.com', '$2y$10$sJUJ6dsccPkfrifcRERxg.aTqr7.bdXsmh0w7IDuHWTcEIC7c2iFe', 'L5zgHJv9Ge', '0', 'S1b4FtR7ipCh8YkxPIJMqtJS9kVHMobBKtXeE8kg', 'false', '2018-07-30 18:12:28', '2018-07-30 18:12:28');
INSERT INTO `users` (`id`, `name`, `email`, `password`, `remember_token`, `verified`, `verified_token`, `admin`, `created_at`, `updated_at`) VALUES
(234, 'Judge Gottlieb', 'elaina15@example.com', '$2y$10$sJUJ6dsccPkfrifcRERxg.aTqr7.bdXsmh0w7IDuHWTcEIC7c2iFe', '1nlVd0qYgu', '1', NULL, 'false', '2018-07-30 18:12:28', '2018-07-30 18:12:28'),
(235, 'Ms. Ashley Effertz', 'tia99@example.net', '$2y$10$sJUJ6dsccPkfrifcRERxg.aTqr7.bdXsmh0w7IDuHWTcEIC7c2iFe', 'hbdqSCNNG8', '0', 'XchEfDAHzuTO0TWPTIw1JF0LVziZAJp70UMyBHiz', 'true', '2018-07-30 18:12:28', '2018-07-30 18:12:28'),
(236, 'Alek Miller', 'angelica.roberts@example.com', '$2y$10$sJUJ6dsccPkfrifcRERxg.aTqr7.bdXsmh0w7IDuHWTcEIC7c2iFe', '87wb9Yg2kE', '0', 'J0C702tqafIPPHGHRLLpYxe0izbik15oYnIoTuWL', 'false', '2018-07-30 18:12:28', '2018-07-30 18:12:28'),
(237, 'Briana Rath', 'denesik.tomas@example.com', '$2y$10$sJUJ6dsccPkfrifcRERxg.aTqr7.bdXsmh0w7IDuHWTcEIC7c2iFe', 'CqvBfbZXLl', '0', 'RJ7xZevZMGhYOQfZvWCLkUQ01xjC9Y1x9dUtfupg', 'false', '2018-07-30 18:12:28', '2018-07-30 18:12:28'),
(238, 'Marcia Gutkowski Sr.', 'rzieme@example.org', '$2y$10$sJUJ6dsccPkfrifcRERxg.aTqr7.bdXsmh0w7IDuHWTcEIC7c2iFe', 'SdmWiqP9nz', '0', 'OIfImfsVAy84LpPPIaesCdbNUyDAeESEeIYT09G6', 'true', '2018-07-30 18:12:28', '2018-07-30 18:12:28'),
(239, 'Kane O\'Connell DDS', 'angeline12@example.net', '$2y$10$sJUJ6dsccPkfrifcRERxg.aTqr7.bdXsmh0w7IDuHWTcEIC7c2iFe', '8sqOevjmcM', '0', 'YEUfMPY0tZg3L8P7tYk6mP5y3FyflAWg8MdZmI7n', 'true', '2018-07-30 18:12:28', '2018-07-30 18:12:28'),
(240, 'Jillian Dach', 'hagenes.kellie@example.org', '$2y$10$sJUJ6dsccPkfrifcRERxg.aTqr7.bdXsmh0w7IDuHWTcEIC7c2iFe', 'hHCguN6haw', '1', NULL, 'false', '2018-07-30 18:12:28', '2018-07-30 18:12:28'),
(241, 'Leda Waelchi II', 'kiara78@example.net', '$2y$10$sJUJ6dsccPkfrifcRERxg.aTqr7.bdXsmh0w7IDuHWTcEIC7c2iFe', 'b2MigHuRfi', '1', NULL, 'true', '2018-07-30 18:12:28', '2018-07-30 18:12:28'),
(242, 'Raquel Glover', 'chris.harber@example.org', '$2y$10$sJUJ6dsccPkfrifcRERxg.aTqr7.bdXsmh0w7IDuHWTcEIC7c2iFe', 'ByWmz8NDO7', '1', NULL, 'false', '2018-07-30 18:12:28', '2018-07-30 18:12:28'),
(243, 'Tyree McGlynn', 'douglas.beaulah@example.org', '$2y$10$sJUJ6dsccPkfrifcRERxg.aTqr7.bdXsmh0w7IDuHWTcEIC7c2iFe', 'PE4hj1YC2F', '0', '8LdBCSK0omybrEFQmbfbHLByMFeNWaq0Qi8gpHBL', 'false', '2018-07-30 18:12:28', '2018-07-30 18:12:28'),
(244, 'Prof. Verdie Schneider III', 'hill.abby@example.net', '$2y$10$sJUJ6dsccPkfrifcRERxg.aTqr7.bdXsmh0w7IDuHWTcEIC7c2iFe', 'OCwKMWoUIx', '0', '9KqGVNXUY9Ia8N4vjWpB5r2slff1m7Bg3YzqBNGs', 'true', '2018-07-30 18:12:28', '2018-07-30 18:12:28'),
(245, 'Dr. Solon Fahey', 'percival71@example.net', '$2y$10$sJUJ6dsccPkfrifcRERxg.aTqr7.bdXsmh0w7IDuHWTcEIC7c2iFe', '6qfxtZX0ca', '1', NULL, 'false', '2018-07-30 18:12:28', '2018-07-30 18:12:28'),
(246, 'Kara Orn', 'xkessler@example.net', '$2y$10$sJUJ6dsccPkfrifcRERxg.aTqr7.bdXsmh0w7IDuHWTcEIC7c2iFe', 'GiRfkTdq7j', '0', 'Lzl2mf2yJdfqHjPtVE9JGiXuNTyQ4YmEZsP1m1zi', 'false', '2018-07-30 18:12:28', '2018-07-30 18:12:28'),
(247, 'Edmund Renner', 'clyde.olson@example.org', '$2y$10$sJUJ6dsccPkfrifcRERxg.aTqr7.bdXsmh0w7IDuHWTcEIC7c2iFe', 'nnJMwRLnvo', '0', 'srtbJzNBLuWgGceTs8Nk3wFluv6ObPXj4FfrboQK', 'true', '2018-07-30 18:12:28', '2018-07-30 18:12:28'),
(248, 'Elisabeth Pollich', 'candida.lind@example.com', '$2y$10$sJUJ6dsccPkfrifcRERxg.aTqr7.bdXsmh0w7IDuHWTcEIC7c2iFe', 'LfANkRmJK9', '0', 'cMY1A0UEHFdNGKfG0CCeCbcJs3mKGFFuQcmGvn2b', 'false', '2018-07-30 18:12:28', '2018-07-30 18:12:28'),
(249, 'Mrs. Angeline Stehr Jr.', 'sherman.streich@example.net', '$2y$10$sJUJ6dsccPkfrifcRERxg.aTqr7.bdXsmh0w7IDuHWTcEIC7c2iFe', 'IvM1CcTu5j', '1', NULL, 'true', '2018-07-30 18:12:29', '2018-07-30 18:12:29'),
(250, 'Prof. Oren Wisozk', 'reinger.marilyne@example.org', '$2y$10$sJUJ6dsccPkfrifcRERxg.aTqr7.bdXsmh0w7IDuHWTcEIC7c2iFe', 'JSvocCw3WD', '0', 'nMyLSmypav0vFlg4rEDpIDY3VATF6SuWwobEQTzF', 'false', '2018-07-30 18:12:29', '2018-07-30 18:12:29'),
(251, 'Miss Vanessa Nienow', 'ruecker.rogers@example.org', '$2y$10$sJUJ6dsccPkfrifcRERxg.aTqr7.bdXsmh0w7IDuHWTcEIC7c2iFe', '5LMwPjoI77', '0', '5izv6rejlcYr7HtylRAHlCmfBrZsK7kSsw6RHaTu', 'true', '2018-07-30 18:12:29', '2018-07-30 18:12:29'),
(252, 'Erica Runolfsson', 'alysson.schoen@example.net', '$2y$10$sJUJ6dsccPkfrifcRERxg.aTqr7.bdXsmh0w7IDuHWTcEIC7c2iFe', 'AXjgO5qZ0l', '1', NULL, 'true', '2018-07-30 18:12:29', '2018-07-30 18:12:29'),
(253, 'Edythe Schaefer', 'baby.rempel@example.net', '$2y$10$sJUJ6dsccPkfrifcRERxg.aTqr7.bdXsmh0w7IDuHWTcEIC7c2iFe', 'HN1HI6foaA', '1', NULL, 'true', '2018-07-30 18:12:29', '2018-07-30 18:12:29'),
(254, 'Dan Krajcik', 'dmayert@example.com', '$2y$10$sJUJ6dsccPkfrifcRERxg.aTqr7.bdXsmh0w7IDuHWTcEIC7c2iFe', 'Lz623mg28j', '1', NULL, 'true', '2018-07-30 18:12:29', '2018-07-30 18:12:29'),
(255, 'Walker Stokes IV', 'lkreiger@example.net', '$2y$10$sJUJ6dsccPkfrifcRERxg.aTqr7.bdXsmh0w7IDuHWTcEIC7c2iFe', 's04bUDs1BX', '0', 'f5XFLn31C6zIraZSehISkTgqUKYfXAFPpxESPtLc', 'true', '2018-07-30 18:12:29', '2018-07-30 18:12:29'),
(256, 'Florida Huels III', 'tkautzer@example.org', '$2y$10$sJUJ6dsccPkfrifcRERxg.aTqr7.bdXsmh0w7IDuHWTcEIC7c2iFe', 'Zr4X2TLEdM', '1', NULL, 'false', '2018-07-30 18:12:29', '2018-07-30 18:12:29'),
(257, 'Maribel Bartoletti', 'toney05@example.org', '$2y$10$sJUJ6dsccPkfrifcRERxg.aTqr7.bdXsmh0w7IDuHWTcEIC7c2iFe', 'enbBKffofK', '1', NULL, 'false', '2018-07-30 18:12:29', '2018-07-30 18:12:29'),
(258, 'Prof. Kole Bechtelar III', 'farrell.darron@example.com', '$2y$10$sJUJ6dsccPkfrifcRERxg.aTqr7.bdXsmh0w7IDuHWTcEIC7c2iFe', 'B93yTOghhn', '1', NULL, 'true', '2018-07-30 18:12:29', '2018-07-30 18:12:29'),
(259, 'Dr. Trey Bergnaum II', 'reinger.maximillia@example.com', '$2y$10$sJUJ6dsccPkfrifcRERxg.aTqr7.bdXsmh0w7IDuHWTcEIC7c2iFe', 'Eg57hk1B6r', '1', NULL, 'true', '2018-07-30 18:12:29', '2018-07-30 18:12:29'),
(260, 'Sallie Senger PhD', 'jabari39@example.com', '$2y$10$sJUJ6dsccPkfrifcRERxg.aTqr7.bdXsmh0w7IDuHWTcEIC7c2iFe', 'yn7YDu6hR2', '0', 'eWJsoAKg2WPOokzZY2XNVxGDiThz8vO0W6NFVI1r', 'false', '2018-07-30 18:12:29', '2018-07-30 18:12:29'),
(261, 'Jazlyn Rogahn DDS', 'lurline50@example.com', '$2y$10$sJUJ6dsccPkfrifcRERxg.aTqr7.bdXsmh0w7IDuHWTcEIC7c2iFe', '7efi8gmaAQ', '1', NULL, 'true', '2018-07-30 18:12:29', '2018-07-30 18:12:29'),
(262, 'Lou Kemmer', 'tyrese.runolfsdottir@example.net', '$2y$10$sJUJ6dsccPkfrifcRERxg.aTqr7.bdXsmh0w7IDuHWTcEIC7c2iFe', 'rm6fcRtCzC', '0', 'LrPqTMXmY06YmEByvO3fktQjGQRvqvjizsvBjfkk', 'true', '2018-07-30 18:12:29', '2018-07-30 18:12:29'),
(263, 'Nina Schaefer', 'helene94@example.org', '$2y$10$sJUJ6dsccPkfrifcRERxg.aTqr7.bdXsmh0w7IDuHWTcEIC7c2iFe', '5hbUPPt8rw', '0', 'ECgbTBe55CrK4AGImNNmZgkXHCbHWL7jyj4w5GgI', 'true', '2018-07-30 18:12:29', '2018-07-30 18:12:29'),
(264, 'Trisha McKenzie', 'buford73@example.com', '$2y$10$sJUJ6dsccPkfrifcRERxg.aTqr7.bdXsmh0w7IDuHWTcEIC7c2iFe', 'WMLnbVD2Ko', '0', 'xxbY01xh806ah0AIXZJVoM6KTFdgjpkeHsafQRy7', 'true', '2018-07-30 18:12:29', '2018-07-30 18:12:29'),
(265, 'Taryn Hoppe', 'cremin.jasper@example.org', '$2y$10$sJUJ6dsccPkfrifcRERxg.aTqr7.bdXsmh0w7IDuHWTcEIC7c2iFe', 'GT3KII5woe', '0', 'V7QNe9FuwOUfgpT19eugEhk18hhTYrpJtfsdH8KK', 'true', '2018-07-30 18:12:29', '2018-07-30 18:12:29'),
(266, 'Stan Waelchi', 'lenna.romaguera@example.org', '$2y$10$sJUJ6dsccPkfrifcRERxg.aTqr7.bdXsmh0w7IDuHWTcEIC7c2iFe', 'M884Qsb18E', '0', '3hMn361ZLWoAwVwbAGRskgdgdQqefhku2GPlewSn', 'true', '2018-07-30 18:12:29', '2018-07-30 18:12:29'),
(267, 'Arden Mosciski', 'goldner.elouise@example.org', '$2y$10$sJUJ6dsccPkfrifcRERxg.aTqr7.bdXsmh0w7IDuHWTcEIC7c2iFe', '6fq81WlfvK', '1', NULL, 'false', '2018-07-30 18:12:29', '2018-07-30 18:12:29'),
(268, 'Ethan Herman', 'xwiza@example.com', '$2y$10$sJUJ6dsccPkfrifcRERxg.aTqr7.bdXsmh0w7IDuHWTcEIC7c2iFe', 'HPpwpWh8RE', '1', NULL, 'true', '2018-07-30 18:12:29', '2018-07-30 18:12:29'),
(269, 'Felicity Ritchie', 'kunze.leanne@example.org', '$2y$10$sJUJ6dsccPkfrifcRERxg.aTqr7.bdXsmh0w7IDuHWTcEIC7c2iFe', 'Q0774Df1ey', '1', NULL, 'true', '2018-07-30 18:12:29', '2018-07-30 18:12:29'),
(270, 'Trystan Crona', 'bailey.schimmel@example.com', '$2y$10$sJUJ6dsccPkfrifcRERxg.aTqr7.bdXsmh0w7IDuHWTcEIC7c2iFe', 'BJcZI0Dehm', '0', 'WIB9l9C1CmtvtPi5hv23wCfE2e4MTdzNfACTBe16', 'false', '2018-07-30 18:12:29', '2018-07-30 18:12:29'),
(271, 'Prof. Katlynn Abshire', 'derick68@example.org', '$2y$10$sJUJ6dsccPkfrifcRERxg.aTqr7.bdXsmh0w7IDuHWTcEIC7c2iFe', '6TPaOBSpJw', '1', NULL, 'false', '2018-07-30 18:12:29', '2018-07-30 18:12:29'),
(272, 'Mr. Wayne Zboncak DVM', 'deondre.franecki@example.com', '$2y$10$sJUJ6dsccPkfrifcRERxg.aTqr7.bdXsmh0w7IDuHWTcEIC7c2iFe', 'W2Jo8gsNaW', '0', 'nlxaSpd6Ple9D7Ho4uJ4OhhcyKeukjs228KCikJn', 'false', '2018-07-30 18:12:29', '2018-07-30 18:12:29'),
(273, 'Louisa Fahey', 'elroy10@example.com', '$2y$10$sJUJ6dsccPkfrifcRERxg.aTqr7.bdXsmh0w7IDuHWTcEIC7c2iFe', 'XMZPa6hxY2', '1', NULL, 'false', '2018-07-30 18:12:29', '2018-07-30 18:12:29'),
(274, 'Zelma Tremblay', 'qblanda@example.net', '$2y$10$sJUJ6dsccPkfrifcRERxg.aTqr7.bdXsmh0w7IDuHWTcEIC7c2iFe', 'IrLQtC3Dh0', '0', 'GdmJYh7QPCnC9KZyJd0SwqIzOFQ1vgSPD1xaSAY0', 'false', '2018-07-30 18:12:29', '2018-07-30 18:12:29'),
(275, 'Jeremie Hessel', 'jaydon42@example.net', '$2y$10$sJUJ6dsccPkfrifcRERxg.aTqr7.bdXsmh0w7IDuHWTcEIC7c2iFe', 'lK7lfhZmZl', '1', NULL, 'false', '2018-07-30 18:12:29', '2018-07-30 18:12:29'),
(276, 'Mr. Chad Fadel', 'lucas.goyette@example.org', '$2y$10$sJUJ6dsccPkfrifcRERxg.aTqr7.bdXsmh0w7IDuHWTcEIC7c2iFe', 'd6DlOnkCPZ', '0', 'NBKNMqeGManccocKYE7fYRGnswDcNNlQv1cckEql', 'false', '2018-07-30 18:12:29', '2018-07-30 18:12:29'),
(277, 'Bonnie Jacobson', 'chudson@example.org', '$2y$10$sJUJ6dsccPkfrifcRERxg.aTqr7.bdXsmh0w7IDuHWTcEIC7c2iFe', 'vvFAwIcTR4', '0', 'm41uYPsBlT0g9nc7LYA44VcxLHEOPrzAezEq5yFG', 'true', '2018-07-30 18:12:29', '2018-07-30 18:12:29'),
(278, 'Lacey Mayer', 'wunsch.vanessa@example.com', '$2y$10$sJUJ6dsccPkfrifcRERxg.aTqr7.bdXsmh0w7IDuHWTcEIC7c2iFe', 'ZfZS7qPwyC', '0', 'og29EVSveClZXXdNjVFECI71j5A2AS3Q6WNo1YaG', 'false', '2018-07-30 18:12:29', '2018-07-30 18:12:29'),
(279, 'Aliyah Orn', 'eframi@example.org', '$2y$10$sJUJ6dsccPkfrifcRERxg.aTqr7.bdXsmh0w7IDuHWTcEIC7c2iFe', 'rX7acjB5oV', '1', NULL, 'false', '2018-07-30 18:12:29', '2018-07-30 18:12:29'),
(280, 'Joshuah Becker', 'ryan.dino@example.net', '$2y$10$sJUJ6dsccPkfrifcRERxg.aTqr7.bdXsmh0w7IDuHWTcEIC7c2iFe', 'yfzrZ6I8oY', '0', 'SFpPz1RzKvexhealxC48LpMX4LL41Q7BNA7wmfXt', 'true', '2018-07-30 18:12:29', '2018-07-30 18:12:29'),
(281, 'Cade Stoltenberg', 'christy.cormier@example.net', '$2y$10$sJUJ6dsccPkfrifcRERxg.aTqr7.bdXsmh0w7IDuHWTcEIC7c2iFe', 'McoGsRxI9Y', '0', 'gkR3U6Y5rfzvso6HuDhyOEmrZiLuKvlJ67a0gGwj', 'true', '2018-07-30 18:12:29', '2018-07-30 18:12:29'),
(282, 'Abagail Hirthe', 'kaela22@example.com', '$2y$10$sJUJ6dsccPkfrifcRERxg.aTqr7.bdXsmh0w7IDuHWTcEIC7c2iFe', 'D5W2SWlP3V', '1', NULL, 'true', '2018-07-30 18:12:29', '2018-07-30 18:12:29'),
(283, 'Alexie Friesen', 'luella38@example.com', '$2y$10$sJUJ6dsccPkfrifcRERxg.aTqr7.bdXsmh0w7IDuHWTcEIC7c2iFe', 'ssJcaRt5gB', '0', 'Y4zp1spaY9mylayyr8ovTmjKe1cfTpcFykEcSdOr', 'true', '2018-07-30 18:12:29', '2018-07-30 18:12:29'),
(284, 'Seamus Waters', 'bschmidt@example.org', '$2y$10$sJUJ6dsccPkfrifcRERxg.aTqr7.bdXsmh0w7IDuHWTcEIC7c2iFe', 'hKNoENpZim', '1', NULL, 'false', '2018-07-30 18:12:29', '2018-07-30 18:12:29'),
(285, 'Malcolm Homenick', 'khalil.schuster@example.net', '$2y$10$sJUJ6dsccPkfrifcRERxg.aTqr7.bdXsmh0w7IDuHWTcEIC7c2iFe', 'KAgSot6YGA', '0', 'jHrs68HWGh7F6Ob44YYc7pk2mQtUFWaSwi4X6MzR', 'true', '2018-07-30 18:12:29', '2018-07-30 18:12:29'),
(286, 'Prof. Chaya Rutherford II', 'ustamm@example.net', '$2y$10$sJUJ6dsccPkfrifcRERxg.aTqr7.bdXsmh0w7IDuHWTcEIC7c2iFe', 'sD3dGhYPfU', '0', 'VRNKDh6ewAWbVcMTYNX9m5mt1P6e8QjK9vJBkG00', 'true', '2018-07-30 18:12:29', '2018-07-30 18:12:29'),
(287, 'Nyah Runolfsdottir', 'zulauf.clinton@example.net', '$2y$10$sJUJ6dsccPkfrifcRERxg.aTqr7.bdXsmh0w7IDuHWTcEIC7c2iFe', 'ZplBvRQY7y', '1', NULL, 'false', '2018-07-30 18:12:29', '2018-07-30 18:12:29'),
(288, 'Alfonso Goodwin', 'elsie76@example.net', '$2y$10$sJUJ6dsccPkfrifcRERxg.aTqr7.bdXsmh0w7IDuHWTcEIC7c2iFe', 'ui1wiELXTV', '1', NULL, 'false', '2018-07-30 18:12:29', '2018-07-30 18:12:29'),
(289, 'Miss Rosella Johns Sr.', 'amparo92@example.net', '$2y$10$sJUJ6dsccPkfrifcRERxg.aTqr7.bdXsmh0w7IDuHWTcEIC7c2iFe', 'Z68u2ow9w2', '1', NULL, 'false', '2018-07-30 18:12:29', '2018-07-30 18:12:29'),
(290, 'Alta Wolf', 'noelia19@example.com', '$2y$10$sJUJ6dsccPkfrifcRERxg.aTqr7.bdXsmh0w7IDuHWTcEIC7c2iFe', 'tTD13FtuJZ', '0', 'Z9jR2fNPvfbT5xwYvemYye9brd4a5it73CKExJVZ', 'true', '2018-07-30 18:12:29', '2018-07-30 18:12:29'),
(291, 'Taylor Tremblay', 'murazik.stevie@example.com', '$2y$10$sJUJ6dsccPkfrifcRERxg.aTqr7.bdXsmh0w7IDuHWTcEIC7c2iFe', 'jGh3N0tsmM', '1', NULL, 'false', '2018-07-30 18:12:30', '2018-07-30 18:12:30'),
(292, 'Mr. Hailey Nienow', 'oberbrunner.benjamin@example.net', '$2y$10$sJUJ6dsccPkfrifcRERxg.aTqr7.bdXsmh0w7IDuHWTcEIC7c2iFe', 'R6FHH11fOx', '0', 'zpnmrwZuq18jRqCfvweD3QorrqjUQ8NGUgBygrkD', 'true', '2018-07-30 18:12:30', '2018-07-30 18:12:30'),
(293, 'Vivianne Jaskolski', 'quitzon.savannah@example.org', '$2y$10$sJUJ6dsccPkfrifcRERxg.aTqr7.bdXsmh0w7IDuHWTcEIC7c2iFe', 'f4oCY86bOG', '0', 'iZAOTw5O37OedX4iJDTntfVSvhwn6emGUrc6cLOv', 'false', '2018-07-30 18:12:30', '2018-07-30 18:12:30'),
(294, 'Minnie Waters', 'jo28@example.com', '$2y$10$sJUJ6dsccPkfrifcRERxg.aTqr7.bdXsmh0w7IDuHWTcEIC7c2iFe', 'BJgN55K6sx', '1', NULL, 'false', '2018-07-30 18:12:30', '2018-07-30 18:12:30'),
(295, 'Sarai Marquardt', 'jeichmann@example.org', '$2y$10$sJUJ6dsccPkfrifcRERxg.aTqr7.bdXsmh0w7IDuHWTcEIC7c2iFe', 'hdDA9wgnWB', '0', 'bAAJgVvQSKGiMJBSz2pZgHS7h9J79HSCE7tmm32W', 'false', '2018-07-30 18:12:30', '2018-07-30 18:12:30'),
(296, 'Dr. Guy Borer I', 'keebler.geovany@example.com', '$2y$10$sJUJ6dsccPkfrifcRERxg.aTqr7.bdXsmh0w7IDuHWTcEIC7c2iFe', 'QMkYvvD5dk', '1', NULL, 'true', '2018-07-30 18:12:30', '2018-07-30 18:12:30'),
(297, 'Miss Mercedes Harber', 'green11@example.net', '$2y$10$sJUJ6dsccPkfrifcRERxg.aTqr7.bdXsmh0w7IDuHWTcEIC7c2iFe', '5sr2fdCfCF', '0', 'Q4qbZUbKNkGDtNy7iKvP9gB2PnHttH5a6t4WlbVf', 'false', '2018-07-30 18:12:30', '2018-07-30 18:12:30'),
(298, 'Prof. Ettie Beatty', 'cartwright.ozella@example.org', '$2y$10$sJUJ6dsccPkfrifcRERxg.aTqr7.bdXsmh0w7IDuHWTcEIC7c2iFe', 'G4nG3b8X99', '0', 'py0xNT0G4CbUtIRer8P8Nc6Qnhp43Q4ZnPeTK6AO', 'true', '2018-07-30 18:12:30', '2018-07-30 18:12:30'),
(299, 'Mr. Warren Herman IV', 'fgrimes@example.org', '$2y$10$sJUJ6dsccPkfrifcRERxg.aTqr7.bdXsmh0w7IDuHWTcEIC7c2iFe', 'jRdTikKIw8', '0', 'gwM38PkzLJD1Jv1QQOFZ0XqdB7K3hVcGZNDvVODv', 'true', '2018-07-30 18:12:30', '2018-07-30 18:12:30'),
(300, 'Stephon Feil IV', 'alexie.towne@example.com', '$2y$10$sJUJ6dsccPkfrifcRERxg.aTqr7.bdXsmh0w7IDuHWTcEIC7c2iFe', '7RXWXHOt0b', '1', NULL, 'true', '2018-07-30 18:12:30', '2018-07-30 18:12:30'),
(301, 'Prof. Colt Thompson', 'cormier.rhett@example.com', '$2y$10$sJUJ6dsccPkfrifcRERxg.aTqr7.bdXsmh0w7IDuHWTcEIC7c2iFe', 'AEreqFgthy', '1', NULL, 'false', '2018-07-30 18:12:30', '2018-07-30 18:12:30'),
(302, 'Angelita Cruickshank', 'jfadel@example.net', '$2y$10$sJUJ6dsccPkfrifcRERxg.aTqr7.bdXsmh0w7IDuHWTcEIC7c2iFe', 'h2zcTCFdXT', '1', NULL, 'false', '2018-07-30 18:12:30', '2018-07-30 18:12:30'),
(303, 'Aron Adams', 'mlangworth@example.net', '$2y$10$sJUJ6dsccPkfrifcRERxg.aTqr7.bdXsmh0w7IDuHWTcEIC7c2iFe', 'HUcotO2ClU', '1', NULL, 'false', '2018-07-30 18:12:30', '2018-07-30 18:12:30'),
(304, 'Rosalyn Wilderman', 'mario.zboncak@example.org', '$2y$10$sJUJ6dsccPkfrifcRERxg.aTqr7.bdXsmh0w7IDuHWTcEIC7c2iFe', 'GkKI4ZZgKQ', '0', 'jBbKfyybfTEelcQd12p2fZuwZJ0bgmALKIV0qbMD', 'false', '2018-07-30 18:12:30', '2018-07-30 18:12:30'),
(305, 'Estell Nikolaus', 'dibbert.zoe@example.org', '$2y$10$sJUJ6dsccPkfrifcRERxg.aTqr7.bdXsmh0w7IDuHWTcEIC7c2iFe', 'tQLGyZ536o', '0', 'P8r2Lto6ywSJTj9quwuCZm6XRb78VoJXeYiMHOQl', 'false', '2018-07-30 18:12:30', '2018-07-30 18:12:30'),
(306, 'Robb Williamson', 'madaline97@example.com', '$2y$10$sJUJ6dsccPkfrifcRERxg.aTqr7.bdXsmh0w7IDuHWTcEIC7c2iFe', 'V4hplwOKHQ', '0', 'echqv5IdkYJe4RkkPOI8sOKevzPhpgChC4oeT7rr', 'true', '2018-07-30 18:12:30', '2018-07-30 18:12:30'),
(307, 'Kolby Hill III', 'cummerata.anahi@example.org', '$2y$10$sJUJ6dsccPkfrifcRERxg.aTqr7.bdXsmh0w7IDuHWTcEIC7c2iFe', '3k47Srko8h', '0', '1NLQXEK5UdVI1xU6J8SUd1A33NW8psWbGvBBAymk', 'false', '2018-07-30 18:12:30', '2018-07-30 18:12:30'),
(308, 'Prof. Else Mitchell MD', 'oberbrunner.alverta@example.com', '$2y$10$sJUJ6dsccPkfrifcRERxg.aTqr7.bdXsmh0w7IDuHWTcEIC7c2iFe', 'SjtFjc4ni8', '1', NULL, 'true', '2018-07-30 18:12:30', '2018-07-30 18:12:30'),
(309, 'Selena Schoen', 'yasmine.ullrich@example.com', '$2y$10$sJUJ6dsccPkfrifcRERxg.aTqr7.bdXsmh0w7IDuHWTcEIC7c2iFe', 'WMz5gibPxW', '0', 'HVphlnzAgLdObDmU52FoshiaeDN0pDqQF3avF1HO', 'false', '2018-07-30 18:12:31', '2018-07-30 18:12:31'),
(310, 'Dr. Presley Rau', 'dan.ward@example.org', '$2y$10$sJUJ6dsccPkfrifcRERxg.aTqr7.bdXsmh0w7IDuHWTcEIC7c2iFe', '01Ga0yZDbn', '1', NULL, 'false', '2018-07-30 18:12:31', '2018-07-30 18:12:31'),
(311, 'Tristian Turner', 'ernser.bernita@example.org', '$2y$10$sJUJ6dsccPkfrifcRERxg.aTqr7.bdXsmh0w7IDuHWTcEIC7c2iFe', '75ls88S3wP', '1', NULL, 'true', '2018-07-30 18:12:31', '2018-07-30 18:12:31'),
(312, 'Mr. Gunnar Schmitt', 'zora83@example.org', '$2y$10$sJUJ6dsccPkfrifcRERxg.aTqr7.bdXsmh0w7IDuHWTcEIC7c2iFe', 'wGBJ8kw4U2', '1', NULL, 'false', '2018-07-30 18:12:31', '2018-07-30 18:12:31'),
(313, 'Waino Orn', 'stewart95@example.org', '$2y$10$sJUJ6dsccPkfrifcRERxg.aTqr7.bdXsmh0w7IDuHWTcEIC7c2iFe', 'v8ePqTRmUe', '0', 'laDbFEXURWkQUQMOOUCZB2dFHNvUQgoENcHoCFDV', 'true', '2018-07-30 18:12:31', '2018-07-30 18:12:31'),
(314, 'Mr. Ayden Upton Sr.', 'wmurphy@example.com', '$2y$10$sJUJ6dsccPkfrifcRERxg.aTqr7.bdXsmh0w7IDuHWTcEIC7c2iFe', 'M0OhS2wbgp', '0', '2W2ZMhAt4rKC8EqzL5lN9e3YQoPJlqcKsjvxLJGN', 'true', '2018-07-30 18:12:31', '2018-07-30 18:12:31'),
(315, 'Emmet Harber', 'wbruen@example.com', '$2y$10$sJUJ6dsccPkfrifcRERxg.aTqr7.bdXsmh0w7IDuHWTcEIC7c2iFe', 'hNoqMKKs4e', '0', 'XXVwoPsa23MXMdRVkRF1X38GaRlU5aq1wfqDON03', 'false', '2018-07-30 18:12:31', '2018-07-30 18:12:31'),
(316, 'Mrs. Sandra Marvin', 'hans.kris@example.org', '$2y$10$sJUJ6dsccPkfrifcRERxg.aTqr7.bdXsmh0w7IDuHWTcEIC7c2iFe', 'a2BHdzJRf9', '1', NULL, 'true', '2018-07-30 18:12:31', '2018-07-30 18:12:31'),
(317, 'Margarett Pfannerstill', 'sawayn.armani@example.com', '$2y$10$sJUJ6dsccPkfrifcRERxg.aTqr7.bdXsmh0w7IDuHWTcEIC7c2iFe', '76nBOCuWIK', '0', 'b775dnjNwdrd1CK7Kitc7pgi468i7Yb4JsBU8Y3f', 'false', '2018-07-30 18:12:31', '2018-07-30 18:12:31'),
(318, 'Christina Lind', 'keyshawn.schmeler@example.org', '$2y$10$sJUJ6dsccPkfrifcRERxg.aTqr7.bdXsmh0w7IDuHWTcEIC7c2iFe', 'VyCT8raS20', '0', 'Qx2nLJqeaYHOyRaKTwaUfZvywTjWPlU5TT2a1XWg', 'false', '2018-07-30 18:12:31', '2018-07-30 18:12:31'),
(319, 'Keagan Schroeder', 'frodriguez@example.org', '$2y$10$sJUJ6dsccPkfrifcRERxg.aTqr7.bdXsmh0w7IDuHWTcEIC7c2iFe', 'I0bzKEHSSd', '0', 'oJ3XaAazUtQOqnIH5Zya3F0hhbKa0tPmJs3vePBX', 'true', '2018-07-30 18:12:31', '2018-07-30 18:12:31'),
(320, 'Dr. Lilly Schmidt III', 'gbode@example.net', '$2y$10$sJUJ6dsccPkfrifcRERxg.aTqr7.bdXsmh0w7IDuHWTcEIC7c2iFe', 'ojIHuWQnYd', '1', NULL, 'true', '2018-07-30 18:12:31', '2018-07-30 18:12:31'),
(321, 'Tillman O\'Reilly', 'sbartell@example.org', '$2y$10$sJUJ6dsccPkfrifcRERxg.aTqr7.bdXsmh0w7IDuHWTcEIC7c2iFe', 'Kz8DcnbsRQ', '1', NULL, 'false', '2018-07-30 18:12:31', '2018-07-30 18:12:31'),
(322, 'Jennings Greenholt', 'kiel.powlowski@example.com', '$2y$10$sJUJ6dsccPkfrifcRERxg.aTqr7.bdXsmh0w7IDuHWTcEIC7c2iFe', '7MHzEy25Fc', '0', '1P7RWs7RgUuPpzoxIs6kMJAmke1oQN2ku0U0s8U0', 'true', '2018-07-30 18:12:31', '2018-07-30 18:12:31'),
(323, 'Shawna Nikolaus', 'estevan.haag@example.net', '$2y$10$sJUJ6dsccPkfrifcRERxg.aTqr7.bdXsmh0w7IDuHWTcEIC7c2iFe', 'liNtqeNGa4', '1', NULL, 'false', '2018-07-30 18:12:31', '2018-07-30 18:12:31'),
(324, 'Lulu Schiller', 'hlabadie@example.com', '$2y$10$sJUJ6dsccPkfrifcRERxg.aTqr7.bdXsmh0w7IDuHWTcEIC7c2iFe', 'TkKJxzmkjc', '1', NULL, 'true', '2018-07-30 18:12:31', '2018-07-30 18:12:31'),
(325, 'Stefan Kulas', 'twila.hill@example.com', '$2y$10$sJUJ6dsccPkfrifcRERxg.aTqr7.bdXsmh0w7IDuHWTcEIC7c2iFe', '7I5hMaB0O1', '1', NULL, 'true', '2018-07-30 18:12:31', '2018-07-30 18:12:31'),
(326, 'Keanu Schowalter', 'antonio.kulas@example.net', '$2y$10$sJUJ6dsccPkfrifcRERxg.aTqr7.bdXsmh0w7IDuHWTcEIC7c2iFe', 'PhVXqUt3YN', '1', NULL, 'false', '2018-07-30 18:12:31', '2018-07-30 18:12:31'),
(327, 'Leon Nader', 'crystel43@example.com', '$2y$10$sJUJ6dsccPkfrifcRERxg.aTqr7.bdXsmh0w7IDuHWTcEIC7c2iFe', 'cmMQuDuBnX', '0', 'zDp2WNf87ES5OXNWPBaM20QowRci3OgqBUWhFsSZ', 'true', '2018-07-30 18:12:31', '2018-07-30 18:12:31'),
(328, 'Nico Gutmann Sr.', 'kaelyn.wilderman@example.org', '$2y$10$sJUJ6dsccPkfrifcRERxg.aTqr7.bdXsmh0w7IDuHWTcEIC7c2iFe', 'KfB9at3ZMy', '1', NULL, 'true', '2018-07-30 18:12:31', '2018-07-30 18:12:31'),
(329, 'Dejuan Fadel', 'myrl51@example.net', '$2y$10$sJUJ6dsccPkfrifcRERxg.aTqr7.bdXsmh0w7IDuHWTcEIC7c2iFe', 'WFnOU4fJbB', '0', 'P6oi8PEYfnjDJ6QIAJTOR7XglOde0wmNmOuFiKsF', 'false', '2018-07-30 18:12:31', '2018-07-30 18:12:31'),
(330, 'Mrs. Kirsten Hoppe II', 'kristopher88@example.org', '$2y$10$sJUJ6dsccPkfrifcRERxg.aTqr7.bdXsmh0w7IDuHWTcEIC7c2iFe', 'BsI9kvGrFB', '1', NULL, 'true', '2018-07-30 18:12:31', '2018-07-30 18:12:31'),
(331, 'Ms. Nedra Gutkowski III', 'beahan.harry@example.com', '$2y$10$sJUJ6dsccPkfrifcRERxg.aTqr7.bdXsmh0w7IDuHWTcEIC7c2iFe', 'arNyETr7rE', '1', NULL, 'false', '2018-07-30 18:12:31', '2018-07-30 18:12:31'),
(332, 'Mr. Nickolas Gaylord PhD', 'hamill.lindsey@example.net', '$2y$10$sJUJ6dsccPkfrifcRERxg.aTqr7.bdXsmh0w7IDuHWTcEIC7c2iFe', 'ZKT47yOOmP', '0', '4rmtVh2rYmunPceuOBIQmP4HTVWyq2Sw6fW8Tht7', 'false', '2018-07-30 18:12:31', '2018-07-30 18:12:31'),
(333, 'Eryn Dach', 'lauriane51@example.org', '$2y$10$sJUJ6dsccPkfrifcRERxg.aTqr7.bdXsmh0w7IDuHWTcEIC7c2iFe', 'zJBcO37Fkp', '0', '4qQvOE9UOVRkQOTPyd47MsZhLSEWDuES8yayGKWw', 'false', '2018-07-30 18:12:31', '2018-07-30 18:12:31'),
(334, 'Annette Kutch', 'melisa87@example.com', '$2y$10$sJUJ6dsccPkfrifcRERxg.aTqr7.bdXsmh0w7IDuHWTcEIC7c2iFe', 'MSEM47LJ5c', '0', 'twzfG9WYEhz3J1VGcKdtfHNtfXKJR5KWhuFIzWta', 'true', '2018-07-30 18:12:31', '2018-07-30 18:12:31'),
(335, 'Will Parisian MD', 'estell.waelchi@example.org', '$2y$10$sJUJ6dsccPkfrifcRERxg.aTqr7.bdXsmh0w7IDuHWTcEIC7c2iFe', '7Zos6xiz9j', '0', 'vOq5OGKWpaRi3RrjG6UD5hcGLkF742dJjhZgdVlB', 'false', '2018-07-30 18:12:31', '2018-07-30 18:12:31'),
(336, 'Jacklyn Bashirian', 'greta.erdman@example.net', '$2y$10$sJUJ6dsccPkfrifcRERxg.aTqr7.bdXsmh0w7IDuHWTcEIC7c2iFe', 'Rkd8Jk82Dl', '1', NULL, 'false', '2018-07-30 18:12:31', '2018-07-30 18:12:31'),
(337, 'Josiane Konopelski', 'abdiel.wisoky@example.com', '$2y$10$sJUJ6dsccPkfrifcRERxg.aTqr7.bdXsmh0w7IDuHWTcEIC7c2iFe', '1bH10GlbFT', '1', NULL, 'true', '2018-07-30 18:12:31', '2018-07-30 18:12:31'),
(338, 'Shemar Blick', 'providenci.lehner@example.net', '$2y$10$sJUJ6dsccPkfrifcRERxg.aTqr7.bdXsmh0w7IDuHWTcEIC7c2iFe', 'RKHW3l3Puf', '1', NULL, 'false', '2018-07-30 18:12:31', '2018-07-30 18:12:31'),
(339, 'Travis Kuphal', 'alayna.kuvalis@example.net', '$2y$10$sJUJ6dsccPkfrifcRERxg.aTqr7.bdXsmh0w7IDuHWTcEIC7c2iFe', 'JWtFt8Z4EN', '0', 'GgeCFJVxgmMo9dNBjQoGXXdMilipmiljQMMS3LbB', 'false', '2018-07-30 18:12:31', '2018-07-30 18:12:31'),
(340, 'Kara Nicolas', 'cynthia.volkman@example.com', '$2y$10$sJUJ6dsccPkfrifcRERxg.aTqr7.bdXsmh0w7IDuHWTcEIC7c2iFe', 'W01VztXJ6x', '1', NULL, 'true', '2018-07-30 18:12:31', '2018-07-30 18:12:31'),
(341, 'Marietta Lueilwitz', 'ortiz.jermey@example.com', '$2y$10$sJUJ6dsccPkfrifcRERxg.aTqr7.bdXsmh0w7IDuHWTcEIC7c2iFe', 'BC4FAA3WS8', '1', NULL, 'true', '2018-07-30 18:12:31', '2018-07-30 18:12:31'),
(342, 'Sydnie O\'Conner', 'magali60@example.com', '$2y$10$sJUJ6dsccPkfrifcRERxg.aTqr7.bdXsmh0w7IDuHWTcEIC7c2iFe', 'lsh5bLDtZ5', '0', 'L1RzUd1Pr8FCrASETvjP7gxOiIh9IpJZ7GNyL9wB', 'true', '2018-07-30 18:12:31', '2018-07-30 18:12:31'),
(343, 'Dr. Kamren Abshire', 'queenie61@example.net', '$2y$10$sJUJ6dsccPkfrifcRERxg.aTqr7.bdXsmh0w7IDuHWTcEIC7c2iFe', 'H32DlXBC1t', '1', NULL, 'false', '2018-07-30 18:12:31', '2018-07-30 18:12:31'),
(344, 'Isac Terry', 'koch.reuben@example.net', '$2y$10$sJUJ6dsccPkfrifcRERxg.aTqr7.bdXsmh0w7IDuHWTcEIC7c2iFe', 'eHX1XGeUs4', '0', 'AKWn3x4FQKDqcYehsc0khKzyA187vCdeJZKFQLoc', 'false', '2018-07-30 18:12:31', '2018-07-30 18:12:31'),
(345, 'Ms. Eleonore Quigley II', 'ruecker.donna@example.com', '$2y$10$sJUJ6dsccPkfrifcRERxg.aTqr7.bdXsmh0w7IDuHWTcEIC7c2iFe', 'Avp1vB9rSz', '0', 'fgfQW7YrZVZQ3bDU8UWGgr0lEgUhamZwqea1VGVO', 'false', '2018-07-30 18:12:31', '2018-07-30 18:12:31'),
(346, 'Scot Crist', 'yrice@example.com', '$2y$10$sJUJ6dsccPkfrifcRERxg.aTqr7.bdXsmh0w7IDuHWTcEIC7c2iFe', 'RTEu6Iqu79', '1', NULL, 'false', '2018-07-30 18:12:31', '2018-07-30 18:12:31'),
(347, 'Guillermo Ondricka', 'mariana87@example.com', '$2y$10$sJUJ6dsccPkfrifcRERxg.aTqr7.bdXsmh0w7IDuHWTcEIC7c2iFe', 'jYZUkKQzWN', '0', 'CPmJIyDfaKcBITI8Tn0WuzC1LcKHf3uaCD1pPAau', 'false', '2018-07-30 18:12:31', '2018-07-30 18:12:31'),
(348, 'Prof. Maureen Lubowitz Sr.', 'alford09@example.net', '$2y$10$sJUJ6dsccPkfrifcRERxg.aTqr7.bdXsmh0w7IDuHWTcEIC7c2iFe', 'cQyqcHwGYF', '0', 'tkOSOwGUy4tUiD2VkPaUpKWpJEGCPpAZS22UvVyl', 'true', '2018-07-30 18:12:31', '2018-07-30 18:12:31'),
(349, 'Susana Stiedemann', 'murazik.sigurd@example.com', '$2y$10$sJUJ6dsccPkfrifcRERxg.aTqr7.bdXsmh0w7IDuHWTcEIC7c2iFe', 'hMQNegui2y', '0', '2cCZpW4lpzbOdNGNUTpDoNtetNKGUEH6oqAFx94U', 'true', '2018-07-30 18:12:32', '2018-07-30 18:12:32'),
(350, 'Marjorie Huel', 'flatley.josiah@example.net', '$2y$10$sJUJ6dsccPkfrifcRERxg.aTqr7.bdXsmh0w7IDuHWTcEIC7c2iFe', 'MVLArlC6lU', '1', NULL, 'false', '2018-07-30 18:12:32', '2018-07-30 18:12:32'),
(351, 'Shea Pacocha', 'wilkinson.kole@example.com', '$2y$10$sJUJ6dsccPkfrifcRERxg.aTqr7.bdXsmh0w7IDuHWTcEIC7c2iFe', 'yRSzCf4LYi', '0', '5srPk5kaOQcUA70t4BraKJ39R0JO4kh2hBqiJvFF', 'true', '2018-07-30 18:12:32', '2018-07-30 18:12:32'),
(352, 'Cheyenne Barton', 'vmccullough@example.org', '$2y$10$sJUJ6dsccPkfrifcRERxg.aTqr7.bdXsmh0w7IDuHWTcEIC7c2iFe', 'vOWejQMZhl', '0', 'HOxBIKnYXGWc7InOgOQmYMCVICdXrSmEnD6m2Ge4', 'true', '2018-07-30 18:12:32', '2018-07-30 18:12:32'),
(353, 'Ms. Haylee Brown', 'madelyn42@example.org', '$2y$10$sJUJ6dsccPkfrifcRERxg.aTqr7.bdXsmh0w7IDuHWTcEIC7c2iFe', 'GwN9xldVH0', '1', NULL, 'false', '2018-07-30 18:12:32', '2018-07-30 18:12:32'),
(354, 'Amina Howell', 'chris74@example.net', '$2y$10$sJUJ6dsccPkfrifcRERxg.aTqr7.bdXsmh0w7IDuHWTcEIC7c2iFe', '40OCToM5wc', '0', 'ocnr8nVKsNl2xBxiiKcr8jtoe5GNdySNfNZNVnMr', 'true', '2018-07-30 18:12:32', '2018-07-30 18:12:32'),
(355, 'Frederique Tillman', 'quitzon.darian@example.org', '$2y$10$sJUJ6dsccPkfrifcRERxg.aTqr7.bdXsmh0w7IDuHWTcEIC7c2iFe', 'gyBRM2Ahkp', '0', '8LE4Y0MzHDkxSVcqEbkIX6Tkic63ENq83Q2E0PE5', 'true', '2018-07-30 18:12:32', '2018-07-30 18:12:32'),
(356, 'Nora Turner DVM', 'delfina08@example.com', '$2y$10$sJUJ6dsccPkfrifcRERxg.aTqr7.bdXsmh0w7IDuHWTcEIC7c2iFe', '8bkIJ0m2II', '1', NULL, 'true', '2018-07-30 18:12:32', '2018-07-30 18:12:32'),
(357, 'Mrs. Cecilia Kuhn', 'xdickens@example.com', '$2y$10$sJUJ6dsccPkfrifcRERxg.aTqr7.bdXsmh0w7IDuHWTcEIC7c2iFe', 'uBeLPPOVyG', '0', '6v5IMNF1V5hUWuJYpEngnq4lYPZCenjtdXaFnLki', 'false', '2018-07-30 18:12:32', '2018-07-30 18:12:32'),
(358, 'Tavares Jerde', 'farrell.clementina@example.com', '$2y$10$sJUJ6dsccPkfrifcRERxg.aTqr7.bdXsmh0w7IDuHWTcEIC7c2iFe', 'qt1KTiMQfC', '0', 'tIZYYbvpwQ9pSSha8PX3eBIyzLfJkrOqrKUUFFQr', 'true', '2018-07-30 18:12:32', '2018-07-30 18:12:32'),
(359, 'Jedidiah Reichert', 'selina93@example.com', '$2y$10$sJUJ6dsccPkfrifcRERxg.aTqr7.bdXsmh0w7IDuHWTcEIC7c2iFe', 'hQqRKgdFWa', '0', 'Ed08zc5so4u9C0cNbNNoeEj45UAyu7UWoUVxbj5V', 'true', '2018-07-30 18:12:32', '2018-07-30 18:12:32'),
(360, 'Mr. Aidan Friesen IV', 'danderson@example.com', '$2y$10$sJUJ6dsccPkfrifcRERxg.aTqr7.bdXsmh0w7IDuHWTcEIC7c2iFe', 'csN41yPr1i', '1', NULL, 'true', '2018-07-30 18:12:32', '2018-07-30 18:12:32'),
(361, 'Taylor Maggio MD', 'torp.lavon@example.com', '$2y$10$sJUJ6dsccPkfrifcRERxg.aTqr7.bdXsmh0w7IDuHWTcEIC7c2iFe', 'juk9HghlGC', '1', NULL, 'true', '2018-07-30 18:12:32', '2018-07-30 18:12:32'),
(362, 'Bonnie Wuckert', 'shana.bartoletti@example.org', '$2y$10$sJUJ6dsccPkfrifcRERxg.aTqr7.bdXsmh0w7IDuHWTcEIC7c2iFe', 'OacsoMqkyv', '1', NULL, 'false', '2018-07-30 18:12:32', '2018-07-30 18:12:32'),
(363, 'Elnora Lueilwitz', 'camden07@example.org', '$2y$10$sJUJ6dsccPkfrifcRERxg.aTqr7.bdXsmh0w7IDuHWTcEIC7c2iFe', 'ir0zAYwdrA', '1', NULL, 'true', '2018-07-30 18:12:32', '2018-07-30 18:12:32'),
(364, 'Jimmie Blick Jr.', 'clyde.donnelly@example.net', '$2y$10$sJUJ6dsccPkfrifcRERxg.aTqr7.bdXsmh0w7IDuHWTcEIC7c2iFe', '4d445oNb7O', '1', NULL, 'false', '2018-07-30 18:12:32', '2018-07-30 18:12:32'),
(365, 'Zoey Jones', 'vhowe@example.net', '$2y$10$sJUJ6dsccPkfrifcRERxg.aTqr7.bdXsmh0w7IDuHWTcEIC7c2iFe', 'sKPgJ3qfJ0', '1', NULL, 'false', '2018-07-30 18:12:32', '2018-07-30 18:12:32'),
(366, 'Sarah Little', 'wilhelm.oreilly@example.com', '$2y$10$sJUJ6dsccPkfrifcRERxg.aTqr7.bdXsmh0w7IDuHWTcEIC7c2iFe', 'a83gnrvHZS', '0', 'vaPt8VRF8iFLWOIR1d7eDZKRWkX67MqDZTyOazpL', 'false', '2018-07-30 18:12:32', '2018-07-30 18:12:32'),
(367, 'Dr. Precious Corkery Jr.', 'orenner@example.net', '$2y$10$sJUJ6dsccPkfrifcRERxg.aTqr7.bdXsmh0w7IDuHWTcEIC7c2iFe', 'HZW22lSijK', '0', 'wkDhIUzVRUjY432y7CFIRv3LVdQ7OgxTqr6UluE0', 'true', '2018-07-30 18:12:32', '2018-07-30 18:12:32'),
(368, 'Prudence Huel', 'alba07@example.com', '$2y$10$sJUJ6dsccPkfrifcRERxg.aTqr7.bdXsmh0w7IDuHWTcEIC7c2iFe', 'F4RkN5rJW2', '1', NULL, 'true', '2018-07-30 18:12:32', '2018-07-30 18:12:32'),
(369, 'Modesto Runolfsdottir', 'strosin.terrance@example.net', '$2y$10$sJUJ6dsccPkfrifcRERxg.aTqr7.bdXsmh0w7IDuHWTcEIC7c2iFe', 'vnC7rMOnKb', '0', 'DQlT8pjaOgtE7KthIDBWvuxagFceqAKbh7uHr8qR', 'true', '2018-07-30 18:12:32', '2018-07-30 18:12:32'),
(370, 'Buster Gleason V', 'wyman.emanuel@example.com', '$2y$10$sJUJ6dsccPkfrifcRERxg.aTqr7.bdXsmh0w7IDuHWTcEIC7c2iFe', 'WimJfsYhkt', '1', NULL, 'false', '2018-07-30 18:12:32', '2018-07-30 18:12:32'),
(371, 'Whitney Feest IV', 'korbin.labadie@example.org', '$2y$10$sJUJ6dsccPkfrifcRERxg.aTqr7.bdXsmh0w7IDuHWTcEIC7c2iFe', 'xeD5iH6nDQ', '0', 'DJ6um6rbezuo8fsH8ZF9deAy6roqh0My1XD83ggi', 'false', '2018-07-30 18:12:32', '2018-07-30 18:12:32'),
(372, 'Shana Predovic', 'trevion35@example.net', '$2y$10$sJUJ6dsccPkfrifcRERxg.aTqr7.bdXsmh0w7IDuHWTcEIC7c2iFe', '0q0nQpPTFy', '0', 'E5fJEALyrWz2xO9l5L03YLcazXGGZKD9w3H31wL3', 'false', '2018-07-30 18:12:32', '2018-07-30 18:12:32'),
(373, 'Miss Willow Funk Sr.', 'alexandrea61@example.org', '$2y$10$sJUJ6dsccPkfrifcRERxg.aTqr7.bdXsmh0w7IDuHWTcEIC7c2iFe', '7eAsLmAe6W', '1', NULL, 'true', '2018-07-30 18:12:32', '2018-07-30 18:12:32'),
(374, 'Miller Wolff Sr.', 'vjacobi@example.com', '$2y$10$sJUJ6dsccPkfrifcRERxg.aTqr7.bdXsmh0w7IDuHWTcEIC7c2iFe', 'XaAWXkMCMX', '1', NULL, 'true', '2018-07-30 18:12:32', '2018-07-30 18:12:32'),
(375, 'Ms. Mina Rice', 'padberg.jewel@example.org', '$2y$10$sJUJ6dsccPkfrifcRERxg.aTqr7.bdXsmh0w7IDuHWTcEIC7c2iFe', 'ezs0JG7baR', '1', NULL, 'false', '2018-07-30 18:12:32', '2018-07-30 18:12:32'),
(376, 'Jeanie Gusikowski', 'kris.tad@example.net', '$2y$10$sJUJ6dsccPkfrifcRERxg.aTqr7.bdXsmh0w7IDuHWTcEIC7c2iFe', 'LlmcZgh03I', '0', 'Pkn4wt2oyHD5KVi57aYo3OlqhBUu0IJkjeLNodO8', 'false', '2018-07-30 18:12:32', '2018-07-30 18:12:32'),
(377, 'Dr. Jazmin Ritchie DDS', 'gbechtelar@example.net', '$2y$10$sJUJ6dsccPkfrifcRERxg.aTqr7.bdXsmh0w7IDuHWTcEIC7c2iFe', 'Pj1998522Y', '1', NULL, 'true', '2018-07-30 18:12:32', '2018-07-30 18:12:32'),
(378, 'Catharine Wehner', 'amohr@example.org', '$2y$10$sJUJ6dsccPkfrifcRERxg.aTqr7.bdXsmh0w7IDuHWTcEIC7c2iFe', 'YZxKhKrXQZ', '0', 'CCcAcisLkuoGJh1YipCRxqeZ79HqZC6jEAUbjsFG', 'false', '2018-07-30 18:12:32', '2018-07-30 18:12:32'),
(379, 'Nicholaus Becker', 'blanda.vernice@example.com', '$2y$10$sJUJ6dsccPkfrifcRERxg.aTqr7.bdXsmh0w7IDuHWTcEIC7c2iFe', '9orXvk7HVa', '0', 'yViG0xAcSyWCM61queG4qZuKryNTLQY7OT3zrBXj', 'true', '2018-07-30 18:12:32', '2018-07-30 18:12:32'),
(380, 'Dr. Joany McLaughlin DVM', 'yjakubowski@example.net', '$2y$10$sJUJ6dsccPkfrifcRERxg.aTqr7.bdXsmh0w7IDuHWTcEIC7c2iFe', 'I5pKT346bd', '1', NULL, 'true', '2018-07-30 18:12:32', '2018-07-30 18:12:32'),
(381, 'Krystal Farrell', 'nicolas.florida@example.org', '$2y$10$sJUJ6dsccPkfrifcRERxg.aTqr7.bdXsmh0w7IDuHWTcEIC7c2iFe', 'Kzyx89VgGV', '0', 'f7bDdpKL4KmjYCWXlJk9EVkzOhQPAgFD969VrrjA', 'false', '2018-07-30 18:12:32', '2018-07-30 18:12:32'),
(382, 'Catherine Stamm', 'queen02@example.org', '$2y$10$sJUJ6dsccPkfrifcRERxg.aTqr7.bdXsmh0w7IDuHWTcEIC7c2iFe', 'nWWIb8VZto', '1', NULL, 'false', '2018-07-30 18:12:32', '2018-07-30 18:12:32'),
(383, 'Mellie Goldner', 'stamm.danial@example.org', '$2y$10$sJUJ6dsccPkfrifcRERxg.aTqr7.bdXsmh0w7IDuHWTcEIC7c2iFe', 'IjZ1ZPK9Rd', '0', 'U4edXWknYLYvwZRaeQDKqZzqHJx2pH0ZVhSygMwQ', 'false', '2018-07-30 18:12:32', '2018-07-30 18:12:32'),
(384, 'Reta Keebler', 'wolff.verlie@example.org', '$2y$10$sJUJ6dsccPkfrifcRERxg.aTqr7.bdXsmh0w7IDuHWTcEIC7c2iFe', 'mSJrXMjdtr', '0', 'cjdUtNLMY5NB2EGZaFe5awjnbKGXFZMsxQMRC63q', 'true', '2018-07-30 18:12:32', '2018-07-30 18:12:32'),
(385, 'Herminia Walsh', 'vdickinson@example.com', '$2y$10$sJUJ6dsccPkfrifcRERxg.aTqr7.bdXsmh0w7IDuHWTcEIC7c2iFe', 'DzfYLCYJ3O', '0', '4AmtLTeCAj3hNykmXtO1j7U5qZuQitF7VUsTKPC0', 'false', '2018-07-30 18:12:32', '2018-07-30 18:12:32'),
(386, 'Celestine Pfeffer', 'domingo35@example.org', '$2y$10$sJUJ6dsccPkfrifcRERxg.aTqr7.bdXsmh0w7IDuHWTcEIC7c2iFe', 'g5euddgX6p', '1', NULL, 'true', '2018-07-30 18:12:32', '2018-07-30 18:12:32'),
(387, 'Dr. Rod Grimes II', 'assunta44@example.com', '$2y$10$sJUJ6dsccPkfrifcRERxg.aTqr7.bdXsmh0w7IDuHWTcEIC7c2iFe', 'M8S4Oqh2r4', '1', NULL, 'true', '2018-07-30 18:12:33', '2018-07-30 18:12:33'),
(388, 'Davonte Wyman', 'don.bayer@example.net', '$2y$10$sJUJ6dsccPkfrifcRERxg.aTqr7.bdXsmh0w7IDuHWTcEIC7c2iFe', '6Q85BcmeWR', '0', 'x70EQbRwSH1eVYcQw5nLWVxB5Z29dW9eGRnHBzpz', 'false', '2018-07-30 18:12:33', '2018-07-30 18:12:33'),
(389, 'Kyle Kris', 'pstroman@example.org', '$2y$10$sJUJ6dsccPkfrifcRERxg.aTqr7.bdXsmh0w7IDuHWTcEIC7c2iFe', 'Gu4MTEM9Nr', '1', NULL, 'true', '2018-07-30 18:12:33', '2018-07-30 18:12:33'),
(390, 'Salvador Kuhlman', 'mckenna87@example.net', '$2y$10$sJUJ6dsccPkfrifcRERxg.aTqr7.bdXsmh0w7IDuHWTcEIC7c2iFe', 'sDtJ7jjevq', '1', NULL, 'true', '2018-07-30 18:12:33', '2018-07-30 18:12:33'),
(391, 'Emmanuel Treutel', 'brigitte09@example.net', '$2y$10$sJUJ6dsccPkfrifcRERxg.aTqr7.bdXsmh0w7IDuHWTcEIC7c2iFe', 'JiryLwXbIE', '0', 'E97dylxhKLOxVoygItzoXEpTlrKIK6tJX7VjWwfA', 'false', '2018-07-30 18:12:33', '2018-07-30 18:12:33'),
(392, 'Dr. Jaiden Raynor', 'katelin.pollich@example.net', '$2y$10$sJUJ6dsccPkfrifcRERxg.aTqr7.bdXsmh0w7IDuHWTcEIC7c2iFe', 'qgPwzPDL49', '0', 'mPPcBSr6VOdvkHFfqAZykHgPBtiw7PEtCq36YnvY', 'true', '2018-07-30 18:12:33', '2018-07-30 18:12:33'),
(393, 'Dr. Jayde Halvorson', 'hellen.mraz@example.net', '$2y$10$sJUJ6dsccPkfrifcRERxg.aTqr7.bdXsmh0w7IDuHWTcEIC7c2iFe', 'tHah29m4XH', '0', '7Or8Y8Pw7uJRuuaqZBfj1sjyyMdn3upWRYBvb4Qa', 'false', '2018-07-30 18:12:33', '2018-07-30 18:12:33'),
(394, 'Maxine Kshlerin', 'wiza.karolann@example.org', '$2y$10$sJUJ6dsccPkfrifcRERxg.aTqr7.bdXsmh0w7IDuHWTcEIC7c2iFe', 'xRIq6TS3Ac', '0', 'CYYweDQWApQHKWusnq0QhNTidMHAnWxfl1v5MJdc', 'true', '2018-07-30 18:12:33', '2018-07-30 18:12:33'),
(395, 'Chanel Gaylord DVM', 'west.aniyah@example.net', '$2y$10$sJUJ6dsccPkfrifcRERxg.aTqr7.bdXsmh0w7IDuHWTcEIC7c2iFe', 'V8GBKTy2WS', '1', NULL, 'false', '2018-07-30 18:12:33', '2018-07-30 18:12:33'),
(396, 'Willy Parker', 'roob.roxanne@example.net', '$2y$10$sJUJ6dsccPkfrifcRERxg.aTqr7.bdXsmh0w7IDuHWTcEIC7c2iFe', 'yASYkFFDqN', '1', NULL, 'true', '2018-07-30 18:12:33', '2018-07-30 18:12:33'),
(397, 'Dr. Leonard Purdy', 'richard09@example.org', '$2y$10$sJUJ6dsccPkfrifcRERxg.aTqr7.bdXsmh0w7IDuHWTcEIC7c2iFe', '2X9IDEzCiZ', '0', 'v6vrb3XLOaDBF9L8fu2semDgZZPBg7DY9oMr6umC', 'true', '2018-07-30 18:12:33', '2018-07-30 18:12:33'),
(398, 'Brian Durgan', 'gkerluke@example.com', '$2y$10$sJUJ6dsccPkfrifcRERxg.aTqr7.bdXsmh0w7IDuHWTcEIC7c2iFe', 'bgR53Cs2hX', '0', 'Ar0k8ifbUAapR8Q6sCTJPQCJ7iiVdC4wIH0mgaTp', 'true', '2018-07-30 18:12:33', '2018-07-30 18:12:33'),
(399, 'Mrs. Alisa Okuneva DVM', 'peter29@example.net', '$2y$10$sJUJ6dsccPkfrifcRERxg.aTqr7.bdXsmh0w7IDuHWTcEIC7c2iFe', 'b4MfpRsQoQ', '1', NULL, 'true', '2018-07-30 18:12:33', '2018-07-30 18:12:33'),
(400, 'Mr. Moses Stanton', 'rachael.morar@example.org', '$2y$10$sJUJ6dsccPkfrifcRERxg.aTqr7.bdXsmh0w7IDuHWTcEIC7c2iFe', 'LvOb9JgJoa', '1', NULL, 'true', '2018-07-30 18:12:33', '2018-07-30 18:12:33'),
(401, 'Wilton Pfannerstill III', 'kailyn.mosciski@example.org', '$2y$10$sJUJ6dsccPkfrifcRERxg.aTqr7.bdXsmh0w7IDuHWTcEIC7c2iFe', 'x4r00fkHXz', '1', NULL, 'true', '2018-07-30 18:12:33', '2018-07-30 18:12:33'),
(402, 'Einar Yundt', 'schmeler.kara@example.net', '$2y$10$sJUJ6dsccPkfrifcRERxg.aTqr7.bdXsmh0w7IDuHWTcEIC7c2iFe', 'ZdzEEbZHGA', '1', NULL, 'true', '2018-07-30 18:12:33', '2018-07-30 18:12:33'),
(403, 'Garrison Little', 'tbahringer@example.net', '$2y$10$sJUJ6dsccPkfrifcRERxg.aTqr7.bdXsmh0w7IDuHWTcEIC7c2iFe', 'dIMTwEt3QL', '0', 'yRtKIBjv38EOjLbIxNO1BQO3hDmjGosmchXnGaIF', 'true', '2018-07-30 18:12:33', '2018-07-30 18:12:33'),
(404, 'Green Kohler', 'arielle.pouros@example.com', '$2y$10$sJUJ6dsccPkfrifcRERxg.aTqr7.bdXsmh0w7IDuHWTcEIC7c2iFe', 'ESAMIqw02B', '1', NULL, 'false', '2018-07-30 18:12:33', '2018-07-30 18:12:33'),
(405, 'Destiney Morar', 'christine67@example.com', '$2y$10$sJUJ6dsccPkfrifcRERxg.aTqr7.bdXsmh0w7IDuHWTcEIC7c2iFe', '0REiLUyz9g', '1', NULL, 'true', '2018-07-30 18:12:33', '2018-07-30 18:12:33'),
(406, 'Dr. Vida Rath Sr.', 'abergstrom@example.com', '$2y$10$sJUJ6dsccPkfrifcRERxg.aTqr7.bdXsmh0w7IDuHWTcEIC7c2iFe', 'XgtM45V4Z1', '0', '2kFvzbuWeFlE2Ub4Dspx8XGkcoIQVeyY27lpt7XL', 'false', '2018-07-30 18:12:33', '2018-07-30 18:12:33'),
(407, 'Camron Lind Sr.', 'isobel45@example.org', '$2y$10$sJUJ6dsccPkfrifcRERxg.aTqr7.bdXsmh0w7IDuHWTcEIC7c2iFe', 'xVyffu2Sds', '0', 'fdk9RoKek989n7ngiSoZdij74p7VhGo6bmoyyKBe', 'true', '2018-07-30 18:12:34', '2018-07-30 18:12:34'),
(408, 'Alexanne Cormier', 'jacky44@example.com', '$2y$10$sJUJ6dsccPkfrifcRERxg.aTqr7.bdXsmh0w7IDuHWTcEIC7c2iFe', 'uIAJsooBwc', '1', NULL, 'false', '2018-07-30 18:12:34', '2018-07-30 18:12:34'),
(409, 'Lula Mraz', 'tkeebler@example.org', '$2y$10$sJUJ6dsccPkfrifcRERxg.aTqr7.bdXsmh0w7IDuHWTcEIC7c2iFe', 'A5uOu5NILS', '1', NULL, 'true', '2018-07-30 18:12:34', '2018-07-30 18:12:34'),
(410, 'Mike Bradtke', 'witting.claude@example.org', '$2y$10$sJUJ6dsccPkfrifcRERxg.aTqr7.bdXsmh0w7IDuHWTcEIC7c2iFe', 'BEmKAwAB7x', '0', 'v7hsKSD4P2DvfcgmTXhKeBv9JPuAgzQ0aN4A5DPL', 'true', '2018-07-30 18:12:34', '2018-07-30 18:12:34'),
(411, 'Claude Koelpin Sr.', 'reilly.andreanne@example.org', '$2y$10$sJUJ6dsccPkfrifcRERxg.aTqr7.bdXsmh0w7IDuHWTcEIC7c2iFe', 'MOixa0NvSQ', '0', '0N8An7PXNqn0KgvhegNxiim5ToA6YKkNxNvTfDxn', 'false', '2018-07-30 18:12:34', '2018-07-30 18:12:34'),
(412, 'Trycia Bergstrom', 'maverick.harber@example.org', '$2y$10$sJUJ6dsccPkfrifcRERxg.aTqr7.bdXsmh0w7IDuHWTcEIC7c2iFe', 'cweF9yZ4Ji', '1', NULL, 'true', '2018-07-30 18:12:34', '2018-07-30 18:12:34'),
(413, 'Priscilla Schinner', 'ignatius16@example.com', '$2y$10$sJUJ6dsccPkfrifcRERxg.aTqr7.bdXsmh0w7IDuHWTcEIC7c2iFe', '0ztMuu6lhM', '1', NULL, 'true', '2018-07-30 18:12:34', '2018-07-30 18:12:34'),
(414, 'Lavon Will', 'stamm.eloisa@example.net', '$2y$10$sJUJ6dsccPkfrifcRERxg.aTqr7.bdXsmh0w7IDuHWTcEIC7c2iFe', 'tJVk429Umo', '0', '43HXymmqRQb6aRQNvwjqGhuyxaNCwsVz5LyOlerO', 'false', '2018-07-30 18:12:34', '2018-07-30 18:12:34'),
(415, 'Dashawn Braun', 'crist.jeanne@example.net', '$2y$10$sJUJ6dsccPkfrifcRERxg.aTqr7.bdXsmh0w7IDuHWTcEIC7c2iFe', 'SiLqLQoogd', '1', NULL, 'true', '2018-07-30 18:12:34', '2018-07-30 18:12:34'),
(416, 'Alan Konopelski II', 'galtenwerth@example.org', '$2y$10$sJUJ6dsccPkfrifcRERxg.aTqr7.bdXsmh0w7IDuHWTcEIC7c2iFe', 'lVBZGi21zR', '0', '3mCQBdi8u0Gdw5QJCuPwqcYlfhYY2Yp46qqjAAad', 'false', '2018-07-30 18:12:34', '2018-07-30 18:12:34'),
(417, 'Justus Brekke', 'vergie.medhurst@example.org', '$2y$10$sJUJ6dsccPkfrifcRERxg.aTqr7.bdXsmh0w7IDuHWTcEIC7c2iFe', 'QVxBANznQ5', '0', '1cby6Or44DqY7a4yiHB1cIIPK1bVDwCqZDlK3NG7', 'true', '2018-07-30 18:12:34', '2018-07-30 18:12:34'),
(418, 'Patricia Feeney', 'doug00@example.com', '$2y$10$sJUJ6dsccPkfrifcRERxg.aTqr7.bdXsmh0w7IDuHWTcEIC7c2iFe', 'R9Mae0FT6q', '0', 'zfwL1pdswlqXjJTjp2zK1FmMPCUmrIOCH2ddivAW', 'true', '2018-07-30 18:12:34', '2018-07-30 18:12:34'),
(419, 'Freeman Gutmann', 'sstokes@example.com', '$2y$10$sJUJ6dsccPkfrifcRERxg.aTqr7.bdXsmh0w7IDuHWTcEIC7c2iFe', 'Qzqlwcj5bd', '0', 'rAde6xzvLRWz426K1cn2bGPn9Kp7Bi6AtfiP8Hv5', 'false', '2018-07-30 18:12:34', '2018-07-30 18:12:34'),
(420, 'Derrick Barton', 'aufderhar.ransom@example.org', '$2y$10$sJUJ6dsccPkfrifcRERxg.aTqr7.bdXsmh0w7IDuHWTcEIC7c2iFe', 'ZTrx05B5bI', '1', NULL, 'true', '2018-07-30 18:12:34', '2018-07-30 18:12:34'),
(421, 'Russ Borer Jr.', 'bwisoky@example.org', '$2y$10$sJUJ6dsccPkfrifcRERxg.aTqr7.bdXsmh0w7IDuHWTcEIC7c2iFe', '8QRNiT0pvz', '1', NULL, 'true', '2018-07-30 18:12:34', '2018-07-30 18:12:34'),
(422, 'Miss Deanna Gorczany', 'aharvey@example.com', '$2y$10$sJUJ6dsccPkfrifcRERxg.aTqr7.bdXsmh0w7IDuHWTcEIC7c2iFe', '3nKYIp0l0l', '0', 'Ub9Gd4LBT8uFVijD9kvGMtacohWYMYVpyUS0j0Rg', 'true', '2018-07-30 18:12:34', '2018-07-30 18:12:34'),
(423, 'Adriana Bashirian', 'ledner.libbie@example.com', '$2y$10$sJUJ6dsccPkfrifcRERxg.aTqr7.bdXsmh0w7IDuHWTcEIC7c2iFe', '6265e8Kpjx', '0', 'AIXWjqCYIeBKvADCkd3LKD7iTbxsp5REhAt7o60v', 'true', '2018-07-30 18:12:34', '2018-07-30 18:12:34'),
(424, 'Stephania Berge', 'abahringer@example.org', '$2y$10$sJUJ6dsccPkfrifcRERxg.aTqr7.bdXsmh0w7IDuHWTcEIC7c2iFe', 'lunD22vSMi', '1', NULL, 'true', '2018-07-30 18:12:34', '2018-07-30 18:12:34'),
(425, 'Prof. Jean Schinner', 'thea94@example.net', '$2y$10$sJUJ6dsccPkfrifcRERxg.aTqr7.bdXsmh0w7IDuHWTcEIC7c2iFe', 'nBXAVLaJPo', '0', '4mEoXEBI7f1yYvaJJ89eDSRIfx8TQPIkXD35atCs', 'false', '2018-07-30 18:12:34', '2018-07-30 18:12:34'),
(426, 'Zack Auer', 'ykerluke@example.org', '$2y$10$sJUJ6dsccPkfrifcRERxg.aTqr7.bdXsmh0w7IDuHWTcEIC7c2iFe', 'WLzibPUroY', '1', NULL, 'true', '2018-07-30 18:12:34', '2018-07-30 18:12:34'),
(427, 'Sister Cole', 'ybatz@example.com', '$2y$10$sJUJ6dsccPkfrifcRERxg.aTqr7.bdXsmh0w7IDuHWTcEIC7c2iFe', 'Zuq05vlGDP', '1', NULL, 'true', '2018-07-30 18:12:34', '2018-07-30 18:12:34'),
(428, 'Wendell Larson', 'kunze.minerva@example.com', '$2y$10$sJUJ6dsccPkfrifcRERxg.aTqr7.bdXsmh0w7IDuHWTcEIC7c2iFe', 'ZY2FtO3ClK', '0', '0Gp7jzGTiR1jBKWC2z1pgt41V4laUcCsvYkdDF69', 'true', '2018-07-30 18:12:34', '2018-07-30 18:12:34'),
(429, 'Trever Bailey', 'marcelo.harvey@example.org', '$2y$10$sJUJ6dsccPkfrifcRERxg.aTqr7.bdXsmh0w7IDuHWTcEIC7c2iFe', 'hCGa9jbOCD', '1', NULL, 'true', '2018-07-30 18:12:34', '2018-07-30 18:12:34'),
(430, 'Ms. Heidi Jakubowski II', 'ahowell@example.org', '$2y$10$sJUJ6dsccPkfrifcRERxg.aTqr7.bdXsmh0w7IDuHWTcEIC7c2iFe', 'uoNQD9TLvg', '1', NULL, 'false', '2018-07-30 18:12:34', '2018-07-30 18:12:34'),
(431, 'Nils Bosco MD', 'jaren68@example.com', '$2y$10$sJUJ6dsccPkfrifcRERxg.aTqr7.bdXsmh0w7IDuHWTcEIC7c2iFe', 'O5pxzWEzgS', '1', NULL, 'false', '2018-07-30 18:12:34', '2018-07-30 18:12:34'),
(432, 'Dr. Irwin Satterfield Jr.', 'rylan.hand@example.net', '$2y$10$sJUJ6dsccPkfrifcRERxg.aTqr7.bdXsmh0w7IDuHWTcEIC7c2iFe', 'zY0NBbcH8M', '0', 'JafaPO9Knb96Bnc5KBcssU3d9q1CVSPOVUTcQYfb', 'false', '2018-07-30 18:12:34', '2018-07-30 18:12:34'),
(433, 'Prof. Reid Medhurst', 'walter87@example.com', '$2y$10$sJUJ6dsccPkfrifcRERxg.aTqr7.bdXsmh0w7IDuHWTcEIC7c2iFe', 'QcKsShNoKE', '0', 'siYbMnPE1O9K1GlZHi96CbfRZWVtUxcmbCkOA1iD', 'false', '2018-07-30 18:12:34', '2018-07-30 18:12:34'),
(434, 'Aryanna Hickle', 'stehr.vivian@example.net', '$2y$10$sJUJ6dsccPkfrifcRERxg.aTqr7.bdXsmh0w7IDuHWTcEIC7c2iFe', 'AxL4nKXKZB', '1', NULL, 'true', '2018-07-30 18:12:34', '2018-07-30 18:12:34'),
(435, 'Mr. Greyson Brakus PhD', 'jamarcus.baumbach@example.org', '$2y$10$sJUJ6dsccPkfrifcRERxg.aTqr7.bdXsmh0w7IDuHWTcEIC7c2iFe', 'DVkPrVqs3H', '0', 'nTpcDr4Cbd36QY5m5SuTrxOdCWB5LyIjunm8wj7Z', 'true', '2018-07-30 18:12:34', '2018-07-30 18:12:34'),
(436, 'Kennith Yost I', 'abbott.alexandre@example.net', '$2y$10$sJUJ6dsccPkfrifcRERxg.aTqr7.bdXsmh0w7IDuHWTcEIC7c2iFe', '6hAq3V230v', '0', 'WFFcHK1OqAoSrRmjU0kKqf2FECPxkd7HaEG9Y2wF', 'true', '2018-07-30 18:12:34', '2018-07-30 18:12:34'),
(437, 'Branson Huel', 'myrtice.grant@example.org', '$2y$10$sJUJ6dsccPkfrifcRERxg.aTqr7.bdXsmh0w7IDuHWTcEIC7c2iFe', '1qDMoKz5VA', '0', 'H0BrdiCuUbMsGmkVoboQzsIsNFW6OlMCwGKb8Cge', 'true', '2018-07-30 18:12:34', '2018-07-30 18:12:34'),
(438, 'Dr. Jaylan Volkman', 'ihane@example.org', '$2y$10$sJUJ6dsccPkfrifcRERxg.aTqr7.bdXsmh0w7IDuHWTcEIC7c2iFe', 'cKmkyRqGQc', '0', 'pgTXvaUzIkZCJzEyxFc7cKjBlmfIDegGyvrjWNHP', 'false', '2018-07-30 18:12:34', '2018-07-30 18:12:34'),
(439, 'Darrell Boyle', 'mfunk@example.org', '$2y$10$sJUJ6dsccPkfrifcRERxg.aTqr7.bdXsmh0w7IDuHWTcEIC7c2iFe', 'ZJ25lPYUD3', '0', 'BGKTDv1szBI6wJ6WIM3lJFpXehmOLvWO1EfPnEUG', 'false', '2018-07-30 18:12:34', '2018-07-30 18:12:34'),
(440, 'Prof. Bryon Hyatt DVM', 'candido55@example.com', '$2y$10$sJUJ6dsccPkfrifcRERxg.aTqr7.bdXsmh0w7IDuHWTcEIC7c2iFe', 'KIwjtHZkGm', '1', NULL, 'false', '2018-07-30 18:12:34', '2018-07-30 18:12:34'),
(441, 'Joshuah Koepp', 'green.loma@example.com', '$2y$10$sJUJ6dsccPkfrifcRERxg.aTqr7.bdXsmh0w7IDuHWTcEIC7c2iFe', '62G8BvLwjq', '1', NULL, 'false', '2018-07-30 18:12:34', '2018-07-30 18:12:34'),
(442, 'Ewald Gleason', 'gleichner.taurean@example.org', '$2y$10$sJUJ6dsccPkfrifcRERxg.aTqr7.bdXsmh0w7IDuHWTcEIC7c2iFe', 'KDG43HDYHT', '1', NULL, 'false', '2018-07-30 18:12:34', '2018-07-30 18:12:34'),
(443, 'Natalia Waelchi', 'celestino43@example.org', '$2y$10$sJUJ6dsccPkfrifcRERxg.aTqr7.bdXsmh0w7IDuHWTcEIC7c2iFe', '9NQCm7yGKr', '1', NULL, 'true', '2018-07-30 18:12:34', '2018-07-30 18:12:34'),
(444, 'Prof. Marcel Welch IV', 'felton.nienow@example.com', '$2y$10$sJUJ6dsccPkfrifcRERxg.aTqr7.bdXsmh0w7IDuHWTcEIC7c2iFe', 'FEtmhi0f7l', '1', NULL, 'true', '2018-07-30 18:12:34', '2018-07-30 18:12:34'),
(445, 'Wilhelmine Eichmann', 'noemy09@example.com', '$2y$10$sJUJ6dsccPkfrifcRERxg.aTqr7.bdXsmh0w7IDuHWTcEIC7c2iFe', 'MFbaLXffhV', '1', NULL, 'false', '2018-07-30 18:12:35', '2018-07-30 18:12:35'),
(446, 'Anais Bechtelar MD', 'eliza.king@example.com', '$2y$10$sJUJ6dsccPkfrifcRERxg.aTqr7.bdXsmh0w7IDuHWTcEIC7c2iFe', 'IbKDqb85Df', '0', 'Po3bFcaser4MbH7IS8zyPiIKwGOKx12F5m1duZRq', 'true', '2018-07-30 18:12:35', '2018-07-30 18:12:35'),
(447, 'Jonas Walsh', 'rhea61@example.net', '$2y$10$sJUJ6dsccPkfrifcRERxg.aTqr7.bdXsmh0w7IDuHWTcEIC7c2iFe', 'tMJod7WKbj', '1', NULL, 'true', '2018-07-30 18:12:35', '2018-07-30 18:12:35'),
(448, 'Leone Thompson', 'xcassin@example.org', '$2y$10$sJUJ6dsccPkfrifcRERxg.aTqr7.bdXsmh0w7IDuHWTcEIC7c2iFe', '0y9fY2F9T9', '0', 'cv5D0TGxJYdfhe15n16N4wGq7JM4ETpBNtc3Z5qL', 'false', '2018-07-30 18:12:35', '2018-07-30 18:12:35'),
(449, 'Sophia Bode', 'ctowne@example.com', '$2y$10$sJUJ6dsccPkfrifcRERxg.aTqr7.bdXsmh0w7IDuHWTcEIC7c2iFe', 'mijToQSr7s', '0', 'yjYt8I3duR4KM30tXxTDq7hJbwGeMSjapWmjctx6', 'false', '2018-07-30 18:12:35', '2018-07-30 18:12:35'),
(450, 'Mckayla Fadel', 'yost.lorna@example.net', '$2y$10$sJUJ6dsccPkfrifcRERxg.aTqr7.bdXsmh0w7IDuHWTcEIC7c2iFe', '1zy6lb5jJC', '1', NULL, 'false', '2018-07-30 18:12:35', '2018-07-30 18:12:35'),
(451, 'Mafalda Schumm', 'huels.giovani@example.org', '$2y$10$sJUJ6dsccPkfrifcRERxg.aTqr7.bdXsmh0w7IDuHWTcEIC7c2iFe', '37ZjUppAor', '0', 'er1QdEpbZ7l7E9ChA0bU56mUG9Y95lAPK8AU2s4e', 'true', '2018-07-30 18:12:35', '2018-07-30 18:12:35'),
(452, 'Narciso Ebert', 'skiles.cheyanne@example.com', '$2y$10$sJUJ6dsccPkfrifcRERxg.aTqr7.bdXsmh0w7IDuHWTcEIC7c2iFe', 'oJmjSBPKqy', '0', 'DXXdZbqKFskX90vUzHsDQsNSNtKGtot7KIYEMjfM', 'true', '2018-07-30 18:12:35', '2018-07-30 18:12:35'),
(453, 'Dr. Alverta Schmidt DDS', 'river32@example.net', '$2y$10$sJUJ6dsccPkfrifcRERxg.aTqr7.bdXsmh0w7IDuHWTcEIC7c2iFe', 'ai6o6gtP1L', '0', 'LYBcYZbYjwPkZ3Ti82Nt0tVO2nyovAAydy9EcyiN', 'true', '2018-07-30 18:12:35', '2018-07-30 18:12:35'),
(454, 'Estel Koch', 'elva88@example.net', '$2y$10$sJUJ6dsccPkfrifcRERxg.aTqr7.bdXsmh0w7IDuHWTcEIC7c2iFe', 'CBjmnjNPHL', '0', 'Fs3kD0SIt57C5mbLiFsel3PyylqZW2DyNStiFLBq', 'true', '2018-07-30 18:12:35', '2018-07-30 18:12:35'),
(455, 'Prof. Jermain Shields I', 'rossie.hahn@example.net', '$2y$10$sJUJ6dsccPkfrifcRERxg.aTqr7.bdXsmh0w7IDuHWTcEIC7c2iFe', 'nn2NKgdvQs', '0', 'R2EaGjtjIRPfeO0TeBTwlXppf70ZYcrA5A9CLy80', 'true', '2018-07-30 18:12:35', '2018-07-30 18:12:35'),
(456, 'Jedidiah Prosacco', 'moses.christiansen@example.org', '$2y$10$sJUJ6dsccPkfrifcRERxg.aTqr7.bdXsmh0w7IDuHWTcEIC7c2iFe', 'RYhGHILYK0', '0', '51uAM6PiM80u8s0creSXCEV51pCn5Jz74L0FLs7D', 'true', '2018-07-30 18:12:35', '2018-07-30 18:12:35'),
(457, 'Lenny Dibbert', 'mayert.aida@example.org', '$2y$10$sJUJ6dsccPkfrifcRERxg.aTqr7.bdXsmh0w7IDuHWTcEIC7c2iFe', '49pcTZdx5B', '0', 'hiZ8kX8hoGKVNcrXb3xZ1pj2PjVGomW0h1ccChZs', 'true', '2018-07-30 18:12:35', '2018-07-30 18:12:35'),
(458, 'Prof. Wiley Pouros', 'uferry@example.org', '$2y$10$sJUJ6dsccPkfrifcRERxg.aTqr7.bdXsmh0w7IDuHWTcEIC7c2iFe', '85jYtQs9Ip', '1', NULL, 'true', '2018-07-30 18:12:35', '2018-07-30 18:12:35'),
(459, 'Luther Zulauf DDS', 'walsh.antonio@example.net', '$2y$10$sJUJ6dsccPkfrifcRERxg.aTqr7.bdXsmh0w7IDuHWTcEIC7c2iFe', 'uD5B08BDZA', '1', NULL, 'false', '2018-07-30 18:12:35', '2018-07-30 18:12:35'),
(460, 'Mr. Rylan King', 'carmella.konopelski@example.net', '$2y$10$sJUJ6dsccPkfrifcRERxg.aTqr7.bdXsmh0w7IDuHWTcEIC7c2iFe', 'qdlysMCErW', '1', NULL, 'false', '2018-07-30 18:12:35', '2018-07-30 18:12:35'),
(461, 'Haylie Keeling DDS', 'rrolfson@example.org', '$2y$10$sJUJ6dsccPkfrifcRERxg.aTqr7.bdXsmh0w7IDuHWTcEIC7c2iFe', 'tslx69IPl4', '0', 'wKellv86RZsbh2YIh0l2dGZShN1ZojHRoF4uSlRa', 'true', '2018-07-30 18:12:35', '2018-07-30 18:12:35'),
(462, 'Kenna Brakus III', 'ygibson@example.com', '$2y$10$sJUJ6dsccPkfrifcRERxg.aTqr7.bdXsmh0w7IDuHWTcEIC7c2iFe', 'XQRlrLxGAc', '1', NULL, 'false', '2018-07-30 18:12:35', '2018-07-30 18:12:35'),
(463, 'Amya Stroman', 'lakin.horacio@example.com', '$2y$10$sJUJ6dsccPkfrifcRERxg.aTqr7.bdXsmh0w7IDuHWTcEIC7c2iFe', 'mE2jqbgBsw', '0', 'BYjZ82tjdkayygfhuVCprupvrGZbQPI8o6nhoJ1m', 'true', '2018-07-30 18:12:35', '2018-07-30 18:12:35'),
(464, 'Ms. Alycia Kozey IV', 'justice32@example.org', '$2y$10$sJUJ6dsccPkfrifcRERxg.aTqr7.bdXsmh0w7IDuHWTcEIC7c2iFe', 'RMK5USyLMa', '0', 'ZJNWDIfCRLE6JdJhnXyiYQPQ22aXP7qUAOF7yzjK', 'true', '2018-07-30 18:12:35', '2018-07-30 18:12:35');
INSERT INTO `users` (`id`, `name`, `email`, `password`, `remember_token`, `verified`, `verified_token`, `admin`, `created_at`, `updated_at`) VALUES
(465, 'Mortimer Smitham', 'rwillms@example.com', '$2y$10$sJUJ6dsccPkfrifcRERxg.aTqr7.bdXsmh0w7IDuHWTcEIC7c2iFe', 'WEqepaiqGX', '1', NULL, 'true', '2018-07-30 18:12:35', '2018-07-30 18:12:35'),
(466, 'Lessie Konopelski', 'bradtke.elbert@example.com', '$2y$10$sJUJ6dsccPkfrifcRERxg.aTqr7.bdXsmh0w7IDuHWTcEIC7c2iFe', 'QlBwHd9byK', '1', NULL, 'true', '2018-07-30 18:12:35', '2018-07-30 18:12:35'),
(467, 'Rasheed Will', 'emmerich.bobbie@example.org', '$2y$10$sJUJ6dsccPkfrifcRERxg.aTqr7.bdXsmh0w7IDuHWTcEIC7c2iFe', 'Xo4b5tb0DM', '0', 'ohxftHAWU8bguvv3nOlu0Qo3L57Uj1NlaiYF10J2', 'false', '2018-07-30 18:12:35', '2018-07-30 18:12:35'),
(468, 'Dr. Trent Bogan Jr.', 'mschmitt@example.org', '$2y$10$sJUJ6dsccPkfrifcRERxg.aTqr7.bdXsmh0w7IDuHWTcEIC7c2iFe', 'ShyzDSJL5F', '0', 'lsOPg3awJmtSFCZWyPeGhDQue2e6OpreBEfFq2mm', 'true', '2018-07-30 18:12:35', '2018-07-30 18:12:35'),
(469, 'Prof. Lyla Reichel IV', 'marielle51@example.com', '$2y$10$sJUJ6dsccPkfrifcRERxg.aTqr7.bdXsmh0w7IDuHWTcEIC7c2iFe', 'rociLhLv9e', '0', 'SmMTpfO7ACbba3n88hiX5jBrK8xwEemi3vJhRrSF', 'false', '2018-07-30 18:12:35', '2018-07-30 18:12:35'),
(470, 'Tristin Gulgowski Jr.', 'hahn.madisyn@example.com', '$2y$10$sJUJ6dsccPkfrifcRERxg.aTqr7.bdXsmh0w7IDuHWTcEIC7c2iFe', 'rsdtVTqy8C', '1', NULL, 'true', '2018-07-30 18:12:35', '2018-07-30 18:12:35'),
(471, 'Jovanny Bahringer', 'antwon65@example.org', '$2y$10$sJUJ6dsccPkfrifcRERxg.aTqr7.bdXsmh0w7IDuHWTcEIC7c2iFe', 'mnum2Msak3', '0', 'i2Bm3xgCcfkeB5WzIBihUe6plvyfTQsL6XK7FnY7', 'true', '2018-07-30 18:12:35', '2018-07-30 18:12:35'),
(472, 'Moshe McGlynn', 'britney.dickinson@example.com', '$2y$10$sJUJ6dsccPkfrifcRERxg.aTqr7.bdXsmh0w7IDuHWTcEIC7c2iFe', '0w3zO7N3oa', '1', NULL, 'false', '2018-07-30 18:12:35', '2018-07-30 18:12:35'),
(473, 'Dr. Abraham Crist', 'eldridge.oconnell@example.net', '$2y$10$sJUJ6dsccPkfrifcRERxg.aTqr7.bdXsmh0w7IDuHWTcEIC7c2iFe', 'TqVlG8g3HF', '0', 'bKkeAkbFoecephKt8GFMKRHWLzKqZMflAs2TLjiY', 'true', '2018-07-30 18:12:35', '2018-07-30 18:12:35'),
(474, 'Jada Brown', 'lueilwitz.terrance@example.com', '$2y$10$sJUJ6dsccPkfrifcRERxg.aTqr7.bdXsmh0w7IDuHWTcEIC7c2iFe', 'UUfwXcYGO8', '1', NULL, 'true', '2018-07-30 18:12:35', '2018-07-30 18:12:35'),
(475, 'Mollie Davis Sr.', 'freida.bahringer@example.com', '$2y$10$sJUJ6dsccPkfrifcRERxg.aTqr7.bdXsmh0w7IDuHWTcEIC7c2iFe', '93shiSIP9k', '0', 'Kf95MSTyvHAbyAgVgEPlBWJ7T2oGblMEGOlfzogX', 'true', '2018-07-30 18:12:35', '2018-07-30 18:12:35'),
(476, 'Alaina Prosacco', 'qgraham@example.org', '$2y$10$sJUJ6dsccPkfrifcRERxg.aTqr7.bdXsmh0w7IDuHWTcEIC7c2iFe', '4jVkgBf9rY', '1', NULL, 'false', '2018-07-30 18:12:35', '2018-07-30 18:12:35'),
(477, 'Prof. Andreanne Strosin IV', 'kirlin.clementine@example.com', '$2y$10$sJUJ6dsccPkfrifcRERxg.aTqr7.bdXsmh0w7IDuHWTcEIC7c2iFe', 'jLY19qEbm3', '0', 'nggDela9xYbzR0zJAQGIDXVGkVstEsP3aSYF3SQO', 'true', '2018-07-30 18:12:35', '2018-07-30 18:12:35'),
(478, 'Chelsie Crona', 'abel.koepp@example.com', '$2y$10$sJUJ6dsccPkfrifcRERxg.aTqr7.bdXsmh0w7IDuHWTcEIC7c2iFe', 'kydPipP8gB', '1', NULL, 'true', '2018-07-30 18:12:35', '2018-07-30 18:12:35'),
(479, 'Amely Harber', 'nils80@example.com', '$2y$10$sJUJ6dsccPkfrifcRERxg.aTqr7.bdXsmh0w7IDuHWTcEIC7c2iFe', 'XRtbf2tvJZ', '0', 'qoKU9lg8XDDtDJpUbtlv5gcU0BFXaaJq3qydp2YB', 'true', '2018-07-30 18:12:35', '2018-07-30 18:12:35'),
(480, 'Ella Trantow', 'nasir.johns@example.com', '$2y$10$sJUJ6dsccPkfrifcRERxg.aTqr7.bdXsmh0w7IDuHWTcEIC7c2iFe', '5TuKRl2rsO', '0', 'WQNEwGEIwhFtscSkCaRsiIuYqUhncjAH5kllwCP2', 'true', '2018-07-30 18:12:35', '2018-07-30 18:12:35'),
(481, 'Moses Hansen DVM', 'keshaun.hane@example.net', '$2y$10$sJUJ6dsccPkfrifcRERxg.aTqr7.bdXsmh0w7IDuHWTcEIC7c2iFe', 'XXDXqrIhUK', '0', '7IRjI4AxiV0IAORMR0xhOMo0FEpqmzgVlddod3AT', 'false', '2018-07-30 18:12:35', '2018-07-30 18:12:35'),
(482, 'Sofia Rowe', 'valtenwerth@example.com', '$2y$10$sJUJ6dsccPkfrifcRERxg.aTqr7.bdXsmh0w7IDuHWTcEIC7c2iFe', 'pcD6JgrRA3', '0', 'Tr9G4FD21yH3A6gWmybjaDJtjBRa0mTtADS1jyev', 'true', '2018-07-30 18:12:35', '2018-07-30 18:12:35'),
(483, 'Tabitha Baumbach', 'winston42@example.org', '$2y$10$sJUJ6dsccPkfrifcRERxg.aTqr7.bdXsmh0w7IDuHWTcEIC7c2iFe', 'vco5cjwAA9', '0', '8z5Qrw5IXG4nvvn9FboHuyjbqzOZk1rudcRabmt3', 'false', '2018-07-30 18:12:35', '2018-07-30 18:12:35'),
(484, 'Miss Jayne Breitenberg', 'lexus53@example.com', '$2y$10$sJUJ6dsccPkfrifcRERxg.aTqr7.bdXsmh0w7IDuHWTcEIC7c2iFe', '9EAvrb0iAK', '0', 'wrJ01hlstEmnwWxQsvcg7he3QjSRKYSq0Z0fNXuX', 'true', '2018-07-30 18:12:35', '2018-07-30 18:12:35'),
(485, 'Mr. Houston Schuster V', 'hollie.gutmann@example.com', '$2y$10$sJUJ6dsccPkfrifcRERxg.aTqr7.bdXsmh0w7IDuHWTcEIC7c2iFe', '3GrX9awr4Q', '0', 'vDrkkyqfyH1Rt7jCsIhytghd9ZCicbTTzY5g4sIc', 'false', '2018-07-30 18:12:36', '2018-07-30 18:12:36'),
(486, 'Mrs. Rhoda Dietrich DVM', 'myrtice02@example.org', '$2y$10$sJUJ6dsccPkfrifcRERxg.aTqr7.bdXsmh0w7IDuHWTcEIC7c2iFe', 'yFTQS9ifRn', '1', NULL, 'true', '2018-07-30 18:12:36', '2018-07-30 18:12:36'),
(487, 'Ms. Shaylee Rodriguez', 'walter.keith@example.org', '$2y$10$sJUJ6dsccPkfrifcRERxg.aTqr7.bdXsmh0w7IDuHWTcEIC7c2iFe', '5YG3aOBzhF', '1', NULL, 'true', '2018-07-30 18:12:36', '2018-07-30 18:12:36'),
(488, 'Sarina Brakus IV', 'dane.gulgowski@example.org', '$2y$10$sJUJ6dsccPkfrifcRERxg.aTqr7.bdXsmh0w7IDuHWTcEIC7c2iFe', 'i8WJRZiR1a', '1', NULL, 'false', '2018-07-30 18:12:36', '2018-07-30 18:12:36'),
(489, 'Alejandra Greenfelder', 'alexandro28@example.net', '$2y$10$sJUJ6dsccPkfrifcRERxg.aTqr7.bdXsmh0w7IDuHWTcEIC7c2iFe', 'xkrltjsahi', '0', 'v7WV0Gwe7GbaSA0lRk6fonHnKMyA0JSMmUz4d7r9', 'true', '2018-07-30 18:12:36', '2018-07-30 18:12:36'),
(490, 'Yessenia Turner', 'hilma00@example.org', '$2y$10$sJUJ6dsccPkfrifcRERxg.aTqr7.bdXsmh0w7IDuHWTcEIC7c2iFe', 'NvueNqCxZP', '1', NULL, 'true', '2018-07-30 18:12:36', '2018-07-30 18:12:36'),
(491, 'Devan Gleichner', 'bernice00@example.org', '$2y$10$sJUJ6dsccPkfrifcRERxg.aTqr7.bdXsmh0w7IDuHWTcEIC7c2iFe', 'f26P3yaAUL', '1', NULL, 'true', '2018-07-30 18:12:36', '2018-07-30 18:12:36'),
(492, 'Miss Rosalind Reichert DDS', 'brendon56@example.org', '$2y$10$sJUJ6dsccPkfrifcRERxg.aTqr7.bdXsmh0w7IDuHWTcEIC7c2iFe', 'k5kXV63v3i', '0', 'i7kZY3wIpxTJOnB2X1CpFsJiDKMkuvUs9ebrOK2r', 'false', '2018-07-30 18:12:36', '2018-07-30 18:12:36'),
(493, 'Rosina Powlowski', 'vfadel@example.com', '$2y$10$sJUJ6dsccPkfrifcRERxg.aTqr7.bdXsmh0w7IDuHWTcEIC7c2iFe', 'QgwAGorI1F', '0', 'MketDuHEDX4d8FkMapfSSfUAVmUOVTpt2jsnHElz', 'true', '2018-07-30 18:12:36', '2018-07-30 18:12:36'),
(494, 'Prof. Ayden Collins', 'tremaine.prohaska@example.net', '$2y$10$sJUJ6dsccPkfrifcRERxg.aTqr7.bdXsmh0w7IDuHWTcEIC7c2iFe', 'rYmHwRsIgt', '0', 'PKrwYO05R8xHKEFew3X0USv3AIrtSQTC5ctnIXHD', 'true', '2018-07-30 18:12:36', '2018-07-30 18:12:36'),
(495, 'Dr. Chelsea Herman II', 'dayna.oconner@example.net', '$2y$10$sJUJ6dsccPkfrifcRERxg.aTqr7.bdXsmh0w7IDuHWTcEIC7c2iFe', 'qBULTsNjgt', '1', NULL, 'false', '2018-07-30 18:12:36', '2018-07-30 18:12:36'),
(496, 'Vivienne Botsford', 'ismael38@example.net', '$2y$10$sJUJ6dsccPkfrifcRERxg.aTqr7.bdXsmh0w7IDuHWTcEIC7c2iFe', 'B1Uni5QXM3', '1', NULL, 'false', '2018-07-30 18:12:36', '2018-07-30 18:12:36'),
(497, 'Mr. Arvel Labadie Sr.', 'qbosco@example.com', '$2y$10$sJUJ6dsccPkfrifcRERxg.aTqr7.bdXsmh0w7IDuHWTcEIC7c2iFe', 'mXMnMTUCtQ', '1', NULL, 'true', '2018-07-30 18:12:36', '2018-07-30 18:12:36'),
(498, 'Gust Vandervort', 'rcremin@example.net', '$2y$10$sJUJ6dsccPkfrifcRERxg.aTqr7.bdXsmh0w7IDuHWTcEIC7c2iFe', 'Eer2nNnNQl', '0', 'PQRVH9mYH15IMzlA7EpHE8PpJJrHrTKA2mr1A2ZZ', 'true', '2018-07-30 18:12:36', '2018-07-30 18:12:36'),
(499, 'Shaniya Moore', 'emmerich.stephany@example.net', '$2y$10$sJUJ6dsccPkfrifcRERxg.aTqr7.bdXsmh0w7IDuHWTcEIC7c2iFe', 'nhJvR69YyX', '0', 'TwyWyM9wwKX4gZdMOMer3aLaMQc0lWs86DH4mL5Q', 'true', '2018-07-30 18:12:36', '2018-07-30 18:12:36'),
(500, 'Gilda Cronin', 'karen67@example.org', '$2y$10$sJUJ6dsccPkfrifcRERxg.aTqr7.bdXsmh0w7IDuHWTcEIC7c2iFe', 'pkf3hERUGL', '0', 'QHhvXnXRSbCXbkLfHEJoqw9viBwKxLPBkqZAS3O3', 'true', '2018-07-30 18:12:36', '2018-07-30 18:12:36'),
(501, 'Miss Carissa Johnston', 'johnson.lulu@example.net', '$2y$10$sJUJ6dsccPkfrifcRERxg.aTqr7.bdXsmh0w7IDuHWTcEIC7c2iFe', 'bHq3MiJzyi', '1', NULL, 'true', '2018-07-30 18:12:36', '2018-07-30 18:12:36'),
(502, 'Antone Schamberger', 'lilyan.predovic@example.org', '$2y$10$sJUJ6dsccPkfrifcRERxg.aTqr7.bdXsmh0w7IDuHWTcEIC7c2iFe', 'x6vghDvaRc', '0', '1UW6NlFRJB77pJp8UYJJJrckXAzbVXBL24ythgNB', 'true', '2018-07-30 18:12:36', '2018-07-30 18:12:36'),
(503, 'Britney Lemke', 'parker85@example.org', '$2y$10$sJUJ6dsccPkfrifcRERxg.aTqr7.bdXsmh0w7IDuHWTcEIC7c2iFe', '0SdWcKW5v8', '0', 'OHX2yWe8iuV1mkL36isNmw7nBEm5T2NA3FbXkz7j', 'true', '2018-07-30 18:12:36', '2018-07-30 18:12:36'),
(504, 'Jaida Anderson', 'lindsey.jacobi@example.com', '$2y$10$sJUJ6dsccPkfrifcRERxg.aTqr7.bdXsmh0w7IDuHWTcEIC7c2iFe', 'uAx7BxOavV', '0', 'uux7Zy4gUmJcqMYQz1TQ1En15LIRGaRXNDkc4K6l', 'true', '2018-07-30 18:12:36', '2018-07-30 18:12:36'),
(505, 'Destany Walker', 'ohintz@example.net', '$2y$10$sJUJ6dsccPkfrifcRERxg.aTqr7.bdXsmh0w7IDuHWTcEIC7c2iFe', 'kPybzGzXn2', '1', NULL, 'true', '2018-07-30 18:12:36', '2018-07-30 18:12:36'),
(506, 'Dr. Chadrick Walker', 'berneice.weimann@example.org', '$2y$10$sJUJ6dsccPkfrifcRERxg.aTqr7.bdXsmh0w7IDuHWTcEIC7c2iFe', 'K518roji7l', '1', NULL, 'false', '2018-07-30 18:12:36', '2018-07-30 18:12:36'),
(507, 'Delia Borer IV', 'vzemlak@example.org', '$2y$10$sJUJ6dsccPkfrifcRERxg.aTqr7.bdXsmh0w7IDuHWTcEIC7c2iFe', 'zHaI1GoxpK', '0', '6C9nVKZ1YChXeXE3oum7t2Rnyf6Tq58l2UVa7WRR', 'true', '2018-07-30 18:12:36', '2018-07-30 18:12:36'),
(508, 'Dereck Reichel II', 'gay.schuppe@example.org', '$2y$10$sJUJ6dsccPkfrifcRERxg.aTqr7.bdXsmh0w7IDuHWTcEIC7c2iFe', 'ZrwUkmfQz5', '0', 'N44KWP2XwtvhxszfNmbASJT1LwPnjGYLAW8Agi19', 'false', '2018-07-30 18:12:36', '2018-07-30 18:12:36'),
(509, 'Sasha Shanahan', 'clemmie.heaney@example.net', '$2y$10$sJUJ6dsccPkfrifcRERxg.aTqr7.bdXsmh0w7IDuHWTcEIC7c2iFe', 'O5fyfAxcrm', '0', 'oi8oc62luhkRV0aBD0r2XUjRdLHlqdb1IIOaE97L', 'false', '2018-07-30 18:12:36', '2018-07-30 18:12:36'),
(510, 'Mark Anderson', 'stacy48@example.org', '$2y$10$sJUJ6dsccPkfrifcRERxg.aTqr7.bdXsmh0w7IDuHWTcEIC7c2iFe', 'eIeHXkSYhZ', '1', NULL, 'false', '2018-07-30 18:12:36', '2018-07-30 18:12:36'),
(511, 'Prof. Darrick Murazik PhD', 'orval.west@example.net', '$2y$10$sJUJ6dsccPkfrifcRERxg.aTqr7.bdXsmh0w7IDuHWTcEIC7c2iFe', 'rRMEUSPdHB', '1', NULL, 'true', '2018-07-30 18:12:36', '2018-07-30 18:12:36'),
(512, 'Lucile Watsica I', 'volkman.arthur@example.org', '$2y$10$sJUJ6dsccPkfrifcRERxg.aTqr7.bdXsmh0w7IDuHWTcEIC7c2iFe', '2Z7NhDYAJi', '1', NULL, 'false', '2018-07-30 18:12:36', '2018-07-30 18:12:36'),
(513, 'Bennett Leffler', 'dhermann@example.com', '$2y$10$sJUJ6dsccPkfrifcRERxg.aTqr7.bdXsmh0w7IDuHWTcEIC7c2iFe', 'yyneMQM2kA', '0', 'vB0qUpW3ASC3qJZMz0DMWewWPJYXmQEtB4MGHYS1', 'false', '2018-07-30 18:12:36', '2018-07-30 18:12:36'),
(514, 'Dr. Vicente Schuppe I', 'gibson.lowell@example.com', '$2y$10$sJUJ6dsccPkfrifcRERxg.aTqr7.bdXsmh0w7IDuHWTcEIC7c2iFe', 'odnit3wreq', '1', NULL, 'true', '2018-07-30 18:12:36', '2018-07-30 18:12:36'),
(515, 'Damien Hirthe', 'vidal.schaden@example.com', '$2y$10$sJUJ6dsccPkfrifcRERxg.aTqr7.bdXsmh0w7IDuHWTcEIC7c2iFe', 'zvZjQaKTAZ', '1', NULL, 'false', '2018-07-30 18:12:36', '2018-07-30 18:12:36'),
(516, 'Dora Hauck', 'marley26@example.com', '$2y$10$sJUJ6dsccPkfrifcRERxg.aTqr7.bdXsmh0w7IDuHWTcEIC7c2iFe', '3xsigVYtaA', '1', NULL, 'false', '2018-07-30 18:12:36', '2018-07-30 18:12:36'),
(517, 'Kyle Klein', 'shanahan.kamron@example.net', '$2y$10$sJUJ6dsccPkfrifcRERxg.aTqr7.bdXsmh0w7IDuHWTcEIC7c2iFe', 'gD85vOHlWF', '0', '2MVB70c3vLoGLGJ11FX1hmtPLJUL2ZGn3sO9Daky', 'true', '2018-07-30 18:12:37', '2018-07-30 18:12:37'),
(518, 'Jeanne Heathcote', 'jordan45@example.com', '$2y$10$sJUJ6dsccPkfrifcRERxg.aTqr7.bdXsmh0w7IDuHWTcEIC7c2iFe', 'TqfsuqsSCY', '1', NULL, 'true', '2018-07-30 18:12:37', '2018-07-30 18:12:37'),
(519, 'Miss Lupe Dicki', 'qquitzon@example.com', '$2y$10$sJUJ6dsccPkfrifcRERxg.aTqr7.bdXsmh0w7IDuHWTcEIC7c2iFe', 'zjWxngMlyU', '0', 'ZL088BhA1CkMeExJrsjNcif9bgFPjBQTfTuRaoSS', 'false', '2018-07-30 18:12:37', '2018-07-30 18:12:37'),
(520, 'Dr. Monte Baumbach', 'luz24@example.com', '$2y$10$sJUJ6dsccPkfrifcRERxg.aTqr7.bdXsmh0w7IDuHWTcEIC7c2iFe', 'dKQ3pEUQD4', '0', 'LIX3qHo5HRPK4plteGKmz31xYu0Z8P1dHzxsTKxc', 'false', '2018-07-30 18:12:37', '2018-07-30 18:12:37'),
(521, 'Eli Becker Jr.', 'nbotsford@example.net', '$2y$10$sJUJ6dsccPkfrifcRERxg.aTqr7.bdXsmh0w7IDuHWTcEIC7c2iFe', 'Ykkk1mUWuB', '0', 'hJuNz2wMiHFLA92HFnyAHIcDgwAqLkF0IpYCaR15', 'true', '2018-07-30 18:12:37', '2018-07-30 18:12:37'),
(522, 'Ms. Nikki Balistreri', 'bradtke.alta@example.com', '$2y$10$sJUJ6dsccPkfrifcRERxg.aTqr7.bdXsmh0w7IDuHWTcEIC7c2iFe', 'QeM6hY8kXn', '0', 'uKw0RzqaE9STOQklEJyPvWRVbKVL1j6E7ILACagR', 'true', '2018-07-30 18:12:37', '2018-07-30 18:12:37'),
(523, 'Euna Braun', 'audie.jones@example.net', '$2y$10$sJUJ6dsccPkfrifcRERxg.aTqr7.bdXsmh0w7IDuHWTcEIC7c2iFe', 'Ydni3jvY6t', '0', 'EYL7Ywi8ZDTt0dzsVC8fThoo2lXeFOOOTnE05fZS', 'false', '2018-07-30 18:12:37', '2018-07-30 18:12:37'),
(524, 'Doug Padberg', 'abel86@example.com', '$2y$10$sJUJ6dsccPkfrifcRERxg.aTqr7.bdXsmh0w7IDuHWTcEIC7c2iFe', 'AC8Oy4PZWa', '1', NULL, 'false', '2018-07-30 18:12:37', '2018-07-30 18:12:37'),
(525, 'Newton Waelchi', 'jast.tyler@example.org', '$2y$10$sJUJ6dsccPkfrifcRERxg.aTqr7.bdXsmh0w7IDuHWTcEIC7c2iFe', 'uLTuJNlxSV', '0', 'ww1VpjJZCmuc6wfk6tKlieNX7IBlMpzITuf2lfmc', 'true', '2018-07-30 18:12:37', '2018-07-30 18:12:37'),
(526, 'Prof. Alize Kovacek MD', 'darrin.macejkovic@example.net', '$2y$10$sJUJ6dsccPkfrifcRERxg.aTqr7.bdXsmh0w7IDuHWTcEIC7c2iFe', 'dUqiFJzuQl', '0', 'YpI6DLobaC1aX1DTvHs4GRxDTzQYlZhdyM08joFE', 'false', '2018-07-30 18:12:37', '2018-07-30 18:12:37'),
(527, 'Mr. Doyle Brown', 'krajcik.glenna@example.org', '$2y$10$sJUJ6dsccPkfrifcRERxg.aTqr7.bdXsmh0w7IDuHWTcEIC7c2iFe', 'LFr56Cj5xR', '0', '7EAmo5umFaRdG7hqB1ZRa3dQzjRdbBzjvgAy3rJ4', 'false', '2018-07-30 18:12:37', '2018-07-30 18:12:37'),
(528, 'Hank Krajcik', 'vlarson@example.org', '$2y$10$sJUJ6dsccPkfrifcRERxg.aTqr7.bdXsmh0w7IDuHWTcEIC7c2iFe', 'McEiVrbFTq', '0', 'XO9qK02A9CZGW64vjxdOr3MzbrYwVshSuwKzzyL6', 'false', '2018-07-30 18:12:37', '2018-07-30 18:12:37'),
(529, 'Kaylin Hoppe', 'moen.tod@example.org', '$2y$10$sJUJ6dsccPkfrifcRERxg.aTqr7.bdXsmh0w7IDuHWTcEIC7c2iFe', 'V4TyS2iaZD', '1', NULL, 'false', '2018-07-30 18:12:37', '2018-07-30 18:12:37'),
(530, 'Teresa Sporer', 'estefania16@example.com', '$2y$10$sJUJ6dsccPkfrifcRERxg.aTqr7.bdXsmh0w7IDuHWTcEIC7c2iFe', 'mQYdvYd6EI', '1', NULL, 'false', '2018-07-30 18:12:37', '2018-07-30 18:12:37'),
(531, 'John Boyle', 'bode.noelia@example.org', '$2y$10$sJUJ6dsccPkfrifcRERxg.aTqr7.bdXsmh0w7IDuHWTcEIC7c2iFe', 'rzoBaFd01G', '1', NULL, 'true', '2018-07-30 18:12:37', '2018-07-30 18:12:37'),
(532, 'Christ Strosin', 'jamarcus.labadie@example.net', '$2y$10$sJUJ6dsccPkfrifcRERxg.aTqr7.bdXsmh0w7IDuHWTcEIC7c2iFe', 'AEOiN32j2H', '1', NULL, 'false', '2018-07-30 18:12:37', '2018-07-30 18:12:37'),
(533, 'Thelma Bosco', 'darren.beahan@example.net', '$2y$10$sJUJ6dsccPkfrifcRERxg.aTqr7.bdXsmh0w7IDuHWTcEIC7c2iFe', '5JRLKTPEtZ', '1', NULL, 'true', '2018-07-30 18:12:38', '2018-07-30 18:12:38'),
(534, 'Arianna Zboncak I', 'julianne98@example.net', '$2y$10$sJUJ6dsccPkfrifcRERxg.aTqr7.bdXsmh0w7IDuHWTcEIC7c2iFe', 'ZE9zglGuky', '1', NULL, 'true', '2018-07-30 18:12:38', '2018-07-30 18:12:38'),
(535, 'Sienna Crist', 'schowalter.desiree@example.net', '$2y$10$sJUJ6dsccPkfrifcRERxg.aTqr7.bdXsmh0w7IDuHWTcEIC7c2iFe', 'os09u7CEs8', '0', 'apYnfBtSIfvO0c5hSptlN7a8zgvXikz39MS2gzb4', 'true', '2018-07-30 18:12:38', '2018-07-30 18:12:38'),
(536, 'Watson Schaden', 'carley61@example.net', '$2y$10$sJUJ6dsccPkfrifcRERxg.aTqr7.bdXsmh0w7IDuHWTcEIC7c2iFe', 'LxBiHNLIw6', '1', NULL, 'true', '2018-07-30 18:12:38', '2018-07-30 18:12:38'),
(537, 'Aaron Haley', 'dgusikowski@example.net', '$2y$10$sJUJ6dsccPkfrifcRERxg.aTqr7.bdXsmh0w7IDuHWTcEIC7c2iFe', 'cFeIdOljnu', '1', NULL, 'false', '2018-07-30 18:12:38', '2018-07-30 18:12:38'),
(538, 'Dion Farrell', 'mrobel@example.net', '$2y$10$sJUJ6dsccPkfrifcRERxg.aTqr7.bdXsmh0w7IDuHWTcEIC7c2iFe', 'd1F6spqaRM', '0', 'kkj1cFw6cAVjtWrFHtPXC5u87sfOXguCaGJcOLGc', 'true', '2018-07-30 18:12:38', '2018-07-30 18:12:38'),
(539, 'Khalid Bosco', 'bbergnaum@example.net', '$2y$10$sJUJ6dsccPkfrifcRERxg.aTqr7.bdXsmh0w7IDuHWTcEIC7c2iFe', 'I6YCUYP0uI', '1', NULL, 'false', '2018-07-30 18:12:38', '2018-07-30 18:12:38'),
(540, 'Demarco Ratke', 'qoberbrunner@example.org', '$2y$10$sJUJ6dsccPkfrifcRERxg.aTqr7.bdXsmh0w7IDuHWTcEIC7c2iFe', '2GzwP8gWuk', '1', NULL, 'true', '2018-07-30 18:12:38', '2018-07-30 18:12:38'),
(541, 'Ms. Karen West', 'marjorie.west@example.org', '$2y$10$sJUJ6dsccPkfrifcRERxg.aTqr7.bdXsmh0w7IDuHWTcEIC7c2iFe', 'etLFM0cF33', '1', NULL, 'false', '2018-07-30 18:12:38', '2018-07-30 18:12:38'),
(542, 'Mrs. Kyra McLaughlin', 'franecki.heath@example.org', '$2y$10$sJUJ6dsccPkfrifcRERxg.aTqr7.bdXsmh0w7IDuHWTcEIC7c2iFe', '88h25mP9Yn', '1', NULL, 'true', '2018-07-30 18:12:38', '2018-07-30 18:12:38'),
(543, 'Amir Hane', 'ufeest@example.com', '$2y$10$sJUJ6dsccPkfrifcRERxg.aTqr7.bdXsmh0w7IDuHWTcEIC7c2iFe', 'B03N13wD1P', '1', NULL, 'true', '2018-07-30 18:12:38', '2018-07-30 18:12:38'),
(544, 'Mrs. Yesenia Ryan', 'cronin.keanu@example.org', '$2y$10$sJUJ6dsccPkfrifcRERxg.aTqr7.bdXsmh0w7IDuHWTcEIC7c2iFe', '68LxvciSJ2', '0', 'zFKF4fzNBAp5rdJeSEhgEUaTYBiYkmX5MLR15poj', 'false', '2018-07-30 18:12:38', '2018-07-30 18:12:38'),
(545, 'Jackie Champlin', 'tconnelly@example.net', '$2y$10$sJUJ6dsccPkfrifcRERxg.aTqr7.bdXsmh0w7IDuHWTcEIC7c2iFe', 'E6gB4jkmlB', '1', NULL, 'true', '2018-07-30 18:12:38', '2018-07-30 18:12:38'),
(546, 'Blaze Eichmann III', 'ludie.hoeger@example.com', '$2y$10$sJUJ6dsccPkfrifcRERxg.aTqr7.bdXsmh0w7IDuHWTcEIC7c2iFe', 'ICINfAzGlH', '0', 'h72m9YCuFfcu2kRgAh351YVcyvKzjzUgMEcNRzZ4', 'false', '2018-07-30 18:12:38', '2018-07-30 18:12:38'),
(547, 'Antonietta Dietrich', 'rose.mclaughlin@example.net', '$2y$10$sJUJ6dsccPkfrifcRERxg.aTqr7.bdXsmh0w7IDuHWTcEIC7c2iFe', 'UWZcbG9S2R', '1', NULL, 'false', '2018-07-30 18:12:38', '2018-07-30 18:12:38'),
(548, 'Mr. Ignacio Ebert Sr.', 'abernathy.kraig@example.org', '$2y$10$sJUJ6dsccPkfrifcRERxg.aTqr7.bdXsmh0w7IDuHWTcEIC7c2iFe', 'fjKozSMjXZ', '0', 'ZeQG02UPVZPIumQyWE4hMO8YFj9rnwy9CgDJVoGw', 'false', '2018-07-30 18:12:38', '2018-07-30 18:12:38'),
(549, 'Stewart Hills', 'benjamin.botsford@example.com', '$2y$10$sJUJ6dsccPkfrifcRERxg.aTqr7.bdXsmh0w7IDuHWTcEIC7c2iFe', 'TKF3s0CyLA', '0', 'rwCUuV4BkLovLc9v9CzeKRkgv7jhAStls5Isa5sW', 'false', '2018-07-30 18:12:38', '2018-07-30 18:12:38'),
(550, 'Ms. Litzy Koepp Jr.', 'cristobal32@example.com', '$2y$10$sJUJ6dsccPkfrifcRERxg.aTqr7.bdXsmh0w7IDuHWTcEIC7c2iFe', 'bjbhjjKn7d', '1', NULL, 'true', '2018-07-30 18:12:38', '2018-07-30 18:12:38'),
(551, 'Esther Crist', 'boyle.glennie@example.net', '$2y$10$sJUJ6dsccPkfrifcRERxg.aTqr7.bdXsmh0w7IDuHWTcEIC7c2iFe', 'U917BZZtdi', '1', NULL, 'true', '2018-07-30 18:12:38', '2018-07-30 18:12:38'),
(552, 'Mrs. Lorine Hamill II', 'glover.gregg@example.com', '$2y$10$sJUJ6dsccPkfrifcRERxg.aTqr7.bdXsmh0w7IDuHWTcEIC7c2iFe', 'xYgYaa6igi', '1', NULL, 'false', '2018-07-30 18:12:38', '2018-07-30 18:12:38'),
(553, 'Kenyon DuBuque', 'crawford71@example.net', '$2y$10$sJUJ6dsccPkfrifcRERxg.aTqr7.bdXsmh0w7IDuHWTcEIC7c2iFe', 'TlFqgOmRpP', '0', 'QpUdUsADpUBp2A0AOsvgYlU56g9pskZ8RujGePIL', 'true', '2018-07-30 18:12:38', '2018-07-30 18:12:38'),
(554, 'Giovanny Sipes', 'ukoss@example.net', '$2y$10$sJUJ6dsccPkfrifcRERxg.aTqr7.bdXsmh0w7IDuHWTcEIC7c2iFe', 'D4ylwGvBqZ', '1', NULL, 'false', '2018-07-30 18:12:38', '2018-07-30 18:12:38'),
(555, 'Zoila Lehner', 'wortiz@example.org', '$2y$10$sJUJ6dsccPkfrifcRERxg.aTqr7.bdXsmh0w7IDuHWTcEIC7c2iFe', '7cNoCHhhcZ', '0', 'AE55czgpDKCpPfiDll8PCTiKRFDetQkSZTyi0wE9', 'true', '2018-07-30 18:12:38', '2018-07-30 18:12:38'),
(556, 'Karine Witting', 'hattie.vonrueden@example.org', '$2y$10$sJUJ6dsccPkfrifcRERxg.aTqr7.bdXsmh0w7IDuHWTcEIC7c2iFe', 'baiyuddyzT', '0', '8qpwplaIkOlZ2OnBb62y2o4lF7jLDfBUhKgmgd4M', 'false', '2018-07-30 18:12:38', '2018-07-30 18:12:38'),
(557, 'Melyna O\'Conner', 'ora.ebert@example.net', '$2y$10$sJUJ6dsccPkfrifcRERxg.aTqr7.bdXsmh0w7IDuHWTcEIC7c2iFe', 'GWSDEdrR8H', '0', '6VpU55vZztT6g3pXZud7RQMT0xmZCFPy0QdCoZuI', 'false', '2018-07-30 18:12:38', '2018-07-30 18:12:38'),
(558, 'Mr. Rhett Morissette', 'runolfsdottir.lorenza@example.net', '$2y$10$sJUJ6dsccPkfrifcRERxg.aTqr7.bdXsmh0w7IDuHWTcEIC7c2iFe', 'VNdfzdAcnL', '0', '04OqNt6CiPQ659LtpL2XPJ9RWQ2mhYcVNyMAoF84', 'false', '2018-07-30 18:12:38', '2018-07-30 18:12:38'),
(559, 'Casandra Welch', 'lvandervort@example.net', '$2y$10$sJUJ6dsccPkfrifcRERxg.aTqr7.bdXsmh0w7IDuHWTcEIC7c2iFe', 'RM1PcezIBU', '1', NULL, 'true', '2018-07-30 18:12:38', '2018-07-30 18:12:38'),
(560, 'Dr. Bernie Cartwright V', 'raphaelle.eichmann@example.org', '$2y$10$sJUJ6dsccPkfrifcRERxg.aTqr7.bdXsmh0w7IDuHWTcEIC7c2iFe', 'vtaHFZNax8', '0', '9sZJTKTsq9yi10kli74H021rBrT25JF2ewRGMm1E', 'true', '2018-07-30 18:12:38', '2018-07-30 18:12:38'),
(561, 'Aric Schmidt', 'mkeebler@example.net', '$2y$10$sJUJ6dsccPkfrifcRERxg.aTqr7.bdXsmh0w7IDuHWTcEIC7c2iFe', 'D4drkvofug', '0', 'NvaT92EGdPTFErHdRoxXuTjynGAvIDJAMHpTwTjp', 'true', '2018-07-30 18:12:38', '2018-07-30 18:12:38'),
(562, 'Miss Magdalena Bergnaum PhD', 'ewehner@example.org', '$2y$10$sJUJ6dsccPkfrifcRERxg.aTqr7.bdXsmh0w7IDuHWTcEIC7c2iFe', '4NDXmR2OYj', '0', 'zH307S7wkjjNtIq0m0EsYlXE41HltG9Rxt0TuTR1', 'false', '2018-07-30 18:12:38', '2018-07-30 18:12:38'),
(563, 'Miss Ara Wilderman IV', 'della.metz@example.net', '$2y$10$sJUJ6dsccPkfrifcRERxg.aTqr7.bdXsmh0w7IDuHWTcEIC7c2iFe', 'p0DaKofEMP', '1', NULL, 'false', '2018-07-30 18:12:38', '2018-07-30 18:12:38'),
(564, 'General Fisher', 'qhaley@example.net', '$2y$10$sJUJ6dsccPkfrifcRERxg.aTqr7.bdXsmh0w7IDuHWTcEIC7c2iFe', 'hIhdUkxqQC', '1', NULL, 'false', '2018-07-30 18:12:38', '2018-07-30 18:12:38'),
(565, 'Christop Larkin Jr.', 'vsauer@example.org', '$2y$10$sJUJ6dsccPkfrifcRERxg.aTqr7.bdXsmh0w7IDuHWTcEIC7c2iFe', 'mgg7rUbt5Y', '0', 'uwjGdOvnpUhs26PRA2yub7AE6AtXUp0RtrkJPVmx', 'false', '2018-07-30 18:12:38', '2018-07-30 18:12:38'),
(566, 'Dr. Mozell O\'Kon', 'aida43@example.net', '$2y$10$sJUJ6dsccPkfrifcRERxg.aTqr7.bdXsmh0w7IDuHWTcEIC7c2iFe', 'fS7onnZFDv', '1', NULL, 'false', '2018-07-30 18:12:38', '2018-07-30 18:12:38'),
(567, 'Vance Bruen', 'vandervort.kacie@example.org', '$2y$10$sJUJ6dsccPkfrifcRERxg.aTqr7.bdXsmh0w7IDuHWTcEIC7c2iFe', 'FqXzC3np2r', '0', 'Drn5QwPTW6pZ1LK3vU57UwczL1HqTCDJK5NNB3LK', 'true', '2018-07-30 18:12:38', '2018-07-30 18:12:38'),
(568, 'Clementine Bayer', 'dwiza@example.net', '$2y$10$sJUJ6dsccPkfrifcRERxg.aTqr7.bdXsmh0w7IDuHWTcEIC7c2iFe', 'uygFWOPTxv', '0', 'ELQtTOJzooywvsbG8cNNMF3RpEAjyb8pn2WMhiqp', 'false', '2018-07-30 18:12:38', '2018-07-30 18:12:38'),
(569, 'Saul Weimann', 'wconsidine@example.net', '$2y$10$sJUJ6dsccPkfrifcRERxg.aTqr7.bdXsmh0w7IDuHWTcEIC7c2iFe', 'Sq4d5GUUm1', '0', 'GyN84ox8BXhLAskgjC6alNanRwOmJS8DxQI97tgi', 'false', '2018-07-30 18:12:39', '2018-07-30 18:12:39'),
(570, 'Keegan Schulist', 'rtowne@example.net', '$2y$10$sJUJ6dsccPkfrifcRERxg.aTqr7.bdXsmh0w7IDuHWTcEIC7c2iFe', 'XkPuEpojsM', '0', 'y1CFfdXykJG17JY33oiFYtCQHVtZkKZDb2pJOIWZ', 'true', '2018-07-30 18:12:39', '2018-07-30 18:12:39'),
(571, 'Kathlyn Schaefer I', 'reichert.sallie@example.com', '$2y$10$sJUJ6dsccPkfrifcRERxg.aTqr7.bdXsmh0w7IDuHWTcEIC7c2iFe', 'nCSZn8pG9T', '1', NULL, 'true', '2018-07-30 18:12:39', '2018-07-30 18:12:39'),
(572, 'Oran Hammes', 'jairo.mueller@example.org', '$2y$10$sJUJ6dsccPkfrifcRERxg.aTqr7.bdXsmh0w7IDuHWTcEIC7c2iFe', 'KqmaajSTqX', '0', 'EBJA6EaUuojP1L1ZMt1dF3LQavTbDGflRrGGeEhl', 'true', '2018-07-30 18:12:39', '2018-07-30 18:12:39'),
(573, 'Antwan Wunsch', 'abshire.jarod@example.com', '$2y$10$sJUJ6dsccPkfrifcRERxg.aTqr7.bdXsmh0w7IDuHWTcEIC7c2iFe', 'kcZ2BVVpBt', '1', NULL, 'true', '2018-07-30 18:12:39', '2018-07-30 18:12:39'),
(574, 'Randi Maggio', 'naomi.jast@example.com', '$2y$10$sJUJ6dsccPkfrifcRERxg.aTqr7.bdXsmh0w7IDuHWTcEIC7c2iFe', 'Voi8UVOax4', '1', NULL, 'true', '2018-07-30 18:12:39', '2018-07-30 18:12:39'),
(575, 'Freda Lesch', 'mkertzmann@example.net', '$2y$10$sJUJ6dsccPkfrifcRERxg.aTqr7.bdXsmh0w7IDuHWTcEIC7c2iFe', 'wCN5N1ILS8', '0', 'mbfEQpUY3YK8KSdtsxxwzYoS51W0BktSNxbAIkVT', 'false', '2018-07-30 18:12:39', '2018-07-30 18:12:39'),
(576, 'Dr. Wanda Graham', 'trey78@example.com', '$2y$10$sJUJ6dsccPkfrifcRERxg.aTqr7.bdXsmh0w7IDuHWTcEIC7c2iFe', 'ZNubQcNBbj', '1', NULL, 'false', '2018-07-30 18:12:39', '2018-07-30 18:12:39'),
(577, 'Kellen Lemke', 'emanuel.ziemann@example.com', '$2y$10$sJUJ6dsccPkfrifcRERxg.aTqr7.bdXsmh0w7IDuHWTcEIC7c2iFe', 'WmBJ9Q3ems', '0', 'g3ZZk8HeFAicMJV6XaRy4XvB4ondOEHzKNXRgAdX', 'true', '2018-07-30 18:12:39', '2018-07-30 18:12:39'),
(578, 'Ms. Gloria Koelpin', 'carey37@example.org', '$2y$10$sJUJ6dsccPkfrifcRERxg.aTqr7.bdXsmh0w7IDuHWTcEIC7c2iFe', 'UTfIVs1BEU', '0', 'UWUzNfTqk9iRfacfKqKR9nL0mKFWIxS8RBWEcEPw', 'false', '2018-07-30 18:12:39', '2018-07-30 18:12:39'),
(579, 'Miss Imelda Dietrich', 'bruen.camila@example.com', '$2y$10$sJUJ6dsccPkfrifcRERxg.aTqr7.bdXsmh0w7IDuHWTcEIC7c2iFe', 'y5nbJx5Myl', '0', 'DCLgSJuO8QiQD6SOHzE5hWUiqdBWgSrtjSzLqbQ9', 'true', '2018-07-30 18:12:39', '2018-07-30 18:12:39'),
(580, 'Dr. Rollin Jacobs', 'madisen17@example.com', '$2y$10$sJUJ6dsccPkfrifcRERxg.aTqr7.bdXsmh0w7IDuHWTcEIC7c2iFe', 'f7NMPEaa5S', '0', 'lp8jnfNtZmucmle72lmMdmarZrstqdw5oC0wu5oJ', 'true', '2018-07-30 18:12:39', '2018-07-30 18:12:39'),
(581, 'Tanya Balistreri', 'troy.wolff@example.com', '$2y$10$sJUJ6dsccPkfrifcRERxg.aTqr7.bdXsmh0w7IDuHWTcEIC7c2iFe', 'VIuPJgMrFy', '1', NULL, 'true', '2018-07-30 18:12:39', '2018-07-30 18:12:39'),
(582, 'Prof. Trisha Yundt Jr.', 'vkertzmann@example.net', '$2y$10$sJUJ6dsccPkfrifcRERxg.aTqr7.bdXsmh0w7IDuHWTcEIC7c2iFe', 'GcpxfGJZhS', '1', NULL, 'false', '2018-07-30 18:12:39', '2018-07-30 18:12:39'),
(583, 'Kathleen Little', 'jermaine21@example.net', '$2y$10$sJUJ6dsccPkfrifcRERxg.aTqr7.bdXsmh0w7IDuHWTcEIC7c2iFe', 'JR06BcMKV9', '1', NULL, 'false', '2018-07-30 18:12:39', '2018-07-30 18:12:39'),
(584, 'Clifton Veum', 'gibson.keyon@example.com', '$2y$10$sJUJ6dsccPkfrifcRERxg.aTqr7.bdXsmh0w7IDuHWTcEIC7c2iFe', 'NnH6AFxoxq', '1', NULL, 'true', '2018-07-30 18:12:39', '2018-07-30 18:12:39'),
(585, 'Thaddeus O\'Hara DVM', 'idach@example.net', '$2y$10$sJUJ6dsccPkfrifcRERxg.aTqr7.bdXsmh0w7IDuHWTcEIC7c2iFe', '80P5OoEmFL', '0', 'e9vAgV728NnT8RaimfTWnURgYcN6UfZ67kCfvWRJ', 'false', '2018-07-30 18:12:39', '2018-07-30 18:12:39'),
(586, 'Mr. Joan Strosin', 'stroman.kailee@example.com', '$2y$10$sJUJ6dsccPkfrifcRERxg.aTqr7.bdXsmh0w7IDuHWTcEIC7c2iFe', 'MQbq0CvDyN', '1', NULL, 'true', '2018-07-30 18:12:39', '2018-07-30 18:12:39'),
(587, 'Oceane Braun', 'ava.mann@example.org', '$2y$10$sJUJ6dsccPkfrifcRERxg.aTqr7.bdXsmh0w7IDuHWTcEIC7c2iFe', 'LuynBhyzS0', '0', '0h9pOISqzPYmBEbkOkK4vfJC7DFGaSZiijl2Dzvo', 'true', '2018-07-30 18:12:39', '2018-07-30 18:12:39'),
(588, 'Yvonne Johns V', 'russel.tiffany@example.org', '$2y$10$sJUJ6dsccPkfrifcRERxg.aTqr7.bdXsmh0w7IDuHWTcEIC7c2iFe', 'YMFAYXlPKL', '0', 'jtJi7G98ypq8Oxi8F0eeqCKfDgv4QR5pAuev1lgB', 'true', '2018-07-30 18:12:39', '2018-07-30 18:12:39'),
(589, 'Jackeline Okuneva', 'guy.marvin@example.com', '$2y$10$sJUJ6dsccPkfrifcRERxg.aTqr7.bdXsmh0w7IDuHWTcEIC7c2iFe', 'wxeFFfg7XC', '1', NULL, 'true', '2018-07-30 18:12:39', '2018-07-30 18:12:39'),
(590, 'Joshuah Howe', 'edwardo67@example.org', '$2y$10$sJUJ6dsccPkfrifcRERxg.aTqr7.bdXsmh0w7IDuHWTcEIC7c2iFe', 's67kNZbCYx', '1', NULL, 'true', '2018-07-30 18:12:39', '2018-07-30 18:12:39'),
(591, 'Cloyd Larkin', 'hquitzon@example.net', '$2y$10$sJUJ6dsccPkfrifcRERxg.aTqr7.bdXsmh0w7IDuHWTcEIC7c2iFe', 'yE8eT56fg3', '0', 'sjxTtvcFqUBwe6PQSNkO8OC4NiF7Ucbvp3oIH5Qn', 'false', '2018-07-30 18:12:39', '2018-07-30 18:12:39'),
(592, 'Isaiah Lowe Jr.', 'zbarton@example.org', '$2y$10$sJUJ6dsccPkfrifcRERxg.aTqr7.bdXsmh0w7IDuHWTcEIC7c2iFe', 'PJxjXkcc6S', '1', NULL, 'false', '2018-07-30 18:12:39', '2018-07-30 18:12:39'),
(593, 'Liana Kunze DDS', 'london.mertz@example.org', '$2y$10$sJUJ6dsccPkfrifcRERxg.aTqr7.bdXsmh0w7IDuHWTcEIC7c2iFe', 'QBKj4RyEop', '0', 'q3w6iHY6EnbdPubp2ZWioJTCctCwGAcKkNfweicd', 'false', '2018-07-30 18:12:39', '2018-07-30 18:12:39'),
(594, 'Osvaldo Haag', 'ckoss@example.net', '$2y$10$sJUJ6dsccPkfrifcRERxg.aTqr7.bdXsmh0w7IDuHWTcEIC7c2iFe', 'ru2aPi8UfI', '0', 'by3Ltp7khp1plqbiYdjOh86zVKhUv11ZrzrWqxmS', 'true', '2018-07-30 18:12:39', '2018-07-30 18:12:39'),
(595, 'Zola Medhurst', 'melyssa66@example.net', '$2y$10$sJUJ6dsccPkfrifcRERxg.aTqr7.bdXsmh0w7IDuHWTcEIC7c2iFe', 'CPAsEurFgK', '1', NULL, 'true', '2018-07-30 18:12:39', '2018-07-30 18:12:39'),
(596, 'Piper Stehr DDS', 'otha27@example.net', '$2y$10$sJUJ6dsccPkfrifcRERxg.aTqr7.bdXsmh0w7IDuHWTcEIC7c2iFe', 'xjJhP27fHQ', '0', 'oOOgOIZZOwlQfrqFyy93p7ctRwHe4iM0e6i42kgR', 'true', '2018-07-30 18:12:39', '2018-07-30 18:12:39'),
(597, 'Miss Caterina Bruen I', 'aniya65@example.com', '$2y$10$sJUJ6dsccPkfrifcRERxg.aTqr7.bdXsmh0w7IDuHWTcEIC7c2iFe', '6WqhGKkprB', '1', NULL, 'false', '2018-07-30 18:12:39', '2018-07-30 18:12:39'),
(598, 'Celine Barton II', 'justyn.lind@example.org', '$2y$10$sJUJ6dsccPkfrifcRERxg.aTqr7.bdXsmh0w7IDuHWTcEIC7c2iFe', '0dMlhjNn0c', '1', NULL, 'false', '2018-07-30 18:12:39', '2018-07-30 18:12:39'),
(599, 'Graham Wuckert I', 'jnikolaus@example.com', '$2y$10$sJUJ6dsccPkfrifcRERxg.aTqr7.bdXsmh0w7IDuHWTcEIC7c2iFe', 'vBRJRvJLJ6', '0', 'YABbyd7mHrJPkfkNPNiiwucJ3J9phrfW1h4DmyBT', 'true', '2018-07-30 18:12:39', '2018-07-30 18:12:39'),
(600, 'Lucio Rolfson', 'wilfredo.emmerich@example.com', '$2y$10$sJUJ6dsccPkfrifcRERxg.aTqr7.bdXsmh0w7IDuHWTcEIC7c2iFe', 'RKbBEVMon2', '1', NULL, 'true', '2018-07-30 18:12:39', '2018-07-30 18:12:39'),
(601, 'Ashlynn Walker', 'reva.pacocha@example.net', '$2y$10$sJUJ6dsccPkfrifcRERxg.aTqr7.bdXsmh0w7IDuHWTcEIC7c2iFe', '4zGy3fNioB', '0', 'PrjYoxuIJa5h6qVfrK04uIeuAjcfNFTyz0KQVoDh', 'true', '2018-07-30 18:12:39', '2018-07-30 18:12:39'),
(602, 'Prof. Justice O\'Conner V', 'eloy.mckenzie@example.org', '$2y$10$sJUJ6dsccPkfrifcRERxg.aTqr7.bdXsmh0w7IDuHWTcEIC7c2iFe', 'rGeunkonmr', '1', NULL, 'true', '2018-07-30 18:12:39', '2018-07-30 18:12:39'),
(603, 'Felicita Mueller', 'mona73@example.com', '$2y$10$sJUJ6dsccPkfrifcRERxg.aTqr7.bdXsmh0w7IDuHWTcEIC7c2iFe', 'PDrU8u9oA5', '0', 'Zq1V0rQ3x9qOZWGegJ6QPGqOQBpcD09krTOEQ4cq', 'true', '2018-07-30 18:12:39', '2018-07-30 18:12:39'),
(604, 'Prof. Lou Jacobs IV', 'filomena.kilback@example.org', '$2y$10$sJUJ6dsccPkfrifcRERxg.aTqr7.bdXsmh0w7IDuHWTcEIC7c2iFe', '6xhJEd9kHh', '0', 'aiqMlb7C1GznWUvFUoFvwCJuu0KAcMRWxXV9B0T6', 'false', '2018-07-30 18:12:39', '2018-07-30 18:12:39'),
(605, 'Selina Dicki', 'wjast@example.org', '$2y$10$sJUJ6dsccPkfrifcRERxg.aTqr7.bdXsmh0w7IDuHWTcEIC7c2iFe', 'cbcoKV3ft4', '1', NULL, 'false', '2018-07-30 18:12:39', '2018-07-30 18:12:39'),
(606, 'Bernhard Littel DVM', 'vcrooks@example.net', '$2y$10$sJUJ6dsccPkfrifcRERxg.aTqr7.bdXsmh0w7IDuHWTcEIC7c2iFe', 'M0cubNgkE7', '0', 'mLCUm9sbMwdH9UuUdMzNMGNVm2xYm0jxfxc6SKVr', 'false', '2018-07-30 18:12:40', '2018-07-30 18:12:40'),
(607, 'Miss Emmie Kohler MD', 'hanna.monahan@example.net', '$2y$10$sJUJ6dsccPkfrifcRERxg.aTqr7.bdXsmh0w7IDuHWTcEIC7c2iFe', 'dCSwjOGmvU', '1', NULL, 'false', '2018-07-30 18:12:40', '2018-07-30 18:12:40'),
(608, 'Mrs. Ardith Jakubowski IV', 'vallie.pouros@example.org', '$2y$10$sJUJ6dsccPkfrifcRERxg.aTqr7.bdXsmh0w7IDuHWTcEIC7c2iFe', 'vKKbVEe0Ny', '1', NULL, 'false', '2018-07-30 18:12:40', '2018-07-30 18:12:40'),
(609, 'Veronica Reynolds', 'oconner.zackary@example.net', '$2y$10$sJUJ6dsccPkfrifcRERxg.aTqr7.bdXsmh0w7IDuHWTcEIC7c2iFe', 'WvaTcWHXed', '1', NULL, 'true', '2018-07-30 18:12:40', '2018-07-30 18:12:40'),
(610, 'Dr. Arno Bradtke', 'sporer.fermin@example.net', '$2y$10$sJUJ6dsccPkfrifcRERxg.aTqr7.bdXsmh0w7IDuHWTcEIC7c2iFe', 'xwcZ9dnKvs', '0', 'jPo3bTcV1srX4OUfXygopH8XHGukZ5yapwhjpV5H', 'false', '2018-07-30 18:12:40', '2018-07-30 18:12:40'),
(611, 'Harley Hessel', 'sienna02@example.net', '$2y$10$sJUJ6dsccPkfrifcRERxg.aTqr7.bdXsmh0w7IDuHWTcEIC7c2iFe', '75SGQ0Lv7H', '0', 'HKnL4Goo11wlGAbEf57hTmXLv6l9xdrAF4sh6udk', 'false', '2018-07-30 18:12:40', '2018-07-30 18:12:40'),
(612, 'Eleanora Haley', 'chad25@example.org', '$2y$10$sJUJ6dsccPkfrifcRERxg.aTqr7.bdXsmh0w7IDuHWTcEIC7c2iFe', '4LJW1VSQTH', '0', 'n8jdQj1dXYHDrzNeGZXybWeGn1lF1ALT872WdDex', 'false', '2018-07-30 18:12:40', '2018-07-30 18:12:40'),
(613, 'Dr. Austyn VonRueden IV', 'abdul68@example.com', '$2y$10$sJUJ6dsccPkfrifcRERxg.aTqr7.bdXsmh0w7IDuHWTcEIC7c2iFe', 'MhHVj1Ektv', '1', NULL, 'false', '2018-07-30 18:12:40', '2018-07-30 18:12:40'),
(614, 'Ms. Kiana Breitenberg', 'qconroy@example.org', '$2y$10$sJUJ6dsccPkfrifcRERxg.aTqr7.bdXsmh0w7IDuHWTcEIC7c2iFe', 'tYQEfCP06o', '1', NULL, 'false', '2018-07-30 18:12:40', '2018-07-30 18:12:40'),
(615, 'Prof. Jared Grady', 'shawn44@example.org', '$2y$10$sJUJ6dsccPkfrifcRERxg.aTqr7.bdXsmh0w7IDuHWTcEIC7c2iFe', 'cIssyGxqua', '0', '7GeFREPglLFcK0QLMSbN3WNLzC3UGlSekhg6TQuH', 'false', '2018-07-30 18:12:40', '2018-07-30 18:12:40'),
(616, 'Vivien Oberbrunner', 'will.jaclyn@example.org', '$2y$10$sJUJ6dsccPkfrifcRERxg.aTqr7.bdXsmh0w7IDuHWTcEIC7c2iFe', 'Gwb7mbLikM', '0', 'fwO1shizLzXFqrUIEBThg0yAjDcGxwbf46sbsJhw', 'true', '2018-07-30 18:12:40', '2018-07-30 18:12:40'),
(617, 'Mrs. Dahlia Powlowski', 'gavin.bashirian@example.com', '$2y$10$sJUJ6dsccPkfrifcRERxg.aTqr7.bdXsmh0w7IDuHWTcEIC7c2iFe', 'FdPAznMcv9', '1', NULL, 'false', '2018-07-30 18:12:40', '2018-07-30 18:12:40'),
(618, 'Paxton Ledner', 'zulauf.cory@example.com', '$2y$10$sJUJ6dsccPkfrifcRERxg.aTqr7.bdXsmh0w7IDuHWTcEIC7c2iFe', 'ynq3aCLyoG', '1', NULL, 'true', '2018-07-30 18:12:40', '2018-07-30 18:12:40'),
(619, 'Miss Tatyana Cormier', 'kkihn@example.com', '$2y$10$sJUJ6dsccPkfrifcRERxg.aTqr7.bdXsmh0w7IDuHWTcEIC7c2iFe', '5sIuVhuK9R', '0', 'YLmrLeJQVGad7L984TgCRRvJ1r4SySeQexJk2qfK', 'true', '2018-07-30 18:12:40', '2018-07-30 18:12:40'),
(620, 'Miss Ressie Dibbert', 'jace.monahan@example.com', '$2y$10$sJUJ6dsccPkfrifcRERxg.aTqr7.bdXsmh0w7IDuHWTcEIC7c2iFe', 'dSJZ8NvxaK', '0', '57YjnxUIi4C3dP7dAoSSHJNqJwoAL4V8FH5F5pNx', 'false', '2018-07-30 18:12:40', '2018-07-30 18:12:40'),
(621, 'Nelda Leffler MD', 'flossie53@example.net', '$2y$10$sJUJ6dsccPkfrifcRERxg.aTqr7.bdXsmh0w7IDuHWTcEIC7c2iFe', 'HXQO6hHiNl', '1', NULL, 'false', '2018-07-30 18:12:40', '2018-07-30 18:12:40'),
(622, 'Kasandra Hickle', 'murazik.michele@example.com', '$2y$10$sJUJ6dsccPkfrifcRERxg.aTqr7.bdXsmh0w7IDuHWTcEIC7c2iFe', 'N1XmwcVynS', '0', 'ujTAq2TRkl771g5Ce0Bo1H6UUgUw7c3FKWJ0AhOA', 'true', '2018-07-30 18:12:40', '2018-07-30 18:12:40'),
(623, 'Miss Alice Franecki Sr.', 'leanne27@example.org', '$2y$10$sJUJ6dsccPkfrifcRERxg.aTqr7.bdXsmh0w7IDuHWTcEIC7c2iFe', 'x0V0PyG5H5', '0', 'BC297iydxOZzSySd0lHCa8cX6VjDJolqZy7i4Sit', 'true', '2018-07-30 18:12:40', '2018-07-30 18:12:40'),
(624, 'Cornelius Buckridge PhD', 'fhahn@example.net', '$2y$10$sJUJ6dsccPkfrifcRERxg.aTqr7.bdXsmh0w7IDuHWTcEIC7c2iFe', 'kaaDIo8Xce', '1', NULL, 'true', '2018-07-30 18:12:40', '2018-07-30 18:12:40'),
(625, 'Felicity Langosh', 'qkilback@example.net', '$2y$10$sJUJ6dsccPkfrifcRERxg.aTqr7.bdXsmh0w7IDuHWTcEIC7c2iFe', 'CFpNDzqpwb', '0', '4cDM0EOOiVVSGULeYLCZbqvnXzpAf3xmzOAAbEso', 'false', '2018-07-30 18:12:40', '2018-07-30 18:12:40'),
(626, 'Santa Johnson III', 'arnoldo43@example.net', '$2y$10$sJUJ6dsccPkfrifcRERxg.aTqr7.bdXsmh0w7IDuHWTcEIC7c2iFe', 'qV9ca9Qf9S', '1', NULL, 'false', '2018-07-30 18:12:40', '2018-07-30 18:12:40'),
(627, 'Ms. Germaine Wuckert', 'leda.nikolaus@example.com', '$2y$10$sJUJ6dsccPkfrifcRERxg.aTqr7.bdXsmh0w7IDuHWTcEIC7c2iFe', 'lKfjRl27AK', '1', NULL, 'true', '2018-07-30 18:12:40', '2018-07-30 18:12:40'),
(628, 'Elza Bauch', 'kiara.hand@example.net', '$2y$10$sJUJ6dsccPkfrifcRERxg.aTqr7.bdXsmh0w7IDuHWTcEIC7c2iFe', 'nXGmWHM1Xq', '0', 'lNFnAMLQRc89o7KzWZs920NBbKRjnfenpUZQ5eTT', 'false', '2018-07-30 18:12:40', '2018-07-30 18:12:40'),
(629, 'Mr. Ben Bauch', 'sammie05@example.net', '$2y$10$sJUJ6dsccPkfrifcRERxg.aTqr7.bdXsmh0w7IDuHWTcEIC7c2iFe', 'fr1m1IfGdr', '1', NULL, 'false', '2018-07-30 18:12:40', '2018-07-30 18:12:40'),
(630, 'Wilson Lang', 'myra14@example.com', '$2y$10$sJUJ6dsccPkfrifcRERxg.aTqr7.bdXsmh0w7IDuHWTcEIC7c2iFe', 'N4cDzpFuHy', '0', 'kebh3AhAc8Ij1ZD2AC1SKnb1n7YEnUo9WCdIa7TT', 'true', '2018-07-30 18:12:40', '2018-07-30 18:12:40'),
(631, 'Mollie Schuster IV', 'icummings@example.org', '$2y$10$sJUJ6dsccPkfrifcRERxg.aTqr7.bdXsmh0w7IDuHWTcEIC7c2iFe', '38ZANx7sho', '0', 'Aul37PAAqD5edp1Tm5OgEZAr1YzNVL2iEkKSfeYo', 'true', '2018-07-30 18:12:40', '2018-07-30 18:12:40'),
(632, 'Elmo Schmidt', 'nickolas51@example.com', '$2y$10$sJUJ6dsccPkfrifcRERxg.aTqr7.bdXsmh0w7IDuHWTcEIC7c2iFe', '8mJgfdRFsc', '0', 'Du0Z6tQJzqxjKxEQSNlNwhByPmlLhsAnGlCdwg2x', 'false', '2018-07-30 18:12:40', '2018-07-30 18:12:40'),
(633, 'Kayden Schuster III', 'aileen94@example.com', '$2y$10$sJUJ6dsccPkfrifcRERxg.aTqr7.bdXsmh0w7IDuHWTcEIC7c2iFe', 'V7bmCouJGg', '1', NULL, 'false', '2018-07-30 18:12:40', '2018-07-30 18:12:40'),
(634, 'Vickie Kling', 'slittel@example.com', '$2y$10$sJUJ6dsccPkfrifcRERxg.aTqr7.bdXsmh0w7IDuHWTcEIC7c2iFe', '4ZpdM7nOj6', '0', 'KZN4vW8hkC8V5w7s4wCNdrJa9mt3wmLBk7jH9tlK', 'true', '2018-07-30 18:12:41', '2018-07-30 18:12:41'),
(635, 'Prof. Darwin Schamberger', 'monserrat15@example.com', '$2y$10$sJUJ6dsccPkfrifcRERxg.aTqr7.bdXsmh0w7IDuHWTcEIC7c2iFe', 'pcTmM5XiCd', '0', '8IqbVwQERNdNlZj4ijq1Tl3p8Q6gbgSVuoLQxeEc', 'false', '2018-07-30 18:12:41', '2018-07-30 18:12:41'),
(636, 'Cydney Gutkowski', 'hickle.vance@example.org', '$2y$10$sJUJ6dsccPkfrifcRERxg.aTqr7.bdXsmh0w7IDuHWTcEIC7c2iFe', '84R8zcBCI1', '1', NULL, 'true', '2018-07-30 18:12:41', '2018-07-30 18:12:41'),
(637, 'Mr. Arely Rempel', 'kbrown@example.net', '$2y$10$sJUJ6dsccPkfrifcRERxg.aTqr7.bdXsmh0w7IDuHWTcEIC7c2iFe', 'eCtwi6SQwr', '1', NULL, 'false', '2018-07-30 18:12:41', '2018-07-30 18:12:41'),
(638, 'Jaquan Littel', 'gleason.furman@example.org', '$2y$10$sJUJ6dsccPkfrifcRERxg.aTqr7.bdXsmh0w7IDuHWTcEIC7c2iFe', 'QrCxWATJqt', '1', NULL, 'true', '2018-07-30 18:12:41', '2018-07-30 18:12:41'),
(639, 'Monica Volkman DDS', 'ignatius.schowalter@example.com', '$2y$10$sJUJ6dsccPkfrifcRERxg.aTqr7.bdXsmh0w7IDuHWTcEIC7c2iFe', '9GrGV6czMB', '0', 'fdZn98kpspjYv6TEgdP2MPLDv1IovmeAwF21cALb', 'true', '2018-07-30 18:12:41', '2018-07-30 18:12:41'),
(640, 'Mr. Pablo Carroll MD', 'hagenes.terrill@example.com', '$2y$10$sJUJ6dsccPkfrifcRERxg.aTqr7.bdXsmh0w7IDuHWTcEIC7c2iFe', 'HapKFlN52r', '0', 'sFNSuA65hppXhRJh21RMH7VeU5v72TS3G09n0kTw', 'true', '2018-07-30 18:12:41', '2018-07-30 18:12:41'),
(641, 'Emmett Anderson', 'goyette.heath@example.com', '$2y$10$sJUJ6dsccPkfrifcRERxg.aTqr7.bdXsmh0w7IDuHWTcEIC7c2iFe', 'yLs3Phog22', '1', NULL, 'true', '2018-07-30 18:12:41', '2018-07-30 18:12:41'),
(642, 'Prof. Noemie Carter', 'hfritsch@example.org', '$2y$10$sJUJ6dsccPkfrifcRERxg.aTqr7.bdXsmh0w7IDuHWTcEIC7c2iFe', 'fkV2c1W9n1', '1', NULL, 'true', '2018-07-30 18:12:41', '2018-07-30 18:12:41'),
(643, 'Art Wolff', 'montana24@example.org', '$2y$10$sJUJ6dsccPkfrifcRERxg.aTqr7.bdXsmh0w7IDuHWTcEIC7c2iFe', 'oFm59PCPze', '1', NULL, 'false', '2018-07-30 18:12:41', '2018-07-30 18:12:41'),
(644, 'Terry Steuber', 'nvon@example.net', '$2y$10$sJUJ6dsccPkfrifcRERxg.aTqr7.bdXsmh0w7IDuHWTcEIC7c2iFe', 'WDGmkqVxUz', '0', 'J3EbDsQKpBxa2OUsl5FvnqhFXj8KIk6t9bfFN6pK', 'false', '2018-07-30 18:12:41', '2018-07-30 18:12:41'),
(645, 'Ms. Taryn Moen', 'schuppe.giovani@example.com', '$2y$10$sJUJ6dsccPkfrifcRERxg.aTqr7.bdXsmh0w7IDuHWTcEIC7c2iFe', 'UgIfvi10Kt', '1', NULL, 'false', '2018-07-30 18:12:41', '2018-07-30 18:12:41'),
(646, 'Tom Schoen II', 'scottie59@example.com', '$2y$10$sJUJ6dsccPkfrifcRERxg.aTqr7.bdXsmh0w7IDuHWTcEIC7c2iFe', 'Lb6M6NOPLK', '0', 'C9WY2TXuPiKon3Ktaqe1JRxXZZULhUgAc2coDdDq', 'true', '2018-07-30 18:12:41', '2018-07-30 18:12:41'),
(647, 'Dr. Amiya Mueller', 'daphne.mraz@example.com', '$2y$10$sJUJ6dsccPkfrifcRERxg.aTqr7.bdXsmh0w7IDuHWTcEIC7c2iFe', 'UPz9w5Oft3', '0', 'g29cYAAsTVBdupzZZlcuMxuZYatPY9MrkrS60YMP', 'true', '2018-07-30 18:12:41', '2018-07-30 18:12:41'),
(648, 'Lucienne Roob', 'meaghan34@example.com', '$2y$10$sJUJ6dsccPkfrifcRERxg.aTqr7.bdXsmh0w7IDuHWTcEIC7c2iFe', 'hnobdpXmir', '0', 'RBw11XRObCDcZh036xYxoyk2RScSbG0057veSubS', 'true', '2018-07-30 18:12:41', '2018-07-30 18:12:41'),
(649, 'Keshawn Rolfson', 'augustine.morar@example.org', '$2y$10$sJUJ6dsccPkfrifcRERxg.aTqr7.bdXsmh0w7IDuHWTcEIC7c2iFe', '5nBOX73Fqv', '0', 'Wjw07XSfjYoS99imW7wf1SozahFXqj5aKe6pak6d', 'true', '2018-07-30 18:12:41', '2018-07-30 18:12:41'),
(650, 'Gerhard Corkery', 'shahn@example.com', '$2y$10$sJUJ6dsccPkfrifcRERxg.aTqr7.bdXsmh0w7IDuHWTcEIC7c2iFe', 'fP2GWidTZJ', '0', 'NN3zw55jxDL9bOidzSEAOaRXtyZfNMBXtLgBtn3f', 'false', '2018-07-30 18:12:41', '2018-07-30 18:12:41'),
(651, 'Ms. Whitney Kulas', 'wjakubowski@example.net', '$2y$10$sJUJ6dsccPkfrifcRERxg.aTqr7.bdXsmh0w7IDuHWTcEIC7c2iFe', 'PFkhdg0sQC', '1', NULL, 'true', '2018-07-30 18:12:41', '2018-07-30 18:12:41'),
(652, 'Mariam Sanford', 'champlin.natalie@example.org', '$2y$10$sJUJ6dsccPkfrifcRERxg.aTqr7.bdXsmh0w7IDuHWTcEIC7c2iFe', 'cSjqMRENBz', '0', 'GJpSmwgLZgyAu7ihPdIac5Cc3QdEwDTF694mfDzN', 'true', '2018-07-30 18:12:41', '2018-07-30 18:12:41'),
(653, 'Horace Stroman', 'prohaska.kelley@example.org', '$2y$10$sJUJ6dsccPkfrifcRERxg.aTqr7.bdXsmh0w7IDuHWTcEIC7c2iFe', '0xAbZXCbvR', '1', NULL, 'true', '2018-07-30 18:12:41', '2018-07-30 18:12:41'),
(654, 'Donny Stamm IV', 'mcassin@example.org', '$2y$10$sJUJ6dsccPkfrifcRERxg.aTqr7.bdXsmh0w7IDuHWTcEIC7c2iFe', 'pR4OUupoWf', '1', NULL, 'true', '2018-07-30 18:12:41', '2018-07-30 18:12:41'),
(655, 'Dr. Fletcher Lockman MD', 'raltenwerth@example.net', '$2y$10$sJUJ6dsccPkfrifcRERxg.aTqr7.bdXsmh0w7IDuHWTcEIC7c2iFe', 'cFGCvdKxQP', '1', NULL, 'true', '2018-07-30 18:12:41', '2018-07-30 18:12:41'),
(656, 'Malvina Gleichner', 'bailey.ashlee@example.com', '$2y$10$sJUJ6dsccPkfrifcRERxg.aTqr7.bdXsmh0w7IDuHWTcEIC7c2iFe', 'wY5TzFzK2D', '0', 'dFkP6uwIII2hdn3oe3K76UdU9B65xGqdrE4dlEKf', 'false', '2018-07-30 18:12:41', '2018-07-30 18:12:41'),
(657, 'Stewart Tromp', 'ubailey@example.org', '$2y$10$sJUJ6dsccPkfrifcRERxg.aTqr7.bdXsmh0w7IDuHWTcEIC7c2iFe', 'eZxkZyJhwe', '0', '0BzZl3WHMickX3AItVDeWRCVGEg2kpXeMIuDwlE6', 'true', '2018-07-30 18:12:41', '2018-07-30 18:12:41'),
(658, 'Colton Wisozk', 'wwyman@example.org', '$2y$10$sJUJ6dsccPkfrifcRERxg.aTqr7.bdXsmh0w7IDuHWTcEIC7c2iFe', 'kmawmUECkq', '0', '3BpUNAEzNFskIC6Q4pOPo3G0ZFKaUJfKYNy7nBXs', 'true', '2018-07-30 18:12:41', '2018-07-30 18:12:41'),
(659, 'Dr. Jacinthe McCullough V', 'quitzon.tod@example.net', '$2y$10$sJUJ6dsccPkfrifcRERxg.aTqr7.bdXsmh0w7IDuHWTcEIC7c2iFe', 'QDcgYFyY8R', '0', 'XdnYE16Bpbs4Y0Sqvips6yeFZgqs6F5Lx990HS67', 'true', '2018-07-30 18:12:41', '2018-07-30 18:12:41'),
(660, 'Mr. Carey Ortiz', 'jacynthe14@example.org', '$2y$10$sJUJ6dsccPkfrifcRERxg.aTqr7.bdXsmh0w7IDuHWTcEIC7c2iFe', 'OjCZ2xci6n', '0', 'Ui0KG4OXUj1PDyF52cVBeeRPhDfsLtaZ4dw99aSd', 'false', '2018-07-30 18:12:42', '2018-07-30 18:12:42'),
(661, 'May Moen', 'theresia.cronin@example.org', '$2y$10$sJUJ6dsccPkfrifcRERxg.aTqr7.bdXsmh0w7IDuHWTcEIC7c2iFe', '77kTLAArrn', '1', NULL, 'true', '2018-07-30 18:12:42', '2018-07-30 18:12:42'),
(662, 'George Trantow', 'elsa.ankunding@example.com', '$2y$10$sJUJ6dsccPkfrifcRERxg.aTqr7.bdXsmh0w7IDuHWTcEIC7c2iFe', 'oZzu1j4GyJ', '1', NULL, 'true', '2018-07-30 18:12:42', '2018-07-30 18:12:42'),
(663, 'Ellis Carroll', 'ignacio.rogahn@example.net', '$2y$10$sJUJ6dsccPkfrifcRERxg.aTqr7.bdXsmh0w7IDuHWTcEIC7c2iFe', 'XPqtta8VAM', '1', NULL, 'false', '2018-07-30 18:12:42', '2018-07-30 18:12:42'),
(664, 'Dr. Enos Wehner', 'smacejkovic@example.org', '$2y$10$sJUJ6dsccPkfrifcRERxg.aTqr7.bdXsmh0w7IDuHWTcEIC7c2iFe', 'TehqMhdWIw', '0', 'DirfHIxMd76SRxTFAMaVnOlnOarrISKRmARztMLq', 'false', '2018-07-30 18:12:42', '2018-07-30 18:12:42'),
(665, 'Bailee Pfeffer II', 'uchristiansen@example.com', '$2y$10$sJUJ6dsccPkfrifcRERxg.aTqr7.bdXsmh0w7IDuHWTcEIC7c2iFe', 'soUEMHdxG1', '0', 'D9TmcGHA9uDDuvX2HEYwbWfDjYURWEyLYUqxZv3O', 'true', '2018-07-30 18:12:42', '2018-07-30 18:12:42'),
(666, 'Kylee Spinka MD', 'gjacobson@example.org', '$2y$10$sJUJ6dsccPkfrifcRERxg.aTqr7.bdXsmh0w7IDuHWTcEIC7c2iFe', 'NgoQOR7FZR', '1', NULL, 'false', '2018-07-30 18:12:42', '2018-07-30 18:12:42'),
(667, 'Itzel O\'Hara', 'federico92@example.org', '$2y$10$sJUJ6dsccPkfrifcRERxg.aTqr7.bdXsmh0w7IDuHWTcEIC7c2iFe', 'MzrOqMjreb', '0', 'S6W9ovSnNMMd4TrM3lUsmDiEn63JB0vk7wcl9hQj', 'true', '2018-07-30 18:12:42', '2018-07-30 18:12:42'),
(668, 'Janessa Halvorson', 'jreilly@example.net', '$2y$10$sJUJ6dsccPkfrifcRERxg.aTqr7.bdXsmh0w7IDuHWTcEIC7c2iFe', 'vQ8xncjgqI', '1', NULL, 'false', '2018-07-30 18:12:42', '2018-07-30 18:12:42'),
(669, 'Prof. Helena Treutel', 'ondricka.clarissa@example.com', '$2y$10$sJUJ6dsccPkfrifcRERxg.aTqr7.bdXsmh0w7IDuHWTcEIC7c2iFe', 'FLASXvPKwi', '0', 'o6rtFCoSR1L9GsX3E40oSLz9SAxnvDa4nXaVdnoJ', 'false', '2018-07-30 18:12:42', '2018-07-30 18:12:42'),
(670, 'Dr. Shaylee Bernier', 'conner.emard@example.net', '$2y$10$sJUJ6dsccPkfrifcRERxg.aTqr7.bdXsmh0w7IDuHWTcEIC7c2iFe', 'OBqkf8IFrV', '0', 'HlPvqFLWsOnhUvKB78BnJ2UE2m6iGQXPWH8ZHyqM', 'true', '2018-07-30 18:12:42', '2018-07-30 18:12:42'),
(671, 'Jana Metz', 'marcelino28@example.org', '$2y$10$sJUJ6dsccPkfrifcRERxg.aTqr7.bdXsmh0w7IDuHWTcEIC7c2iFe', 'oADN3GVLTY', '0', 'RjoFwf2T3YTWlBTqb0cGADWzPnABUyJgN7Yic4pX', 'false', '2018-07-30 18:12:42', '2018-07-30 18:12:42'),
(672, 'Riley Frami', 'virgil65@example.org', '$2y$10$sJUJ6dsccPkfrifcRERxg.aTqr7.bdXsmh0w7IDuHWTcEIC7c2iFe', 'bzkGgcYN8t', '0', 'eAUv6IX6plbFxUy807zvazFtZL96rrKMKOSnPc3g', 'false', '2018-07-30 18:12:42', '2018-07-30 18:12:42'),
(673, 'Adam Bruen V', 'willow35@example.net', '$2y$10$sJUJ6dsccPkfrifcRERxg.aTqr7.bdXsmh0w7IDuHWTcEIC7c2iFe', 'paME9437oZ', '1', NULL, 'true', '2018-07-30 18:12:42', '2018-07-30 18:12:42'),
(674, 'Aiden Christiansen', 'tatyana67@example.net', '$2y$10$sJUJ6dsccPkfrifcRERxg.aTqr7.bdXsmh0w7IDuHWTcEIC7c2iFe', 'yj5oOfq0GT', '0', '6Q4SDr0ljet7oidNKYPPaWdcm1Lq4Uj5xK0kd4Od', 'false', '2018-07-30 18:12:42', '2018-07-30 18:12:42'),
(675, 'Mrs. Charlene Zieme III', 'leland.kohler@example.com', '$2y$10$sJUJ6dsccPkfrifcRERxg.aTqr7.bdXsmh0w7IDuHWTcEIC7c2iFe', 'HOxdfTJwRO', '0', 'GToALMkK8EBmkFTU2uBTQeRTbGtlpHeuiOGDX6qP', 'true', '2018-07-30 18:12:42', '2018-07-30 18:12:42'),
(676, 'Prof. Corbin Stamm I', 'lavon40@example.net', '$2y$10$sJUJ6dsccPkfrifcRERxg.aTqr7.bdXsmh0w7IDuHWTcEIC7c2iFe', 'vbvI9uxDZA', '0', '35hM12xz9ZUvlEOoLgiw10cEBKOVApAd98paZjCR', 'true', '2018-07-30 18:12:42', '2018-07-30 18:12:42'),
(677, 'Dr. Danika Stehr', 'chloe.carter@example.org', '$2y$10$sJUJ6dsccPkfrifcRERxg.aTqr7.bdXsmh0w7IDuHWTcEIC7c2iFe', 'lSNe3bJVJA', '0', 'BTrnxdXf9TGkjxjdQFAHMcATodAxeYST5PfrRQ13', 'true', '2018-07-30 18:12:42', '2018-07-30 18:12:42'),
(678, 'Kathryn Cole', 'ukassulke@example.com', '$2y$10$sJUJ6dsccPkfrifcRERxg.aTqr7.bdXsmh0w7IDuHWTcEIC7c2iFe', '2cGcWxygzR', '0', 'joq0TMWSXRI4mnTkp5AVgvfTx4Eq7bmRgtWFXaBT', 'true', '2018-07-30 18:12:42', '2018-07-30 18:12:42'),
(679, 'Odie Cartwright', 'pwelch@example.org', '$2y$10$sJUJ6dsccPkfrifcRERxg.aTqr7.bdXsmh0w7IDuHWTcEIC7c2iFe', 'cvStE6bxHB', '0', '1Bktk6lxs23oLDgw3y51TRFXr9n52uqLyMmkq3jY', 'false', '2018-07-30 18:12:42', '2018-07-30 18:12:42'),
(680, 'Dominique Brown', 'dayna.zulauf@example.net', '$2y$10$sJUJ6dsccPkfrifcRERxg.aTqr7.bdXsmh0w7IDuHWTcEIC7c2iFe', 'utPZzQCr1U', '0', 'siOEsmZGB4IivLm9v6v8fCySn2dOQwMUsjYucxdn', 'false', '2018-07-30 18:12:42', '2018-07-30 18:12:42'),
(681, 'Mr. Marcelo Gleason I', 'rath.raymond@example.net', '$2y$10$sJUJ6dsccPkfrifcRERxg.aTqr7.bdXsmh0w7IDuHWTcEIC7c2iFe', 'fHIslXwTsm', '1', NULL, 'true', '2018-07-30 18:12:42', '2018-07-30 18:12:42'),
(682, 'Jaren Hermann MD', 'verlie51@example.net', '$2y$10$sJUJ6dsccPkfrifcRERxg.aTqr7.bdXsmh0w7IDuHWTcEIC7c2iFe', 'gLfaZg3pZV', '1', NULL, 'true', '2018-07-30 18:12:42', '2018-07-30 18:12:42'),
(683, 'Miss Nayeli Weimann IV', 'mertie.becker@example.org', '$2y$10$sJUJ6dsccPkfrifcRERxg.aTqr7.bdXsmh0w7IDuHWTcEIC7c2iFe', 'Vc6Ct5s13k', '0', 'ajYU97MYaF1RtOgxil4rV9zxrjAtcT4aqYQBQrqE', 'true', '2018-07-30 18:12:43', '2018-07-30 18:12:43'),
(684, 'Prof. Jettie Pfannerstill Jr.', 'santos.hyatt@example.org', '$2y$10$sJUJ6dsccPkfrifcRERxg.aTqr7.bdXsmh0w7IDuHWTcEIC7c2iFe', 'GVB3mvWYmK', '0', '2hOGBFVPdjOSkFtg4CvpxbsuV9QfQGMXFSh9cYS8', 'false', '2018-07-30 18:12:43', '2018-07-30 18:12:43'),
(685, 'Ms. Aliza Nikolaus PhD', 'shaina74@example.net', '$2y$10$sJUJ6dsccPkfrifcRERxg.aTqr7.bdXsmh0w7IDuHWTcEIC7c2iFe', 'CHbfBEHTFd', '0', 'o5lTkKnrNTdqx4g4sAMHmzfJNEfFihU4zDGdb0yi', 'false', '2018-07-30 18:12:43', '2018-07-30 18:12:43'),
(686, 'Mr. Doyle Moore', 'lindgren.priscilla@example.net', '$2y$10$sJUJ6dsccPkfrifcRERxg.aTqr7.bdXsmh0w7IDuHWTcEIC7c2iFe', 'UTc3uGLX1L', '0', 'zhuhsWIEAok3hw4Yjnu0338aSsAa0u9fuBeUH2uc', 'false', '2018-07-30 18:12:43', '2018-07-30 18:12:43'),
(687, 'Kendall Harber III', 'wilhelmine.waters@example.org', '$2y$10$sJUJ6dsccPkfrifcRERxg.aTqr7.bdXsmh0w7IDuHWTcEIC7c2iFe', 'KMOp8GPY98', '0', 'mNFrLo6vYtB0ODtWp0I0jxMgIEXMcVTae8PDoDrE', 'true', '2018-07-30 18:12:43', '2018-07-30 18:12:43'),
(688, 'Prof. Elsie Weissnat', 'qbalistreri@example.net', '$2y$10$sJUJ6dsccPkfrifcRERxg.aTqr7.bdXsmh0w7IDuHWTcEIC7c2iFe', 'M3Uy7S9P9m', '1', NULL, 'true', '2018-07-30 18:12:43', '2018-07-30 18:12:43'),
(689, 'Mike Donnelly', 'anya.lockman@example.net', '$2y$10$sJUJ6dsccPkfrifcRERxg.aTqr7.bdXsmh0w7IDuHWTcEIC7c2iFe', 'BTO96uWLsK', '0', 'Fz9kqAM1S0xjv2Wq4dsUkGtKtvRQNXntOAT8xJqT', 'false', '2018-07-30 18:12:43', '2018-07-30 18:12:43'),
(690, 'Keyon Jaskolski', 'lakin.darlene@example.com', '$2y$10$sJUJ6dsccPkfrifcRERxg.aTqr7.bdXsmh0w7IDuHWTcEIC7c2iFe', '3hwRgFNr6Q', '0', 'E0ZDoWOtd6PccAE2c4kCvECPD79c0JM6qxf8QxTd', 'true', '2018-07-30 18:12:43', '2018-07-30 18:12:43'),
(691, 'Mr. Emmet Bauch DVM', 'jocelyn.wolf@example.com', '$2y$10$sJUJ6dsccPkfrifcRERxg.aTqr7.bdXsmh0w7IDuHWTcEIC7c2iFe', 'TrvSY17gv6', '1', NULL, 'true', '2018-07-30 18:12:43', '2018-07-30 18:12:43'),
(692, 'Talon Heaney', 'dbergnaum@example.net', '$2y$10$sJUJ6dsccPkfrifcRERxg.aTqr7.bdXsmh0w7IDuHWTcEIC7c2iFe', 'oyKBKr8acG', '0', 'fj0XzHCX02vzaeMwoO7G92Qg5cyBDgb43D2lhZ5z', 'false', '2018-07-30 18:12:43', '2018-07-30 18:12:43'),
(693, 'Cydney Koch', 'krystel.mckenzie@example.org', '$2y$10$sJUJ6dsccPkfrifcRERxg.aTqr7.bdXsmh0w7IDuHWTcEIC7c2iFe', 'lldRWiIxzd', '0', '6Sj1wN3YxqEMQVfue2uBubYgmQfLDK4ztXjkru3T', 'false', '2018-07-30 18:12:43', '2018-07-30 18:12:43'),
(694, 'Mr. Gilbert Kiehn', 'evert.bogisich@example.com', '$2y$10$sJUJ6dsccPkfrifcRERxg.aTqr7.bdXsmh0w7IDuHWTcEIC7c2iFe', 'bMv9bAdXXo', '0', '8ty98tdVAkRAVLYwviYgCqNiYFh4hjNGUPmqOFwi', 'false', '2018-07-30 18:12:43', '2018-07-30 18:12:43');
INSERT INTO `users` (`id`, `name`, `email`, `password`, `remember_token`, `verified`, `verified_token`, `admin`, `created_at`, `updated_at`) VALUES
(695, 'Kim Brakus', 'immanuel95@example.net', '$2y$10$sJUJ6dsccPkfrifcRERxg.aTqr7.bdXsmh0w7IDuHWTcEIC7c2iFe', 'QoqhMLaRWZ', '0', 'P7W0VGzLEdVk8esXDqRH9FJNhf4BkOTaxL0HP7cD', 'false', '2018-07-30 18:12:43', '2018-07-30 18:12:43'),
(696, 'Gregoria Goodwin', 'jonathon.white@example.com', '$2y$10$sJUJ6dsccPkfrifcRERxg.aTqr7.bdXsmh0w7IDuHWTcEIC7c2iFe', 'Eyi4qyRpQI', '1', NULL, 'false', '2018-07-30 18:12:43', '2018-07-30 18:12:43'),
(697, 'Toney Beahan', 'dejah.pfannerstill@example.org', '$2y$10$sJUJ6dsccPkfrifcRERxg.aTqr7.bdXsmh0w7IDuHWTcEIC7c2iFe', '4RH3kIKWQq', '0', 'UBoVsZsJxWKBaLbRSWWTC8BC1q3BahvMdMc1wWC6', 'false', '2018-07-30 18:12:43', '2018-07-30 18:12:43'),
(698, 'Ilene Koepp V', 'nedra95@example.org', '$2y$10$sJUJ6dsccPkfrifcRERxg.aTqr7.bdXsmh0w7IDuHWTcEIC7c2iFe', 'QOC3wlc3dc', '1', NULL, 'false', '2018-07-30 18:12:43', '2018-07-30 18:12:43'),
(699, 'Mr. Bartholome Schowalter', 'vthiel@example.net', '$2y$10$sJUJ6dsccPkfrifcRERxg.aTqr7.bdXsmh0w7IDuHWTcEIC7c2iFe', 'T5EY1HSQ1f', '1', NULL, 'true', '2018-07-30 18:12:43', '2018-07-30 18:12:43'),
(700, 'Constance Schoen', 'cremin.sandrine@example.net', '$2y$10$sJUJ6dsccPkfrifcRERxg.aTqr7.bdXsmh0w7IDuHWTcEIC7c2iFe', '59cbqehsq2', '0', 'JIUhYCqCe7sE435EerlxIhmWsyFFjrGVC8dJaKMZ', 'false', '2018-07-30 18:12:43', '2018-07-30 18:12:43'),
(701, 'Dane Mosciski', 'ngleichner@example.com', '$2y$10$sJUJ6dsccPkfrifcRERxg.aTqr7.bdXsmh0w7IDuHWTcEIC7c2iFe', 'mcHW7UYgZx', '1', NULL, 'true', '2018-07-30 18:12:43', '2018-07-30 18:12:43'),
(702, 'Tevin Grady', 'goldner.annamarie@example.net', '$2y$10$sJUJ6dsccPkfrifcRERxg.aTqr7.bdXsmh0w7IDuHWTcEIC7c2iFe', 'SdS093UelQ', '1', NULL, 'false', '2018-07-30 18:12:43', '2018-07-30 18:12:43'),
(703, 'Tanner Predovic', 'fchamplin@example.com', '$2y$10$sJUJ6dsccPkfrifcRERxg.aTqr7.bdXsmh0w7IDuHWTcEIC7c2iFe', 'ccBOtOcGtu', '1', NULL, 'true', '2018-07-30 18:12:43', '2018-07-30 18:12:43'),
(704, 'Emilia Oberbrunner', 'carolanne.schimmel@example.com', '$2y$10$sJUJ6dsccPkfrifcRERxg.aTqr7.bdXsmh0w7IDuHWTcEIC7c2iFe', 'nXufRFHzel', '0', 'xvIk5IVneSkd3idx47r9F8QYAWO7a30w2Oz18NPF', 'true', '2018-07-30 18:12:43', '2018-07-30 18:12:43'),
(705, 'Vivianne Harris', 'nrice@example.com', '$2y$10$sJUJ6dsccPkfrifcRERxg.aTqr7.bdXsmh0w7IDuHWTcEIC7c2iFe', 'WuzQSoVLWF', '0', 'q4okPcnQTeJIFwqw5RAZo0z1mPAZPj7M9lWztjsI', 'false', '2018-07-30 18:12:43', '2018-07-30 18:12:43'),
(706, 'Bernita Hermiston', 'stiedemann.jimmie@example.org', '$2y$10$sJUJ6dsccPkfrifcRERxg.aTqr7.bdXsmh0w7IDuHWTcEIC7c2iFe', 't7rhwVSLBq', '1', NULL, 'true', '2018-07-30 18:12:43', '2018-07-30 18:12:43'),
(707, 'Prof. Eli Crist V', 'joshuah.stamm@example.com', '$2y$10$sJUJ6dsccPkfrifcRERxg.aTqr7.bdXsmh0w7IDuHWTcEIC7c2iFe', 'KR2e8S0kDU', '0', 'RX0JxBGh1Uzrjl00vuOgr5XRt5pKZOkODJeg5Ys5', 'true', '2018-07-30 18:12:43', '2018-07-30 18:12:43'),
(708, 'Laurie Bruen', 'asia.kovacek@example.net', '$2y$10$sJUJ6dsccPkfrifcRERxg.aTqr7.bdXsmh0w7IDuHWTcEIC7c2iFe', '6L0ZEbO5D0', '0', '3wofKW1J1ZyQE8h8JCmPUIAO2Xu56oThSDiYgdez', 'true', '2018-07-30 18:12:43', '2018-07-30 18:12:43'),
(709, 'Margot Jacobson', 'isai.mante@example.org', '$2y$10$sJUJ6dsccPkfrifcRERxg.aTqr7.bdXsmh0w7IDuHWTcEIC7c2iFe', 'byKVXnno2d', '1', NULL, 'false', '2018-07-30 18:12:43', '2018-07-30 18:12:43'),
(710, 'Gerald Jaskolski', 'gabe.schulist@example.net', '$2y$10$sJUJ6dsccPkfrifcRERxg.aTqr7.bdXsmh0w7IDuHWTcEIC7c2iFe', 't5lDIprUgU', '0', 'LBEYY8uu0J3IYLnP4CYzTgGYuoKz5bdCbOdKOyMj', 'true', '2018-07-30 18:12:43', '2018-07-30 18:12:43'),
(711, 'Carlie Stiedemann', 'pbogan@example.org', '$2y$10$sJUJ6dsccPkfrifcRERxg.aTqr7.bdXsmh0w7IDuHWTcEIC7c2iFe', 'LpJcDDgrJr', '1', NULL, 'true', '2018-07-30 18:12:43', '2018-07-30 18:12:43'),
(712, 'Caden Leuschke', 'qlangosh@example.org', '$2y$10$sJUJ6dsccPkfrifcRERxg.aTqr7.bdXsmh0w7IDuHWTcEIC7c2iFe', 'apTIqQOWpP', '0', 'Smm6JAadpnjBgE82DLQzAITs4RmZyqNhNFYDBXAX', 'true', '2018-07-30 18:12:44', '2018-07-30 18:12:44'),
(713, 'Corine Sawayn', 'ofelia.raynor@example.com', '$2y$10$sJUJ6dsccPkfrifcRERxg.aTqr7.bdXsmh0w7IDuHWTcEIC7c2iFe', 'UwnOPWSIgT', '0', 'GAS3tuOs3SoKXgM7sv3zLiMZgksiijVG0wQIJo3G', 'false', '2018-07-30 18:12:44', '2018-07-30 18:12:44'),
(714, 'Christ Kunde', 'josefa85@example.org', '$2y$10$sJUJ6dsccPkfrifcRERxg.aTqr7.bdXsmh0w7IDuHWTcEIC7c2iFe', '6GEhhVtDae', '0', 'MtZDbjFwf1zE5qmEl46WoQRGNTPWwP4r0WwLM03u', 'false', '2018-07-30 18:12:44', '2018-07-30 18:12:44'),
(715, 'Laurianne Batz', 'constance58@example.org', '$2y$10$sJUJ6dsccPkfrifcRERxg.aTqr7.bdXsmh0w7IDuHWTcEIC7c2iFe', 'PQ8oJIvfnH', '1', NULL, 'true', '2018-07-30 18:12:44', '2018-07-30 18:12:44'),
(716, 'Mrs. Viviane Hudson', 'nestor85@example.org', '$2y$10$sJUJ6dsccPkfrifcRERxg.aTqr7.bdXsmh0w7IDuHWTcEIC7c2iFe', 's3pedL9BbQ', '0', 'jnEhfDuoCIKXOVeDDHrYAVRMK0uzD0C9L0ocTN18', 'false', '2018-07-30 18:12:44', '2018-07-30 18:12:44'),
(717, 'Prof. Hettie Nienow', 'qlangworth@example.org', '$2y$10$sJUJ6dsccPkfrifcRERxg.aTqr7.bdXsmh0w7IDuHWTcEIC7c2iFe', '7pUkmlsYrG', '1', NULL, 'false', '2018-07-30 18:12:44', '2018-07-30 18:12:44'),
(718, 'Eloisa Spencer', 'meredith99@example.org', '$2y$10$sJUJ6dsccPkfrifcRERxg.aTqr7.bdXsmh0w7IDuHWTcEIC7c2iFe', 'aIUr5aoETJ', '0', 'Gv1Nh0DFGdVyGjXhPXL8UREPCTnUwWftakQGnJCZ', 'false', '2018-07-30 18:12:44', '2018-07-30 18:12:44'),
(719, 'Mitchel Toy', 'wilderman.diego@example.net', '$2y$10$sJUJ6dsccPkfrifcRERxg.aTqr7.bdXsmh0w7IDuHWTcEIC7c2iFe', 'mG4LnE49Iw', '0', '3x6DzsfLtIQ4HngAA5JnnPJGZkt9jQOq4hLyVw6X', 'false', '2018-07-30 18:12:44', '2018-07-30 18:12:44'),
(720, 'Mr. Jett Hauck Sr.', 'rgreen@example.com', '$2y$10$sJUJ6dsccPkfrifcRERxg.aTqr7.bdXsmh0w7IDuHWTcEIC7c2iFe', 'Ocu5BTjPY7', '0', '9vBdxQimmNAFxHMPwqRE8jDtr5VhVibMklXk4lrN', 'false', '2018-07-30 18:12:44', '2018-07-30 18:12:44'),
(721, 'Norma Runolfsdottir', 'kaitlin26@example.net', '$2y$10$sJUJ6dsccPkfrifcRERxg.aTqr7.bdXsmh0w7IDuHWTcEIC7c2iFe', '30jdgmIC00', '1', NULL, 'true', '2018-07-30 18:12:44', '2018-07-30 18:12:44'),
(722, 'Viviane Kozey V', 'leffler.anabel@example.org', '$2y$10$sJUJ6dsccPkfrifcRERxg.aTqr7.bdXsmh0w7IDuHWTcEIC7c2iFe', 'cQrirCOeb1', '0', 'pmMWshHtuSQVE6r8JzhzQEDprCmSJUYITr2AwMoU', 'false', '2018-07-30 18:12:44', '2018-07-30 18:12:44'),
(723, 'Nicholaus Brown', 'alivia.schumm@example.org', '$2y$10$sJUJ6dsccPkfrifcRERxg.aTqr7.bdXsmh0w7IDuHWTcEIC7c2iFe', '9jGnaVbYrA', '1', NULL, 'false', '2018-07-30 18:12:44', '2018-07-30 18:12:44'),
(724, 'Morton Ortiz', 'eino.braun@example.com', '$2y$10$sJUJ6dsccPkfrifcRERxg.aTqr7.bdXsmh0w7IDuHWTcEIC7c2iFe', '6gZBKjKZO8', '1', NULL, 'true', '2018-07-30 18:12:44', '2018-07-30 18:12:44'),
(725, 'Miss Shania Weissnat', 'dwill@example.com', '$2y$10$sJUJ6dsccPkfrifcRERxg.aTqr7.bdXsmh0w7IDuHWTcEIC7c2iFe', 'nLsgDKCZMv', '0', 'fGMJJceVHO5sQDJHqh63mWASOjamN1Fr1aAG2fsr', 'true', '2018-07-30 18:12:44', '2018-07-30 18:12:44'),
(726, 'Julianne Weimann', 'etha08@example.net', '$2y$10$sJUJ6dsccPkfrifcRERxg.aTqr7.bdXsmh0w7IDuHWTcEIC7c2iFe', 'AIjrea1843', '0', 'wN7txQxFh5QB63yyB3dXP2nEBS6fmj0GVJda2vpi', 'false', '2018-07-30 18:12:44', '2018-07-30 18:12:44'),
(727, 'Hershel Frami', 'angela43@example.com', '$2y$10$sJUJ6dsccPkfrifcRERxg.aTqr7.bdXsmh0w7IDuHWTcEIC7c2iFe', '3QKbrI8Kvo', '0', 'inJQ9b5BPOf0bDTYgNgL3awKZGnex7vepA6Z7PPE', 'true', '2018-07-30 18:12:44', '2018-07-30 18:12:44'),
(728, 'Donnie Gaylord', 'qprohaska@example.com', '$2y$10$sJUJ6dsccPkfrifcRERxg.aTqr7.bdXsmh0w7IDuHWTcEIC7c2iFe', 'EoCk9oYr9H', '1', NULL, 'false', '2018-07-30 18:12:44', '2018-07-30 18:12:44'),
(729, 'Prof. Zackary Muller I', 'destinee.wilkinson@example.com', '$2y$10$sJUJ6dsccPkfrifcRERxg.aTqr7.bdXsmh0w7IDuHWTcEIC7c2iFe', 'k8S84L8PPk', '0', 'R6FSaiCCoodb1Qs7OaWptUBXwjzYgjlHgJrTj0GE', 'false', '2018-07-30 18:12:44', '2018-07-30 18:12:44'),
(730, 'Mr. Lafayette Hessel', 'nora52@example.com', '$2y$10$sJUJ6dsccPkfrifcRERxg.aTqr7.bdXsmh0w7IDuHWTcEIC7c2iFe', '9FZ0pbCROU', '1', NULL, 'true', '2018-07-30 18:12:44', '2018-07-30 18:12:44'),
(731, 'Dock Goyette', 'cristobal68@example.org', '$2y$10$sJUJ6dsccPkfrifcRERxg.aTqr7.bdXsmh0w7IDuHWTcEIC7c2iFe', 'bb4izDm7OU', '1', NULL, 'true', '2018-07-30 18:12:44', '2018-07-30 18:12:44'),
(732, 'Nettie Keeling', 'helen.zieme@example.org', '$2y$10$sJUJ6dsccPkfrifcRERxg.aTqr7.bdXsmh0w7IDuHWTcEIC7c2iFe', '4zOE3rrt1b', '0', 'HEXZJjrwzRknK0xd1CPuvptjh5nn3T7rTgeiwIqn', 'true', '2018-07-30 18:12:44', '2018-07-30 18:12:44'),
(733, 'Mrs. Maurine Emard', 'llangworth@example.org', '$2y$10$sJUJ6dsccPkfrifcRERxg.aTqr7.bdXsmh0w7IDuHWTcEIC7c2iFe', 'ZaR7jkVI6d', '0', 'rJR7HtpZJCXKyDMXOZXrSRdOLg4sgNfFC6FJ5CRD', 'true', '2018-07-30 18:12:44', '2018-07-30 18:12:44'),
(734, 'Akeem Weimann', 'jerel40@example.net', '$2y$10$sJUJ6dsccPkfrifcRERxg.aTqr7.bdXsmh0w7IDuHWTcEIC7c2iFe', 'YcYYZPvPaY', '0', 'nkt1fZMvQCiBjUolDwgUyIQlVljhHTu7aaERFHwF', 'false', '2018-07-30 18:12:44', '2018-07-30 18:12:44'),
(735, 'Cyril Medhurst', 'daniella77@example.net', '$2y$10$sJUJ6dsccPkfrifcRERxg.aTqr7.bdXsmh0w7IDuHWTcEIC7c2iFe', '7uXNPqu9kj', '0', '7nzFQ4e284XV2ERSVokFA40zjDsm9g5RU9Rk4Rsw', 'false', '2018-07-30 18:12:44', '2018-07-30 18:12:44'),
(736, 'Ardella Ferry', 'iboyle@example.org', '$2y$10$sJUJ6dsccPkfrifcRERxg.aTqr7.bdXsmh0w7IDuHWTcEIC7c2iFe', 'NRRvSJXlbp', '1', NULL, 'false', '2018-07-30 18:12:44', '2018-07-30 18:12:44'),
(737, 'Jessica Hettinger', 'jared05@example.org', '$2y$10$sJUJ6dsccPkfrifcRERxg.aTqr7.bdXsmh0w7IDuHWTcEIC7c2iFe', 'cl365CW1ri', '0', 'HE8L3O6AOfTIKqNBlZC2HFnWGCr3uvyFa6sfKNLh', 'true', '2018-07-30 18:12:44', '2018-07-30 18:12:44'),
(738, 'Blake Gutmann', 'izaiah.davis@example.com', '$2y$10$sJUJ6dsccPkfrifcRERxg.aTqr7.bdXsmh0w7IDuHWTcEIC7c2iFe', 'cQB9a44RvY', '1', NULL, 'false', '2018-07-30 18:12:44', '2018-07-30 18:12:44'),
(739, 'Jodie Fay', 'kellen06@example.com', '$2y$10$sJUJ6dsccPkfrifcRERxg.aTqr7.bdXsmh0w7IDuHWTcEIC7c2iFe', 'jeTCLPLCQT', '1', NULL, 'false', '2018-07-30 18:12:44', '2018-07-30 18:12:44'),
(740, 'Ludie Bruen PhD', 'alessia.collier@example.org', '$2y$10$sJUJ6dsccPkfrifcRERxg.aTqr7.bdXsmh0w7IDuHWTcEIC7c2iFe', 'FxwdDDtUgN', '1', NULL, 'true', '2018-07-30 18:12:44', '2018-07-30 18:12:44'),
(741, 'Luisa Hahn', 'ebony.spinka@example.com', '$2y$10$sJUJ6dsccPkfrifcRERxg.aTqr7.bdXsmh0w7IDuHWTcEIC7c2iFe', 'Wh6mZNE86H', '1', NULL, 'false', '2018-07-30 18:12:44', '2018-07-30 18:12:44'),
(742, 'Shania Ortiz', 'jabari.adams@example.com', '$2y$10$sJUJ6dsccPkfrifcRERxg.aTqr7.bdXsmh0w7IDuHWTcEIC7c2iFe', 'Cs9fiMTARG', '0', 'IA65FCD08zvbzqBMCS1kIB0A6NmnCAZfg8JQZzxH', 'true', '2018-07-30 18:12:44', '2018-07-30 18:12:44'),
(743, 'Frankie Strosin', 'quentin.littel@example.net', '$2y$10$sJUJ6dsccPkfrifcRERxg.aTqr7.bdXsmh0w7IDuHWTcEIC7c2iFe', 'KDOGay4eI1', '1', NULL, 'false', '2018-07-30 18:12:44', '2018-07-30 18:12:44'),
(744, 'Bulah Upton V', 'yasmine09@example.org', '$2y$10$sJUJ6dsccPkfrifcRERxg.aTqr7.bdXsmh0w7IDuHWTcEIC7c2iFe', 'mruXQxNJdG', '0', 'IgDnKPJb5zNiqet26gTGLXNVQqoFMXJEdiNBVXUo', 'true', '2018-07-30 18:12:44', '2018-07-30 18:12:44'),
(745, 'Emil Zulauf', 'landen.bartell@example.com', '$2y$10$sJUJ6dsccPkfrifcRERxg.aTqr7.bdXsmh0w7IDuHWTcEIC7c2iFe', '00a17WqcbH', '1', NULL, 'true', '2018-07-30 18:12:45', '2018-07-30 18:12:45'),
(746, 'Dr. Raphael Rice DVM', 'smacejkovic@example.net', '$2y$10$sJUJ6dsccPkfrifcRERxg.aTqr7.bdXsmh0w7IDuHWTcEIC7c2iFe', 'FBLJNKnzeD', '0', 'KxBSpmgkZkE4rZ7LROXe8AzAjBL5s1zMkqHX7704', 'false', '2018-07-30 18:12:45', '2018-07-30 18:12:45'),
(747, 'Mr. Josue Marquardt IV', 'shields.anderson@example.com', '$2y$10$sJUJ6dsccPkfrifcRERxg.aTqr7.bdXsmh0w7IDuHWTcEIC7c2iFe', 'C1swohgFFo', '0', 'nnsRIPvygOmIl1clyLI1ovAJl7sSc6lkqfxK7t2J', 'true', '2018-07-30 18:12:45', '2018-07-30 18:12:45'),
(748, 'Sedrick Raynor', 'seamus.parker@example.com', '$2y$10$sJUJ6dsccPkfrifcRERxg.aTqr7.bdXsmh0w7IDuHWTcEIC7c2iFe', '07IQQ9EFZ4', '0', 'IBCzo8g7UqKnT5GP2LXmy59Pozp8YAoQBYeqhOfn', 'false', '2018-07-30 18:12:45', '2018-07-30 18:12:45'),
(749, 'Mr. Matteo Witting', 'humberto60@example.org', '$2y$10$sJUJ6dsccPkfrifcRERxg.aTqr7.bdXsmh0w7IDuHWTcEIC7c2iFe', 'QuSfOIdvK7', '0', 'sgRzLIckSI6OSsJAWc6nWqIrmPezKh4J6u1vf9m2', 'false', '2018-07-30 18:12:45', '2018-07-30 18:12:45'),
(750, 'Julie Gislason', 'jannie.boyer@example.net', '$2y$10$sJUJ6dsccPkfrifcRERxg.aTqr7.bdXsmh0w7IDuHWTcEIC7c2iFe', 'QXhr8eXKuB', '1', NULL, 'false', '2018-07-30 18:12:45', '2018-07-30 18:12:45'),
(751, 'Caroline Rempel', 'rodriguez.cary@example.org', '$2y$10$sJUJ6dsccPkfrifcRERxg.aTqr7.bdXsmh0w7IDuHWTcEIC7c2iFe', 'VDF9KnYu4w', '0', 'eK3pxvQRx50X1n1dHLTmDRdhgFtjeAreI0ggOWrv', 'false', '2018-07-30 18:12:45', '2018-07-30 18:12:45'),
(752, 'Prof. Favian Crooks', 'adelbert.ankunding@example.org', '$2y$10$sJUJ6dsccPkfrifcRERxg.aTqr7.bdXsmh0w7IDuHWTcEIC7c2iFe', 'lbG5LkOlXc', '1', NULL, 'true', '2018-07-30 18:12:45', '2018-07-30 18:12:45'),
(753, 'Mr. Mavis Becker DVM', 'feest.talon@example.com', '$2y$10$sJUJ6dsccPkfrifcRERxg.aTqr7.bdXsmh0w7IDuHWTcEIC7c2iFe', 'SVNUgI0A9H', '1', NULL, 'true', '2018-07-30 18:12:45', '2018-07-30 18:12:45'),
(754, 'Miss Electa Fritsch', 'arlie12@example.com', '$2y$10$sJUJ6dsccPkfrifcRERxg.aTqr7.bdXsmh0w7IDuHWTcEIC7c2iFe', '67M9DEsIzq', '0', 'XJhMrs6CLcNLzTh5YwaGxPs0XmKLYoBlnsLooqWm', 'true', '2018-07-30 18:12:45', '2018-07-30 18:12:45'),
(755, 'Darren Buckridge', 'willard99@example.net', '$2y$10$sJUJ6dsccPkfrifcRERxg.aTqr7.bdXsmh0w7IDuHWTcEIC7c2iFe', '2jkBK8wO05', '1', NULL, 'false', '2018-07-30 18:12:45', '2018-07-30 18:12:45'),
(756, 'Lenna Lueilwitz', 'rasheed50@example.org', '$2y$10$sJUJ6dsccPkfrifcRERxg.aTqr7.bdXsmh0w7IDuHWTcEIC7c2iFe', 'R3WExjpkhh', '0', 'bBivOmFDloQmHG1RtZJGkvyoSyQD6YNfmVPyumLg', 'false', '2018-07-30 18:12:45', '2018-07-30 18:12:45'),
(757, 'Mr. Leopold Christiansen', 'louvenia94@example.org', '$2y$10$sJUJ6dsccPkfrifcRERxg.aTqr7.bdXsmh0w7IDuHWTcEIC7c2iFe', 'VGtO6yaY2y', '0', 'veR1sQyXMxfB7HZphRq2ZvKaVbcC4ljUr8ejsva7', 'false', '2018-07-30 18:12:45', '2018-07-30 18:12:45'),
(758, 'Kale Simonis IV', 'langworth.josephine@example.com', '$2y$10$sJUJ6dsccPkfrifcRERxg.aTqr7.bdXsmh0w7IDuHWTcEIC7c2iFe', '1QOOvuYUip', '1', NULL, 'false', '2018-07-30 18:12:45', '2018-07-30 18:12:45'),
(759, 'Wyatt Wyman', 'creola79@example.net', '$2y$10$sJUJ6dsccPkfrifcRERxg.aTqr7.bdXsmh0w7IDuHWTcEIC7c2iFe', 'VD4XBqSA0C', '1', NULL, 'false', '2018-07-30 18:12:45', '2018-07-30 18:12:45'),
(760, 'Angelita Paucek', 'roob.modesta@example.net', '$2y$10$sJUJ6dsccPkfrifcRERxg.aTqr7.bdXsmh0w7IDuHWTcEIC7c2iFe', 'zRMNoXAmqZ', '0', 'XJQV9sjoeSrY3Hh1BpDDH3Doy8XxR0cJ5k7WhXGC', 'false', '2018-07-30 18:12:45', '2018-07-30 18:12:45'),
(761, 'Josianne Harber PhD', 'jaunita87@example.org', '$2y$10$sJUJ6dsccPkfrifcRERxg.aTqr7.bdXsmh0w7IDuHWTcEIC7c2iFe', 'yj2VySYecK', '0', 'zYXOOvrdkhsRAjxt6cduZIA9ZUSW8geSG1VYqUBz', 'false', '2018-07-30 18:12:45', '2018-07-30 18:12:45'),
(762, 'Prof. Vincenza Walter II', 'nestor52@example.org', '$2y$10$sJUJ6dsccPkfrifcRERxg.aTqr7.bdXsmh0w7IDuHWTcEIC7c2iFe', 'ngbRTzSz6I', '1', NULL, 'false', '2018-07-30 18:12:45', '2018-07-30 18:12:45'),
(763, 'Matilda Parisian', 'parker.howell@example.net', '$2y$10$sJUJ6dsccPkfrifcRERxg.aTqr7.bdXsmh0w7IDuHWTcEIC7c2iFe', 'cql2O4YuOF', '1', NULL, 'true', '2018-07-30 18:12:45', '2018-07-30 18:12:45'),
(764, 'Richie Parker', 'eryn.zemlak@example.net', '$2y$10$sJUJ6dsccPkfrifcRERxg.aTqr7.bdXsmh0w7IDuHWTcEIC7c2iFe', '4649MUp5Df', '1', NULL, 'true', '2018-07-30 18:12:45', '2018-07-30 18:12:45'),
(765, 'Jude Jenkins', 'reynolds.arvid@example.net', '$2y$10$sJUJ6dsccPkfrifcRERxg.aTqr7.bdXsmh0w7IDuHWTcEIC7c2iFe', 'NvVe8zIfw0', '1', NULL, 'true', '2018-07-30 18:12:45', '2018-07-30 18:12:45'),
(766, 'Dr. Clifford Tremblay I', 'jed.kihn@example.net', '$2y$10$sJUJ6dsccPkfrifcRERxg.aTqr7.bdXsmh0w7IDuHWTcEIC7c2iFe', 'DWaxQbxJ91', '0', 'uMW81YQg3DYKwEwOzNkGYEcK0EWNOazI8LHoOLaY', 'true', '2018-07-30 18:12:45', '2018-07-30 18:12:45'),
(767, 'Mrs. Thea Bayer', 'vonrueden.alanis@example.org', '$2y$10$sJUJ6dsccPkfrifcRERxg.aTqr7.bdXsmh0w7IDuHWTcEIC7c2iFe', 'w8QSxAXxzM', '1', NULL, 'true', '2018-07-30 18:12:45', '2018-07-30 18:12:45'),
(768, 'Shawn Nikolaus', 'terry.josiah@example.com', '$2y$10$sJUJ6dsccPkfrifcRERxg.aTqr7.bdXsmh0w7IDuHWTcEIC7c2iFe', 'SiJhw0PlAx', '0', '1P2CDcLHsYcBNFRc1ZWeCGPpW2XDGRbKriAitLSp', 'true', '2018-07-30 18:12:45', '2018-07-30 18:12:45'),
(769, 'Pauline Jacobson III', 'uharvey@example.org', '$2y$10$sJUJ6dsccPkfrifcRERxg.aTqr7.bdXsmh0w7IDuHWTcEIC7c2iFe', 'BMe5pvsPDa', '1', NULL, 'true', '2018-07-30 18:12:45', '2018-07-30 18:12:45'),
(770, 'Clementina Schmeler', 'sledner@example.net', '$2y$10$sJUJ6dsccPkfrifcRERxg.aTqr7.bdXsmh0w7IDuHWTcEIC7c2iFe', 'e8fuKzbPcu', '0', 'vsqQnOeJP7P1Eo19IDvYwnxVHaerZ1S9SEimL2Li', 'true', '2018-07-30 18:12:45', '2018-07-30 18:12:45'),
(771, 'Mrs. Nia Hill PhD', 'jeramy.cummings@example.net', '$2y$10$sJUJ6dsccPkfrifcRERxg.aTqr7.bdXsmh0w7IDuHWTcEIC7c2iFe', 'qahEmUXwxo', '1', NULL, 'true', '2018-07-30 18:12:45', '2018-07-30 18:12:45'),
(772, 'Chyna Stoltenberg', 'hand.grant@example.net', '$2y$10$sJUJ6dsccPkfrifcRERxg.aTqr7.bdXsmh0w7IDuHWTcEIC7c2iFe', 'e92OWHpYkx', '0', '1lumjSgPnvc3alZPeVeS7nGTEQk1NqfzJE0YhHy2', 'true', '2018-07-30 18:12:45', '2018-07-30 18:12:45'),
(773, 'Demetris Kuphal', 'florencio.collier@example.net', '$2y$10$sJUJ6dsccPkfrifcRERxg.aTqr7.bdXsmh0w7IDuHWTcEIC7c2iFe', 'MiKafZJgJj', '1', NULL, 'true', '2018-07-30 18:12:45', '2018-07-30 18:12:45'),
(774, 'Celestino Hammes', 'white.jeremie@example.net', '$2y$10$sJUJ6dsccPkfrifcRERxg.aTqr7.bdXsmh0w7IDuHWTcEIC7c2iFe', 'aJgbEy5CeS', '1', NULL, 'false', '2018-07-30 18:12:45', '2018-07-30 18:12:45'),
(775, 'Marlin Bergnaum DDS', 'gjacobi@example.org', '$2y$10$sJUJ6dsccPkfrifcRERxg.aTqr7.bdXsmh0w7IDuHWTcEIC7c2iFe', 'T1sYovLolW', '1', NULL, 'false', '2018-07-30 18:12:45', '2018-07-30 18:12:45'),
(776, 'Richie Weissnat', 'lemuel.champlin@example.com', '$2y$10$sJUJ6dsccPkfrifcRERxg.aTqr7.bdXsmh0w7IDuHWTcEIC7c2iFe', 'ojaAIWDRW8', '0', 'e9Ovr9EWWI9eEqyed1n9EYqkHw5ZSBHTqe43rpXU', 'true', '2018-07-30 18:12:45', '2018-07-30 18:12:45'),
(777, 'Wilhelmine Zboncak', 'percy.langosh@example.com', '$2y$10$sJUJ6dsccPkfrifcRERxg.aTqr7.bdXsmh0w7IDuHWTcEIC7c2iFe', 'qt50yE3CBd', '1', NULL, 'false', '2018-07-30 18:12:45', '2018-07-30 18:12:45'),
(778, 'Darion Bogan', 'sylvia.kozey@example.net', '$2y$10$sJUJ6dsccPkfrifcRERxg.aTqr7.bdXsmh0w7IDuHWTcEIC7c2iFe', 'PqVDgkVXYY', '0', 'F1re2hBqMFdkVpAM3etk7iCrzZ5PPAC2nDvhvI2s', 'true', '2018-07-30 18:12:46', '2018-07-30 18:12:46'),
(779, 'Kim Kulas', 'ignacio.zulauf@example.org', '$2y$10$sJUJ6dsccPkfrifcRERxg.aTqr7.bdXsmh0w7IDuHWTcEIC7c2iFe', 'Xtyc9brF41', '0', 'aOJd3jFFm4YoElMbgNKyE7YYQln9zWsPmgZnLHOS', 'false', '2018-07-30 18:12:46', '2018-07-30 18:12:46'),
(780, 'Graciela Farrell', 'filiberto70@example.org', '$2y$10$sJUJ6dsccPkfrifcRERxg.aTqr7.bdXsmh0w7IDuHWTcEIC7c2iFe', 'FHjAUSvoTr', '1', NULL, 'false', '2018-07-30 18:12:46', '2018-07-30 18:12:46'),
(781, 'Gerry Shanahan', 'crunolfsson@example.net', '$2y$10$sJUJ6dsccPkfrifcRERxg.aTqr7.bdXsmh0w7IDuHWTcEIC7c2iFe', 'i7YtG4jZxi', '0', 'UqIN7JbrT07xZVWlRkuKaGUybLwyFi6E61rnb6xk', 'true', '2018-07-30 18:12:46', '2018-07-30 18:12:46'),
(782, 'Julie O\'Hara', 'jamie70@example.com', '$2y$10$sJUJ6dsccPkfrifcRERxg.aTqr7.bdXsmh0w7IDuHWTcEIC7c2iFe', 'Rgv8I5eiSt', '0', 'xJFJIYNWGcFvrR4SQ2qFscBXrlJ4O2YhgT8LvKsA', 'true', '2018-07-30 18:12:46', '2018-07-30 18:12:46'),
(783, 'Devin Reilly', 'runte.lucie@example.com', '$2y$10$sJUJ6dsccPkfrifcRERxg.aTqr7.bdXsmh0w7IDuHWTcEIC7c2iFe', 'JUXzK6D6A9', '0', 'L1JzZs4hxC7KoISO86ky83Tbeyv76IkXhTsJfSA7', 'false', '2018-07-30 18:12:46', '2018-07-30 18:12:46'),
(784, 'Aidan O\'Reilly', 'jeremy.white@example.org', '$2y$10$sJUJ6dsccPkfrifcRERxg.aTqr7.bdXsmh0w7IDuHWTcEIC7c2iFe', 'GeWZmQS16r', '0', 'v2LcJyV2VpQU0CCS7thkRfM3KGfoWYQPHX7h9sdX', 'true', '2018-07-30 18:12:46', '2018-07-30 18:12:46'),
(785, 'Ms. Kavon Renner', 'florine.orn@example.org', '$2y$10$sJUJ6dsccPkfrifcRERxg.aTqr7.bdXsmh0w7IDuHWTcEIC7c2iFe', 'G0d0b1oNJn', '1', NULL, 'false', '2018-07-30 18:12:46', '2018-07-30 18:12:46'),
(786, 'Dale Kautzer', 'ashton.nicolas@example.net', '$2y$10$sJUJ6dsccPkfrifcRERxg.aTqr7.bdXsmh0w7IDuHWTcEIC7c2iFe', 'RwYqnKOx4D', '1', NULL, 'false', '2018-07-30 18:12:46', '2018-07-30 18:12:46'),
(787, 'Ms. Marcella Simonis IV', 'jaclyn.mcclure@example.org', '$2y$10$sJUJ6dsccPkfrifcRERxg.aTqr7.bdXsmh0w7IDuHWTcEIC7c2iFe', 'H9CLFRYfNW', '1', NULL, 'false', '2018-07-30 18:12:46', '2018-07-30 18:12:46'),
(788, 'Carson Kshlerin', 'federico.olson@example.com', '$2y$10$sJUJ6dsccPkfrifcRERxg.aTqr7.bdXsmh0w7IDuHWTcEIC7c2iFe', 'iAoGQIJ5OH', '0', 'otAIDcwV5pc58M8N6bdE5T8OKKS5LteZzEmd12va', 'true', '2018-07-30 18:12:46', '2018-07-30 18:12:46'),
(789, 'London Upton', 'leif.mante@example.com', '$2y$10$sJUJ6dsccPkfrifcRERxg.aTqr7.bdXsmh0w7IDuHWTcEIC7c2iFe', 'JRR25A4685', '0', 'gxEtUjE2FqSBoFurpcrW1ukKHA3RdEyAbO0riLUM', 'false', '2018-07-30 18:12:46', '2018-07-30 18:12:46'),
(790, 'Beverly Jaskolski', 'qcummerata@example.net', '$2y$10$sJUJ6dsccPkfrifcRERxg.aTqr7.bdXsmh0w7IDuHWTcEIC7c2iFe', '6zKLwtxA0q', '1', NULL, 'true', '2018-07-30 18:12:46', '2018-07-30 18:12:46'),
(791, 'Ms. Grace Funk', 'ccasper@example.net', '$2y$10$sJUJ6dsccPkfrifcRERxg.aTqr7.bdXsmh0w7IDuHWTcEIC7c2iFe', 'JVu69RfXaW', '0', '4PUf8J7Cx9XRX0ToQe8cTxLYRPCV4i2pA77cGgld', 'true', '2018-07-30 18:12:46', '2018-07-30 18:12:46'),
(792, 'Lesly Lowe', 'beatrice.schultz@example.com', '$2y$10$sJUJ6dsccPkfrifcRERxg.aTqr7.bdXsmh0w7IDuHWTcEIC7c2iFe', 'rGPDnh1zlz', '0', '41HmnQylf25pYSTQhMzcVSNhLoUxPZHHBnM4QH3g', 'false', '2018-07-30 18:12:46', '2018-07-30 18:12:46'),
(793, 'Dallas Leffler', 'uriel86@example.org', '$2y$10$sJUJ6dsccPkfrifcRERxg.aTqr7.bdXsmh0w7IDuHWTcEIC7c2iFe', 'nMYjh9e71b', '1', NULL, 'false', '2018-07-30 18:12:46', '2018-07-30 18:12:46'),
(794, 'Issac Hansen', 'blick.bud@example.com', '$2y$10$sJUJ6dsccPkfrifcRERxg.aTqr7.bdXsmh0w7IDuHWTcEIC7c2iFe', 'xETo3hgZGH', '0', '2C19RNGB7jxMORz9a40LLSDHf3IU9wzWZPGEQgs8', 'true', '2018-07-30 18:12:46', '2018-07-30 18:12:46'),
(795, 'Gail Morissette', 'schaden.lori@example.net', '$2y$10$sJUJ6dsccPkfrifcRERxg.aTqr7.bdXsmh0w7IDuHWTcEIC7c2iFe', '7Yx8bByMSO', '0', 'K4wQWAUBuo3udQtkdcbrDc6y11sMb4vjpX77YaHy', 'false', '2018-07-30 18:12:46', '2018-07-30 18:12:46'),
(796, 'Devin Spinka', 'crodriguez@example.com', '$2y$10$sJUJ6dsccPkfrifcRERxg.aTqr7.bdXsmh0w7IDuHWTcEIC7c2iFe', '8e2uJEP7XR', '0', 'vJc3dEQEvj92jh1nkJx4sGjLWU11Dx0Z56actPiU', 'true', '2018-07-30 18:12:46', '2018-07-30 18:12:46'),
(797, 'Madeline Berge', 'waylon05@example.com', '$2y$10$sJUJ6dsccPkfrifcRERxg.aTqr7.bdXsmh0w7IDuHWTcEIC7c2iFe', '8cXrRFRXy5', '0', 'jTyPxENzUJ5UDS3qWvJwLILPRUQQRUOJzs9AoXZb', 'true', '2018-07-30 18:12:46', '2018-07-30 18:12:46'),
(798, 'Elenora Turcotte', 'vlarkin@example.net', '$2y$10$sJUJ6dsccPkfrifcRERxg.aTqr7.bdXsmh0w7IDuHWTcEIC7c2iFe', 'QRrcS8jDfJ', '0', 'bBoenqA3w7THKCyYzlnZbzu7teecEu0vprrjc4mA', 'true', '2018-07-30 18:12:46', '2018-07-30 18:12:46'),
(799, 'Mr. Darrin Ledner II', 'rosa87@example.net', '$2y$10$sJUJ6dsccPkfrifcRERxg.aTqr7.bdXsmh0w7IDuHWTcEIC7c2iFe', 'gps0xUPQGg', '0', '9jUpRQDmgKvX8PwsIKf2KaaPvljLZ6NjXZYDH4Q4', 'false', '2018-07-30 18:12:46', '2018-07-30 18:12:46'),
(800, 'Era Smitham', 'mollie76@example.org', '$2y$10$sJUJ6dsccPkfrifcRERxg.aTqr7.bdXsmh0w7IDuHWTcEIC7c2iFe', '59NnOigdBE', '1', NULL, 'false', '2018-07-30 18:12:46', '2018-07-30 18:12:46'),
(801, 'Mr. Emery Anderson', 'sydnie58@example.org', '$2y$10$sJUJ6dsccPkfrifcRERxg.aTqr7.bdXsmh0w7IDuHWTcEIC7c2iFe', '6YBeqhnClc', '0', 'mqxfqZn7jf8P8szzlCsUB8pyHhqM0pC66OalEGWW', 'false', '2018-07-30 18:12:46', '2018-07-30 18:12:46'),
(802, 'Andrew Bailey', 'liana93@example.org', '$2y$10$sJUJ6dsccPkfrifcRERxg.aTqr7.bdXsmh0w7IDuHWTcEIC7c2iFe', 'Hr2CzDnz7Y', '0', 'DA5Ju3SHhdDHNxngr5goVrIlZJSJpOqAzNVeNMWL', 'false', '2018-07-30 18:12:46', '2018-07-30 18:12:46'),
(803, 'Bill Hayes', 'ycarter@example.net', '$2y$10$sJUJ6dsccPkfrifcRERxg.aTqr7.bdXsmh0w7IDuHWTcEIC7c2iFe', 'YZaetmQ0ZH', '0', 'EBeUuSNW1bg9tV2m8NYSVuidHYmuzh4c4R3hqd58', 'true', '2018-07-30 18:12:46', '2018-07-30 18:12:46'),
(804, 'Letha Cormier', 'rherzog@example.org', '$2y$10$sJUJ6dsccPkfrifcRERxg.aTqr7.bdXsmh0w7IDuHWTcEIC7c2iFe', 'rtVeGIzzji', '0', 'OfJxW52zNERIXR6zJYCLhEsaYYGRIJB3RCOYFd1L', 'false', '2018-07-30 18:12:47', '2018-07-30 18:12:47'),
(805, 'Sven Bednar', 'kessler.olen@example.org', '$2y$10$sJUJ6dsccPkfrifcRERxg.aTqr7.bdXsmh0w7IDuHWTcEIC7c2iFe', 'EGgBXVrQTF', '1', NULL, 'true', '2018-07-30 18:12:47', '2018-07-30 18:12:47'),
(806, 'Lucy VonRueden', 'haven.bednar@example.com', '$2y$10$sJUJ6dsccPkfrifcRERxg.aTqr7.bdXsmh0w7IDuHWTcEIC7c2iFe', 'BdN0xnSH78', '0', 'm9XdlsDGLtguuHD9tRlxsO3kItgfGD78PpmdkY7L', 'false', '2018-07-30 18:12:47', '2018-07-30 18:12:47'),
(807, 'Kiley Stracke', 'sherman91@example.com', '$2y$10$sJUJ6dsccPkfrifcRERxg.aTqr7.bdXsmh0w7IDuHWTcEIC7c2iFe', '2F72p3hze3', '0', '2kWRPXd9RndotkwozxTxTVlD2LZEGzpVbLKq8Nzh', 'true', '2018-07-30 18:12:47', '2018-07-30 18:12:47'),
(808, 'Leonardo Harber', 'natalie27@example.com', '$2y$10$sJUJ6dsccPkfrifcRERxg.aTqr7.bdXsmh0w7IDuHWTcEIC7c2iFe', 'Rc0yj8dPXy', '1', NULL, 'true', '2018-07-30 18:12:47', '2018-07-30 18:12:47'),
(809, 'Hassie Bauch', 'aufderhar.sarina@example.org', '$2y$10$sJUJ6dsccPkfrifcRERxg.aTqr7.bdXsmh0w7IDuHWTcEIC7c2iFe', 'D5XZdWvf7X', '1', NULL, 'true', '2018-07-30 18:12:47', '2018-07-30 18:12:47'),
(810, 'Abraham Boyle V', 'vbeier@example.org', '$2y$10$sJUJ6dsccPkfrifcRERxg.aTqr7.bdXsmh0w7IDuHWTcEIC7c2iFe', 'JiMWOyPCjL', '0', 'BXBRVmZNaKYOAC6Gto0ttPbCQToNzxIRj46q3rwy', 'true', '2018-07-30 18:12:47', '2018-07-30 18:12:47'),
(811, 'Jordan Gorczany', 'chauncey.cremin@example.net', '$2y$10$sJUJ6dsccPkfrifcRERxg.aTqr7.bdXsmh0w7IDuHWTcEIC7c2iFe', 'VLoMEtkOZO', '0', 'V7zqxcP8ezPFHcQjRUrxRlIOadp2O51S8ukSLG2c', 'false', '2018-07-30 18:12:47', '2018-07-30 18:12:47'),
(812, 'Verlie Feest Jr.', 'quincy28@example.com', '$2y$10$sJUJ6dsccPkfrifcRERxg.aTqr7.bdXsmh0w7IDuHWTcEIC7c2iFe', '1r7rnG0Mkq', '0', 'nw4sQlHO0J0iXNnqu0EshUkuqxhZ1biylDwcLb7E', 'true', '2018-07-30 18:12:47', '2018-07-30 18:12:47'),
(813, 'Prof. Stacy Kozey', 'larkin.annamarie@example.org', '$2y$10$sJUJ6dsccPkfrifcRERxg.aTqr7.bdXsmh0w7IDuHWTcEIC7c2iFe', 'b9vPJxRRfB', '1', NULL, 'false', '2018-07-30 18:12:47', '2018-07-30 18:12:47'),
(814, 'Ms. Marjolaine Jacobson DVM', 'lolson@example.net', '$2y$10$sJUJ6dsccPkfrifcRERxg.aTqr7.bdXsmh0w7IDuHWTcEIC7c2iFe', 'XHD636XMjS', '0', 'MzR5tAMeZJ5cUkaMu2lYFqlX33vnt6zK67MVUb42', 'false', '2018-07-30 18:12:47', '2018-07-30 18:12:47'),
(815, 'Odell Emmerich', 'myrtle.walsh@example.org', '$2y$10$sJUJ6dsccPkfrifcRERxg.aTqr7.bdXsmh0w7IDuHWTcEIC7c2iFe', 'u5sweRxBEx', '1', NULL, 'false', '2018-07-30 18:12:47', '2018-07-30 18:12:47'),
(816, 'Emanuel Nolan IV', 'joshuah99@example.com', '$2y$10$sJUJ6dsccPkfrifcRERxg.aTqr7.bdXsmh0w7IDuHWTcEIC7c2iFe', 'e9TWvNZK8u', '1', NULL, 'false', '2018-07-30 18:12:47', '2018-07-30 18:12:47'),
(817, 'Emanuel Greenfelder', 'ubosco@example.com', '$2y$10$sJUJ6dsccPkfrifcRERxg.aTqr7.bdXsmh0w7IDuHWTcEIC7c2iFe', 'KCLPl9rfgS', '1', NULL, 'true', '2018-07-30 18:12:47', '2018-07-30 18:12:47'),
(818, 'Aliya Altenwerth', 'dibbert.obie@example.net', '$2y$10$sJUJ6dsccPkfrifcRERxg.aTqr7.bdXsmh0w7IDuHWTcEIC7c2iFe', 'XULb7djH1M', '1', NULL, 'true', '2018-07-30 18:12:47', '2018-07-30 18:12:47'),
(819, 'Dr. Demarco Connelly V', 'freda13@example.com', '$2y$10$sJUJ6dsccPkfrifcRERxg.aTqr7.bdXsmh0w7IDuHWTcEIC7c2iFe', '2FoDIC10sC', '0', 'IZtKBrOEpF2wRiauszqNyjgcY2pg4FuKZyDnTb4A', 'false', '2018-07-30 18:12:47', '2018-07-30 18:12:47'),
(820, 'Prof. Lavon Bradtke', 'rowe.willow@example.net', '$2y$10$sJUJ6dsccPkfrifcRERxg.aTqr7.bdXsmh0w7IDuHWTcEIC7c2iFe', 'fUm9UmcJLL', '1', NULL, 'false', '2018-07-30 18:12:47', '2018-07-30 18:12:47'),
(821, 'Arne D\'Amore', 'qhackett@example.net', '$2y$10$sJUJ6dsccPkfrifcRERxg.aTqr7.bdXsmh0w7IDuHWTcEIC7c2iFe', 'eCjSh92N86', '1', NULL, 'false', '2018-07-30 18:12:47', '2018-07-30 18:12:47'),
(822, 'Carlotta Hackett', 'zlueilwitz@example.org', '$2y$10$sJUJ6dsccPkfrifcRERxg.aTqr7.bdXsmh0w7IDuHWTcEIC7c2iFe', 'qqolkt4eIk', '0', 'Dpflnjkg3ehlHPUwRIlfNmSNsahz57DjUASrjmbi', 'true', '2018-07-30 18:12:47', '2018-07-30 18:12:47'),
(823, 'Shannon Harber', 'amir70@example.org', '$2y$10$sJUJ6dsccPkfrifcRERxg.aTqr7.bdXsmh0w7IDuHWTcEIC7c2iFe', 'rzVhE0AP38', '0', 'kl7i3P2nJcF41riDMDZb89yxQZHt7nyVElyrRJ1U', 'false', '2018-07-30 18:12:47', '2018-07-30 18:12:47'),
(824, 'Mrs. Tara Cruickshank', 'dwelch@example.com', '$2y$10$sJUJ6dsccPkfrifcRERxg.aTqr7.bdXsmh0w7IDuHWTcEIC7c2iFe', 'IBbg9mzqxo', '1', NULL, 'true', '2018-07-30 18:12:47', '2018-07-30 18:12:47'),
(825, 'Louvenia Sporer', 'hal.hermiston@example.net', '$2y$10$sJUJ6dsccPkfrifcRERxg.aTqr7.bdXsmh0w7IDuHWTcEIC7c2iFe', 'jbLGlRBoiS', '1', NULL, 'false', '2018-07-30 18:12:47', '2018-07-30 18:12:47'),
(826, 'Laverne Schoen II', 'mcglynn.winifred@example.org', '$2y$10$sJUJ6dsccPkfrifcRERxg.aTqr7.bdXsmh0w7IDuHWTcEIC7c2iFe', 'B7jB2xGjPF', '1', NULL, 'true', '2018-07-30 18:12:47', '2018-07-30 18:12:47'),
(827, 'Quinton Murazik', 'jgerhold@example.net', '$2y$10$sJUJ6dsccPkfrifcRERxg.aTqr7.bdXsmh0w7IDuHWTcEIC7c2iFe', '23snIVF7uL', '0', 'PsqKTi5jrTfsYeMMsxOhQPjIT3OLaIdaW6Tr7t3k', 'false', '2018-07-30 18:12:47', '2018-07-30 18:12:47'),
(828, 'Arianna Hessel', 'alyce25@example.org', '$2y$10$sJUJ6dsccPkfrifcRERxg.aTqr7.bdXsmh0w7IDuHWTcEIC7c2iFe', 'gbg9bmPZJq', '1', NULL, 'true', '2018-07-30 18:12:47', '2018-07-30 18:12:47'),
(829, 'Jodie Sawayn', 'mclaughlin.imogene@example.org', '$2y$10$sJUJ6dsccPkfrifcRERxg.aTqr7.bdXsmh0w7IDuHWTcEIC7c2iFe', 'B9HQ0UQNAX', '0', 'brIEc3tPM9g2CLBOiyzwcbs8gp9A92XTEhidqtCc', 'false', '2018-07-30 18:12:47', '2018-07-30 18:12:47'),
(830, 'Audrey Turcotte', 'tevin.yost@example.com', '$2y$10$sJUJ6dsccPkfrifcRERxg.aTqr7.bdXsmh0w7IDuHWTcEIC7c2iFe', 'HQYhFkPgXu', '1', NULL, 'false', '2018-07-30 18:12:48', '2018-07-30 18:12:48'),
(831, 'Xzavier Beatty', 'xmarquardt@example.org', '$2y$10$sJUJ6dsccPkfrifcRERxg.aTqr7.bdXsmh0w7IDuHWTcEIC7c2iFe', 'WEXMEMpSOO', '0', 'BgqzsxRtUi5Ta4x9IwO8QUYo05QqWx8tAhnzHc2X', 'false', '2018-07-30 18:12:48', '2018-07-30 18:12:48'),
(832, 'Jordyn Gorczany', 'jonas41@example.org', '$2y$10$sJUJ6dsccPkfrifcRERxg.aTqr7.bdXsmh0w7IDuHWTcEIC7c2iFe', 'TyfrgkWfUT', '0', 'OTFGU7P5M9kLNmL3ydN9QpyKqC0axUUb4HUSWALK', 'false', '2018-07-30 18:12:48', '2018-07-30 18:12:48'),
(833, 'Mr. Michael Rodriguez MD', 'conner.stroman@example.com', '$2y$10$sJUJ6dsccPkfrifcRERxg.aTqr7.bdXsmh0w7IDuHWTcEIC7c2iFe', 'mNWbmCm0TX', '0', 'C4IbJoK6TYvHpLuRWouXfVDhDDxZc5d3oUPQBoNQ', 'false', '2018-07-30 18:12:48', '2018-07-30 18:12:48'),
(834, 'Dr. Claudie Parker DDS', 'qbartell@example.com', '$2y$10$sJUJ6dsccPkfrifcRERxg.aTqr7.bdXsmh0w7IDuHWTcEIC7c2iFe', 'NvXVPDYHLk', '0', 'c2xcCdzbhRgoMhpYA7Zhe4I45zASD5IoYExcphKJ', 'true', '2018-07-30 18:12:48', '2018-07-30 18:12:48'),
(835, 'Stephanie Bode', 'xander25@example.com', '$2y$10$sJUJ6dsccPkfrifcRERxg.aTqr7.bdXsmh0w7IDuHWTcEIC7c2iFe', 'xpzkyBndfw', '0', 'p5JTjF2j5y0wG6zTv1PqEvdqmRRjmoQgFs5ZWA9W', 'false', '2018-07-30 18:12:48', '2018-07-30 18:12:48'),
(836, 'Miss Sharon Pacocha', 'ernser.andre@example.net', '$2y$10$sJUJ6dsccPkfrifcRERxg.aTqr7.bdXsmh0w7IDuHWTcEIC7c2iFe', 'Hamx7yuxC6', '1', NULL, 'true', '2018-07-30 18:12:48', '2018-07-30 18:12:48'),
(837, 'Dr. Courtney Hahn', 'melody.wisoky@example.com', '$2y$10$sJUJ6dsccPkfrifcRERxg.aTqr7.bdXsmh0w7IDuHWTcEIC7c2iFe', '0vr2U8PKNw', '1', NULL, 'false', '2018-07-30 18:12:48', '2018-07-30 18:12:48'),
(838, 'Prof. Bethany Volkman', 'tlesch@example.net', '$2y$10$sJUJ6dsccPkfrifcRERxg.aTqr7.bdXsmh0w7IDuHWTcEIC7c2iFe', 'NkOrYxMGIw', '1', NULL, 'true', '2018-07-30 18:12:48', '2018-07-30 18:12:48'),
(839, 'Gerda Berge', 'bhowe@example.org', '$2y$10$sJUJ6dsccPkfrifcRERxg.aTqr7.bdXsmh0w7IDuHWTcEIC7c2iFe', 'pb334Ieb45', '1', NULL, 'true', '2018-07-30 18:12:48', '2018-07-30 18:12:48'),
(840, 'Savanah Gorczany', 'maudie33@example.net', '$2y$10$sJUJ6dsccPkfrifcRERxg.aTqr7.bdXsmh0w7IDuHWTcEIC7c2iFe', 'kwOtjPDc2n', '1', NULL, 'true', '2018-07-30 18:12:48', '2018-07-30 18:12:48'),
(841, 'Fanny Hirthe DDS', 'towne.daniella@example.net', '$2y$10$sJUJ6dsccPkfrifcRERxg.aTqr7.bdXsmh0w7IDuHWTcEIC7c2iFe', 'TzpHxDgekj', '0', 'KdyJMK9QHTNynKGnyubmalaO1Q8BAn2QspVtWoOJ', 'true', '2018-07-30 18:12:48', '2018-07-30 18:12:48'),
(842, 'Alvera Walsh', 'dusty53@example.net', '$2y$10$sJUJ6dsccPkfrifcRERxg.aTqr7.bdXsmh0w7IDuHWTcEIC7c2iFe', 'bi3QkoDNuQ', '1', NULL, 'true', '2018-07-30 18:12:48', '2018-07-30 18:12:48'),
(843, 'Shyann Stroman V', 'ugulgowski@example.net', '$2y$10$sJUJ6dsccPkfrifcRERxg.aTqr7.bdXsmh0w7IDuHWTcEIC7c2iFe', '4RAqPf9OXI', '0', 'OVoFFHUl1kye8IS9cEDhoAxdEsQ1jmG5QOUhornp', 'false', '2018-07-30 18:12:48', '2018-07-30 18:12:48'),
(844, 'Letha Upton', 'lorenzo15@example.net', '$2y$10$sJUJ6dsccPkfrifcRERxg.aTqr7.bdXsmh0w7IDuHWTcEIC7c2iFe', 'idfwMxt60D', '0', 'mJzWwYfSN0emayyvQD81OP9UKqPlTDhUZVdkkTnE', 'true', '2018-07-30 18:12:48', '2018-07-30 18:12:48'),
(845, 'Jeanette Kovacek', 'welch.richmond@example.net', '$2y$10$sJUJ6dsccPkfrifcRERxg.aTqr7.bdXsmh0w7IDuHWTcEIC7c2iFe', 'c9fMNEoBLZ', '1', NULL, 'false', '2018-07-30 18:12:48', '2018-07-30 18:12:48'),
(846, 'Prof. Terrell Schimmel', 'reuben44@example.net', '$2y$10$sJUJ6dsccPkfrifcRERxg.aTqr7.bdXsmh0w7IDuHWTcEIC7c2iFe', '4cvIliRziC', '0', 'U88socg2EnVFK8lW8CHisz5B9S2AMUqEl3Gu4e6p', 'true', '2018-07-30 18:12:48', '2018-07-30 18:12:48'),
(847, 'Maximo Donnelly', 'ubogisich@example.com', '$2y$10$sJUJ6dsccPkfrifcRERxg.aTqr7.bdXsmh0w7IDuHWTcEIC7c2iFe', 'FysHOdU2fD', '0', 'bJLkuCFDYT0QbxiECt8EzaARHo6QlOVZ7tumESvz', 'false', '2018-07-30 18:12:48', '2018-07-30 18:12:48'),
(848, 'Prof. June Boyle', 'nnicolas@example.org', '$2y$10$sJUJ6dsccPkfrifcRERxg.aTqr7.bdXsmh0w7IDuHWTcEIC7c2iFe', 'Rd1oHFqzlM', '0', 'GdEdLpWSKYtI0ufsHyr2n1Avf07rgHib7D2sXwZw', 'false', '2018-07-30 18:12:48', '2018-07-30 18:12:48'),
(849, 'Lonzo Hermiston', 'clifton77@example.org', '$2y$10$sJUJ6dsccPkfrifcRERxg.aTqr7.bdXsmh0w7IDuHWTcEIC7c2iFe', 'rInyiR1FzD', '0', 'tb6YA3MATXjYmEYyvs8DR2SNwUk25tyW2LCe0UrW', 'true', '2018-07-30 18:12:48', '2018-07-30 18:12:48'),
(850, 'Desmond Bergstrom Sr.', 'bonnie.douglas@example.org', '$2y$10$sJUJ6dsccPkfrifcRERxg.aTqr7.bdXsmh0w7IDuHWTcEIC7c2iFe', 'DXu5RC6dhl', '0', 'u7Tb8RhpG4zbWLBmOvl675FNyfMF7Ug0pdN7INqJ', 'false', '2018-07-30 18:12:48', '2018-07-30 18:12:48'),
(851, 'Sofia Rempel', 'ptreutel@example.org', '$2y$10$sJUJ6dsccPkfrifcRERxg.aTqr7.bdXsmh0w7IDuHWTcEIC7c2iFe', 'rTJmEAm85g', '0', 'ZSGCyL02TC9tdyW0q3Dzn5j7C4coZnCaoecY9HXj', 'false', '2018-07-30 18:12:48', '2018-07-30 18:12:48'),
(852, 'Mr. Jacques Hodkiewicz II', 'uklocko@example.org', '$2y$10$sJUJ6dsccPkfrifcRERxg.aTqr7.bdXsmh0w7IDuHWTcEIC7c2iFe', 'sd3MKeSf7K', '1', NULL, 'false', '2018-07-30 18:12:48', '2018-07-30 18:12:48'),
(853, 'Madelynn Ebert', 'zelda94@example.com', '$2y$10$sJUJ6dsccPkfrifcRERxg.aTqr7.bdXsmh0w7IDuHWTcEIC7c2iFe', 'mMgwFxIVqn', '0', 'GLvH2px7vbMjsM2rc2lIIqRmoo3sQPxFG4bznCLF', 'false', '2018-07-30 18:12:48', '2018-07-30 18:12:48'),
(854, 'Antonietta Johnston MD', 'wbernhard@example.com', '$2y$10$sJUJ6dsccPkfrifcRERxg.aTqr7.bdXsmh0w7IDuHWTcEIC7c2iFe', 'ZEKl5Q2bhG', '1', NULL, 'true', '2018-07-30 18:12:48', '2018-07-30 18:12:48'),
(855, 'Gennaro McGlynn', 'qschinner@example.org', '$2y$10$sJUJ6dsccPkfrifcRERxg.aTqr7.bdXsmh0w7IDuHWTcEIC7c2iFe', '2rFnUJwwza', '0', 'pHeNWiR9Xy6pBm6jzKxQLj8RaMtyyulBuxgqsVTS', 'false', '2018-07-30 18:12:48', '2018-07-30 18:12:48'),
(856, 'Prof. Guillermo Kreiger', 'pfeffer.titus@example.com', '$2y$10$sJUJ6dsccPkfrifcRERxg.aTqr7.bdXsmh0w7IDuHWTcEIC7c2iFe', 'JdcY4lkozw', '1', NULL, 'false', '2018-07-30 18:12:48', '2018-07-30 18:12:48'),
(857, 'Mrs. Dana Gerhold V', 'ttowne@example.com', '$2y$10$sJUJ6dsccPkfrifcRERxg.aTqr7.bdXsmh0w7IDuHWTcEIC7c2iFe', 'SuA45XqEaD', '0', 'E0WEvAwffBGkBtNVBeTqalU2F3V098Bl5ssNgO2u', 'false', '2018-07-30 18:12:48', '2018-07-30 18:12:48'),
(858, 'Ms. Deanna Mann IV', 'bins.joe@example.org', '$2y$10$sJUJ6dsccPkfrifcRERxg.aTqr7.bdXsmh0w7IDuHWTcEIC7c2iFe', 'E7yF6gVZQW', '1', NULL, 'false', '2018-07-30 18:12:48', '2018-07-30 18:12:48'),
(859, 'Alice Marvin', 'benton.schneider@example.com', '$2y$10$sJUJ6dsccPkfrifcRERxg.aTqr7.bdXsmh0w7IDuHWTcEIC7c2iFe', 'LJqnvDc4ME', '1', NULL, 'true', '2018-07-30 18:12:48', '2018-07-30 18:12:48'),
(860, 'Keagan Bruen', 'batz.paul@example.net', '$2y$10$sJUJ6dsccPkfrifcRERxg.aTqr7.bdXsmh0w7IDuHWTcEIC7c2iFe', '4omm28ngrP', '0', 'vHUNLKk6GWth2Oe3rGD2jDp2ZBUEJq260hGKZVY1', 'true', '2018-07-30 18:12:48', '2018-07-30 18:12:48'),
(861, 'Charley Bahringer', 'uriah04@example.net', '$2y$10$sJUJ6dsccPkfrifcRERxg.aTqr7.bdXsmh0w7IDuHWTcEIC7c2iFe', 'M3Ow4uV1hM', '1', NULL, 'false', '2018-07-30 18:12:49', '2018-07-30 18:12:49'),
(862, 'Bailey Jast V', 'amara.volkman@example.org', '$2y$10$sJUJ6dsccPkfrifcRERxg.aTqr7.bdXsmh0w7IDuHWTcEIC7c2iFe', '3k0K0LY3Pc', '1', NULL, 'false', '2018-07-30 18:12:49', '2018-07-30 18:12:49'),
(863, 'Prof. Christiana Streich', 'trantow.robbie@example.net', '$2y$10$sJUJ6dsccPkfrifcRERxg.aTqr7.bdXsmh0w7IDuHWTcEIC7c2iFe', 'kt9zXs6ATX', '1', NULL, 'false', '2018-07-30 18:12:49', '2018-07-30 18:12:49'),
(864, 'Gust Bernhard', 'ally.dickinson@example.org', '$2y$10$sJUJ6dsccPkfrifcRERxg.aTqr7.bdXsmh0w7IDuHWTcEIC7c2iFe', 'XYu2JdGYaa', '0', 'bVTpWzJLPIRlnXVfPmHE5bGHsZhBWIELRJWxo9S4', 'true', '2018-07-30 18:12:49', '2018-07-30 18:12:49'),
(865, 'Granville Hoeger', 'simonis.cathryn@example.org', '$2y$10$sJUJ6dsccPkfrifcRERxg.aTqr7.bdXsmh0w7IDuHWTcEIC7c2iFe', '6jvsz6ixSu', '0', 'koY7mtytdo7IHMnlcA3YfCL9fh4uid1tWH5gVSQs', 'true', '2018-07-30 18:12:49', '2018-07-30 18:12:49'),
(866, 'Prof. Laverna Predovic Jr.', 'ansel28@example.com', '$2y$10$sJUJ6dsccPkfrifcRERxg.aTqr7.bdXsmh0w7IDuHWTcEIC7c2iFe', 'yZUEkZ7n4S', '0', 'KP9vUhWUk0akxoehRZ8UNekqDXonvcRPITFyC2hi', 'true', '2018-07-30 18:12:49', '2018-07-30 18:12:49'),
(867, 'Kathleen Brakus', 'moises.wisozk@example.org', '$2y$10$sJUJ6dsccPkfrifcRERxg.aTqr7.bdXsmh0w7IDuHWTcEIC7c2iFe', 'w3XXYySTrx', '1', NULL, 'false', '2018-07-30 18:12:49', '2018-07-30 18:12:49'),
(868, 'Prof. Derek Howell V', 'atreutel@example.org', '$2y$10$sJUJ6dsccPkfrifcRERxg.aTqr7.bdXsmh0w7IDuHWTcEIC7c2iFe', 'G3GWSRGWBR', '0', 'QbwlpC5YMKO5TaxJnswMV1qN7XFAOhCQnEnnVNAt', 'true', '2018-07-30 18:12:49', '2018-07-30 18:12:49'),
(869, 'Rosanna McLaughlin', 'ellie10@example.org', '$2y$10$sJUJ6dsccPkfrifcRERxg.aTqr7.bdXsmh0w7IDuHWTcEIC7c2iFe', 'Qum7dC9nTR', '1', NULL, 'false', '2018-07-30 18:12:49', '2018-07-30 18:12:49'),
(870, 'Katrina Schroeder', 'bennett20@example.net', '$2y$10$sJUJ6dsccPkfrifcRERxg.aTqr7.bdXsmh0w7IDuHWTcEIC7c2iFe', 'r3BZBMGx9i', '1', NULL, 'false', '2018-07-30 18:12:49', '2018-07-30 18:12:49'),
(871, 'Reinhold Jast', 'carroll57@example.org', '$2y$10$sJUJ6dsccPkfrifcRERxg.aTqr7.bdXsmh0w7IDuHWTcEIC7c2iFe', 'sLcYMMWIbn', '0', 'RQQZ8l2tz1QYqSWkzkNqjZKz3VWGWyk7EDmSfgXz', 'false', '2018-07-30 18:12:49', '2018-07-30 18:12:49'),
(872, 'Ms. Ona Hoppe DDS', 'daniela.will@example.org', '$2y$10$sJUJ6dsccPkfrifcRERxg.aTqr7.bdXsmh0w7IDuHWTcEIC7c2iFe', 'SmEPNg7rHu', '0', 'KOycLxiL892CVWpD1tCA12qEGmSEfTbqTUxr9VNB', 'true', '2018-07-30 18:12:49', '2018-07-30 18:12:49'),
(873, 'Miss Annabell Nader', 'stowne@example.net', '$2y$10$sJUJ6dsccPkfrifcRERxg.aTqr7.bdXsmh0w7IDuHWTcEIC7c2iFe', '9R1eEXv0QF', '1', NULL, 'true', '2018-07-30 18:12:49', '2018-07-30 18:12:49'),
(874, 'Maximillian Halvorson', 'dietrich.noelia@example.org', '$2y$10$sJUJ6dsccPkfrifcRERxg.aTqr7.bdXsmh0w7IDuHWTcEIC7c2iFe', 'IY4SmHpvkZ', '0', '59UGOOk16Rl0qN5po26JczNzTN1t9xFQGCiI5BNc', 'false', '2018-07-30 18:12:49', '2018-07-30 18:12:49'),
(875, 'Prof. Urban Effertz DVM', 'broderick43@example.com', '$2y$10$sJUJ6dsccPkfrifcRERxg.aTqr7.bdXsmh0w7IDuHWTcEIC7c2iFe', 'wi8V85UB3b', '0', '7zdhpipbcNlzAwcEFSgnNwgDKxb5R3A4dcBKgmBY', 'false', '2018-07-30 18:12:49', '2018-07-30 18:12:49'),
(876, 'Ludie Harber', 'treva87@example.org', '$2y$10$sJUJ6dsccPkfrifcRERxg.aTqr7.bdXsmh0w7IDuHWTcEIC7c2iFe', '0ABNHLyEVg', '0', 'iaNJf2XEi1gd3p16hXexACUZQNV0MP1MrDTK1n0R', 'true', '2018-07-30 18:12:49', '2018-07-30 18:12:49'),
(877, 'Simeon Rath', 'lgulgowski@example.org', '$2y$10$sJUJ6dsccPkfrifcRERxg.aTqr7.bdXsmh0w7IDuHWTcEIC7c2iFe', 'QBR2MkNiCm', '1', NULL, 'true', '2018-07-30 18:12:49', '2018-07-30 18:12:49'),
(878, 'Prof. Noel Bernhard IV', 'kwest@example.org', '$2y$10$sJUJ6dsccPkfrifcRERxg.aTqr7.bdXsmh0w7IDuHWTcEIC7c2iFe', '9GcoBPGDAo', '0', 'WnmbrIYroJ7Bk7JI121ysPWCQ1oexiHTxMSzFJ0c', 'true', '2018-07-30 18:12:49', '2018-07-30 18:12:49'),
(879, 'Elmer Romaguera', 'lucinda.osinski@example.com', '$2y$10$sJUJ6dsccPkfrifcRERxg.aTqr7.bdXsmh0w7IDuHWTcEIC7c2iFe', 'QtAwAyaaFF', '0', 'O0xxWZOnBD5oEE93Z5yzaMgBl70j1Sym9c7sh8gY', 'true', '2018-07-30 18:12:49', '2018-07-30 18:12:49'),
(880, 'Juliet Steuber', 'ystark@example.org', '$2y$10$sJUJ6dsccPkfrifcRERxg.aTqr7.bdXsmh0w7IDuHWTcEIC7c2iFe', 'HM4DAN7BVu', '1', NULL, 'true', '2018-07-30 18:12:49', '2018-07-30 18:12:49'),
(881, 'Jeffry Hermann', 'meggie.schowalter@example.net', '$2y$10$sJUJ6dsccPkfrifcRERxg.aTqr7.bdXsmh0w7IDuHWTcEIC7c2iFe', 'nX21bV8X3L', '0', 'tpHl35uEvOTsrLE6irSfn8bYoH8C8s9nSTX7OKol', 'true', '2018-07-30 18:12:49', '2018-07-30 18:12:49'),
(882, 'Lucy Thompson', 'jacynthe31@example.com', '$2y$10$sJUJ6dsccPkfrifcRERxg.aTqr7.bdXsmh0w7IDuHWTcEIC7c2iFe', 'ZtWEGyS4Uu', '0', 'Z3URa8sISQRwxS1EFmrAIoG4uoEZJkqhwrje3ic5', 'true', '2018-07-30 18:12:49', '2018-07-30 18:12:49'),
(883, 'Madelyn Goodwin MD', 'oceane.schultz@example.com', '$2y$10$sJUJ6dsccPkfrifcRERxg.aTqr7.bdXsmh0w7IDuHWTcEIC7c2iFe', 'AcXP5zcjEv', '0', 'QlrodjB4EPpcp5WXB698oOn9hNugpMGh8KKrZuHL', 'false', '2018-07-30 18:12:49', '2018-07-30 18:12:49'),
(884, 'Mrs. Cortney Crist MD', 'jan63@example.com', '$2y$10$sJUJ6dsccPkfrifcRERxg.aTqr7.bdXsmh0w7IDuHWTcEIC7c2iFe', 'VwNWArlDns', '0', 'UHxGolsJn2W4IbgP1ZH7focZxOpsJS6uk0UY5LMx', 'false', '2018-07-30 18:12:49', '2018-07-30 18:12:49'),
(885, 'Kaitlyn Spinka', 'rowe.rigoberto@example.net', '$2y$10$sJUJ6dsccPkfrifcRERxg.aTqr7.bdXsmh0w7IDuHWTcEIC7c2iFe', 'xZndpGv3dG', '0', 'juu8tVPwt2jXOfBZskOF85KVUM0R5x48pFqNiITP', 'false', '2018-07-30 18:12:49', '2018-07-30 18:12:49'),
(886, 'Elnora Schinner III', 'msawayn@example.org', '$2y$10$sJUJ6dsccPkfrifcRERxg.aTqr7.bdXsmh0w7IDuHWTcEIC7c2iFe', 'iM3qa9XHGO', '1', NULL, 'true', '2018-07-30 18:12:49', '2018-07-30 18:12:49'),
(887, 'Wallace Moore MD', 'thiel.jerald@example.org', '$2y$10$sJUJ6dsccPkfrifcRERxg.aTqr7.bdXsmh0w7IDuHWTcEIC7c2iFe', 'IuC53PfJiL', '1', NULL, 'false', '2018-07-30 18:12:50', '2018-07-30 18:12:50'),
(888, 'Esteban Windler', 'arolfson@example.org', '$2y$10$sJUJ6dsccPkfrifcRERxg.aTqr7.bdXsmh0w7IDuHWTcEIC7c2iFe', 'FtHcxV6WPW', '1', NULL, 'true', '2018-07-30 18:12:50', '2018-07-30 18:12:50'),
(889, 'Prof. Maximus Dickens MD', 'otilia19@example.net', '$2y$10$sJUJ6dsccPkfrifcRERxg.aTqr7.bdXsmh0w7IDuHWTcEIC7c2iFe', 'TtEQU6X5A3', '1', NULL, 'false', '2018-07-30 18:12:50', '2018-07-30 18:12:50'),
(890, 'Marcelina Lehner', 'tlittle@example.org', '$2y$10$sJUJ6dsccPkfrifcRERxg.aTqr7.bdXsmh0w7IDuHWTcEIC7c2iFe', 'lHlF1WYRhI', '1', NULL, 'false', '2018-07-30 18:12:50', '2018-07-30 18:12:50'),
(891, 'Mavis McClure MD', 'oankunding@example.com', '$2y$10$sJUJ6dsccPkfrifcRERxg.aTqr7.bdXsmh0w7IDuHWTcEIC7c2iFe', '9QJZeomVaI', '1', NULL, 'true', '2018-07-30 18:12:50', '2018-07-30 18:12:50'),
(892, 'Myrtis Christiansen', 'tterry@example.com', '$2y$10$sJUJ6dsccPkfrifcRERxg.aTqr7.bdXsmh0w7IDuHWTcEIC7c2iFe', 'LNqtc5JeVN', '0', 'TkzG5LNDTF60RLdIKcOOk7QfmDM2aTEvmmt5kp8T', 'true', '2018-07-30 18:12:50', '2018-07-30 18:12:50'),
(893, 'Angelica Gleichner II', 'nrohan@example.com', '$2y$10$sJUJ6dsccPkfrifcRERxg.aTqr7.bdXsmh0w7IDuHWTcEIC7c2iFe', 'WUsAnwiUAh', '0', 'dzKVTkITyVF7513jrQHMKomctfPHJBoJZk1pnD3K', 'false', '2018-07-30 18:12:50', '2018-07-30 18:12:50'),
(894, 'Nellie Ondricka', 'kaci20@example.com', '$2y$10$sJUJ6dsccPkfrifcRERxg.aTqr7.bdXsmh0w7IDuHWTcEIC7c2iFe', 'Jpll9bmt9R', '1', NULL, 'false', '2018-07-30 18:12:50', '2018-07-30 18:12:50'),
(895, 'Ms. Dena Hermann', 'pjast@example.net', '$2y$10$sJUJ6dsccPkfrifcRERxg.aTqr7.bdXsmh0w7IDuHWTcEIC7c2iFe', '3SJZWrwjtC', '0', 'NJq7lyUuWbEsucSQy9xZrNElZpw6Lxyv1Ox0M02m', 'false', '2018-07-30 18:12:50', '2018-07-30 18:12:50'),
(896, 'Camren Barton IV', 'wsenger@example.org', '$2y$10$sJUJ6dsccPkfrifcRERxg.aTqr7.bdXsmh0w7IDuHWTcEIC7c2iFe', 'fDy9a3xFP7', '1', NULL, 'false', '2018-07-30 18:12:50', '2018-07-30 18:12:50'),
(897, 'Valerie Hodkiewicz', 'zhagenes@example.org', '$2y$10$sJUJ6dsccPkfrifcRERxg.aTqr7.bdXsmh0w7IDuHWTcEIC7c2iFe', '62EoKBdrOY', '1', NULL, 'false', '2018-07-30 18:12:50', '2018-07-30 18:12:50'),
(898, 'Eldred Barrows', 'maximillian28@example.com', '$2y$10$sJUJ6dsccPkfrifcRERxg.aTqr7.bdXsmh0w7IDuHWTcEIC7c2iFe', 'Hddfgu76za', '1', NULL, 'false', '2018-07-30 18:12:50', '2018-07-30 18:12:50'),
(899, 'Sherwood Feeney', 'reba.goldner@example.org', '$2y$10$sJUJ6dsccPkfrifcRERxg.aTqr7.bdXsmh0w7IDuHWTcEIC7c2iFe', '8fDJsiBEuE', '1', NULL, 'true', '2018-07-30 18:12:50', '2018-07-30 18:12:50'),
(900, 'Valentin Sawayn', 'joyce12@example.com', '$2y$10$sJUJ6dsccPkfrifcRERxg.aTqr7.bdXsmh0w7IDuHWTcEIC7c2iFe', 'URSe0smTI5', '1', NULL, 'false', '2018-07-30 18:12:50', '2018-07-30 18:12:50'),
(901, 'Lucius Berge Sr.', 'ambrose65@example.net', '$2y$10$sJUJ6dsccPkfrifcRERxg.aTqr7.bdXsmh0w7IDuHWTcEIC7c2iFe', '3u2WhpetMV', '0', 'LW7R2JWHzuZv2xaTH4sXw4IcaP8tGU6e8Tv3ISqd', 'false', '2018-07-30 18:12:50', '2018-07-30 18:12:50'),
(902, 'Alivia Maggio', 'esther45@example.com', '$2y$10$sJUJ6dsccPkfrifcRERxg.aTqr7.bdXsmh0w7IDuHWTcEIC7c2iFe', 'qgqvrJXaOj', '1', NULL, 'false', '2018-07-30 18:12:50', '2018-07-30 18:12:50'),
(903, 'Dr. Lola Langosh III', 'pacocha.adella@example.org', '$2y$10$sJUJ6dsccPkfrifcRERxg.aTqr7.bdXsmh0w7IDuHWTcEIC7c2iFe', 'xLkvXLHmhG', '0', 'fZJGFkhenUhjSgJlXA26hoeJmmKHlHF8Iz1TaGF5', 'true', '2018-07-30 18:12:50', '2018-07-30 18:12:50'),
(904, 'Stephanie Grant', 'abuckridge@example.org', '$2y$10$sJUJ6dsccPkfrifcRERxg.aTqr7.bdXsmh0w7IDuHWTcEIC7c2iFe', 'mWmhJLRiji', '0', 'hxhxx5zpyYolUIb0Zy0g68vnwIX6ZRPoy8mcrCFl', 'false', '2018-07-30 18:12:50', '2018-07-30 18:12:50'),
(905, 'Ms. Shyann Conn I', 'pkoepp@example.org', '$2y$10$sJUJ6dsccPkfrifcRERxg.aTqr7.bdXsmh0w7IDuHWTcEIC7c2iFe', '5lciVSCgZ8', '0', 'qWQOryrsZiN7QCSiAfvA8VXGspGZ1fp39at6goUu', 'true', '2018-07-30 18:12:50', '2018-07-30 18:12:50'),
(906, 'Erling Breitenberg Sr.', 'missouri.zieme@example.net', '$2y$10$sJUJ6dsccPkfrifcRERxg.aTqr7.bdXsmh0w7IDuHWTcEIC7c2iFe', 'I6i7EW8t3L', '0', 'go5Wo6CIMs90P61H8P6wV9xhkXviDI3ofZeDKmrA', 'true', '2018-07-30 18:12:50', '2018-07-30 18:12:50'),
(907, 'Gregoria Grant', 'nlockman@example.org', '$2y$10$sJUJ6dsccPkfrifcRERxg.aTqr7.bdXsmh0w7IDuHWTcEIC7c2iFe', 'd1cXyRAZDz', '1', NULL, 'true', '2018-07-30 18:12:50', '2018-07-30 18:12:50'),
(908, 'Joaquin Kulas', 'wendell.smith@example.org', '$2y$10$sJUJ6dsccPkfrifcRERxg.aTqr7.bdXsmh0w7IDuHWTcEIC7c2iFe', 'wudp6DaiLE', '1', NULL, 'true', '2018-07-30 18:12:50', '2018-07-30 18:12:50'),
(909, 'Desmond Sanford III', 'destiny87@example.com', '$2y$10$sJUJ6dsccPkfrifcRERxg.aTqr7.bdXsmh0w7IDuHWTcEIC7c2iFe', 'AfUUWkRWaY', '1', NULL, 'false', '2018-07-30 18:12:50', '2018-07-30 18:12:50'),
(910, 'Frederick Ziemann', 'schultz.gregorio@example.org', '$2y$10$sJUJ6dsccPkfrifcRERxg.aTqr7.bdXsmh0w7IDuHWTcEIC7c2iFe', 'sD7f0GFxEX', '1', NULL, 'false', '2018-07-30 18:12:50', '2018-07-30 18:12:50'),
(911, 'Prof. Kellie Legros', 'nia.orn@example.org', '$2y$10$sJUJ6dsccPkfrifcRERxg.aTqr7.bdXsmh0w7IDuHWTcEIC7c2iFe', 'Bw9xzoGBUQ', '0', 'D6Sfn1Pxqk84VYt3B9pQp7Bkw9boTMLIu3lxrzpR', 'false', '2018-07-30 18:12:50', '2018-07-30 18:12:50'),
(912, 'Allan Friesen II', 'maribel22@example.org', '$2y$10$sJUJ6dsccPkfrifcRERxg.aTqr7.bdXsmh0w7IDuHWTcEIC7c2iFe', '50xLLeCe0c', '1', NULL, 'false', '2018-07-30 18:12:50', '2018-07-30 18:12:50'),
(913, 'Bernice Rogahn', 'margarita46@example.org', '$2y$10$sJUJ6dsccPkfrifcRERxg.aTqr7.bdXsmh0w7IDuHWTcEIC7c2iFe', '8ebkP5y8QJ', '0', 'wA4PtIzSF0hb0qYpWmGkIVFPrGesECKt85g7Fxgo', 'false', '2018-07-30 18:12:50', '2018-07-30 18:12:50'),
(914, 'Samara Schroeder', 'irving.kunze@example.org', '$2y$10$sJUJ6dsccPkfrifcRERxg.aTqr7.bdXsmh0w7IDuHWTcEIC7c2iFe', 'EYrzyzMOZw', '0', '4LncsZGaEDWjVReGSanSjRbhvZ3xEzOfcr7NSleh', 'true', '2018-07-30 18:12:50', '2018-07-30 18:12:50'),
(915, 'Dr. Garry Hand PhD', 'mayert.kailyn@example.com', '$2y$10$sJUJ6dsccPkfrifcRERxg.aTqr7.bdXsmh0w7IDuHWTcEIC7c2iFe', 'PDPZSngvVT', '1', NULL, 'true', '2018-07-30 18:12:50', '2018-07-30 18:12:50'),
(916, 'Prof. Candace Graham', 'bruce.mccullough@example.com', '$2y$10$sJUJ6dsccPkfrifcRERxg.aTqr7.bdXsmh0w7IDuHWTcEIC7c2iFe', '3YnKxCg23A', '0', '6rMtQWXLq2tqQrGvLpLlejyYyPaCvcNKi6j0EnR5', 'true', '2018-07-30 18:12:50', '2018-07-30 18:12:50'),
(917, 'Myles Pouros DDS', 'brandy.raynor@example.net', '$2y$10$sJUJ6dsccPkfrifcRERxg.aTqr7.bdXsmh0w7IDuHWTcEIC7c2iFe', 'BNq1yq8HNz', '1', NULL, 'false', '2018-07-30 18:12:50', '2018-07-30 18:12:50'),
(918, 'Kiley Feil', 'jonathon.kulas@example.net', '$2y$10$sJUJ6dsccPkfrifcRERxg.aTqr7.bdXsmh0w7IDuHWTcEIC7c2iFe', 'EjG21okBVJ', '1', NULL, 'false', '2018-07-30 18:12:51', '2018-07-30 18:12:51'),
(919, 'Alysha Prosacco', 'kbaumbach@example.net', '$2y$10$sJUJ6dsccPkfrifcRERxg.aTqr7.bdXsmh0w7IDuHWTcEIC7c2iFe', '0eTnZGi125', '1', NULL, 'true', '2018-07-30 18:12:51', '2018-07-30 18:12:51'),
(920, 'Joesph Goyette V', 'emmanuelle.grant@example.org', '$2y$10$sJUJ6dsccPkfrifcRERxg.aTqr7.bdXsmh0w7IDuHWTcEIC7c2iFe', 'cDdTMBbKmq', '0', 'QRD4PH6Gr08NsB345PVKiHsPfIIfkEnxHUG38XKi', 'true', '2018-07-30 18:12:51', '2018-07-30 18:12:51'),
(921, 'Ms. Marjory Stark', 'yzieme@example.net', '$2y$10$sJUJ6dsccPkfrifcRERxg.aTqr7.bdXsmh0w7IDuHWTcEIC7c2iFe', 'Acmw0594xi', '0', 'fq6fXZldPCPtdGR7qC3g928ehRLBTnmJE6qNkqvB', 'false', '2018-07-30 18:12:51', '2018-07-30 18:12:51'),
(922, 'Mrs. Rosalyn Mayer I', 'benedict56@example.com', '$2y$10$sJUJ6dsccPkfrifcRERxg.aTqr7.bdXsmh0w7IDuHWTcEIC7c2iFe', 't9BFEkTphd', '1', NULL, 'false', '2018-07-30 18:12:51', '2018-07-30 18:12:51'),
(923, 'Ms. Marina Heidenreich DVM', 'florine22@example.net', '$2y$10$sJUJ6dsccPkfrifcRERxg.aTqr7.bdXsmh0w7IDuHWTcEIC7c2iFe', 'xjqedHaEL5', '0', 'Cs9EQzbEVzYW2IbmSIUt0MaidIeZF74lKZbGILLO', 'true', '2018-07-30 18:12:51', '2018-07-30 18:12:51'),
(924, 'Furman Hackett', 'clovis74@example.org', '$2y$10$sJUJ6dsccPkfrifcRERxg.aTqr7.bdXsmh0w7IDuHWTcEIC7c2iFe', 'n2EW4NJqLd', '1', NULL, 'false', '2018-07-30 18:12:51', '2018-07-30 18:12:51'),
(925, 'Janet Murray', 'florence48@example.net', '$2y$10$sJUJ6dsccPkfrifcRERxg.aTqr7.bdXsmh0w7IDuHWTcEIC7c2iFe', 'TqhNXR2dFX', '0', 'HRO2jnTOx2ZnobP6AuJ6q0m5WZbdxPcAbHyrGzGS', 'false', '2018-07-30 18:12:51', '2018-07-30 18:12:51');
INSERT INTO `users` (`id`, `name`, `email`, `password`, `remember_token`, `verified`, `verified_token`, `admin`, `created_at`, `updated_at`) VALUES
(926, 'Freida Pfannerstill V', 'treutel.hilda@example.com', '$2y$10$sJUJ6dsccPkfrifcRERxg.aTqr7.bdXsmh0w7IDuHWTcEIC7c2iFe', 'uxkGo4IRK5', '1', NULL, 'false', '2018-07-30 18:12:51', '2018-07-30 18:12:51'),
(927, 'Miss Marina Bednar II', 'wellington31@example.com', '$2y$10$sJUJ6dsccPkfrifcRERxg.aTqr7.bdXsmh0w7IDuHWTcEIC7c2iFe', 'unVOyFuLDk', '0', 'lJArdmmoyaWOqIYa4OpB2UTlrTrTG0wF9SLC2wSq', 'true', '2018-07-30 18:12:51', '2018-07-30 18:12:51'),
(928, 'Nathen Fay', 'francesca69@example.com', '$2y$10$sJUJ6dsccPkfrifcRERxg.aTqr7.bdXsmh0w7IDuHWTcEIC7c2iFe', 'I1vK8aGhxJ', '0', '51TkXDICltBmkhA0yugFwqWD3bPwjxZlucN4OFNq', 'false', '2018-07-30 18:12:51', '2018-07-30 18:12:51'),
(929, 'Mrs. Angie Wiegand', 'ullrich.abraham@example.com', '$2y$10$sJUJ6dsccPkfrifcRERxg.aTqr7.bdXsmh0w7IDuHWTcEIC7c2iFe', 'mhoJA2GZcH', '1', NULL, 'true', '2018-07-30 18:12:51', '2018-07-30 18:12:51'),
(930, 'Mae Jakubowski', 'elvie.effertz@example.net', '$2y$10$sJUJ6dsccPkfrifcRERxg.aTqr7.bdXsmh0w7IDuHWTcEIC7c2iFe', 'ALAoR5PdJW', '1', NULL, 'true', '2018-07-30 18:12:51', '2018-07-30 18:12:51'),
(931, 'Ara Gleichner', 'jeremy72@example.org', '$2y$10$sJUJ6dsccPkfrifcRERxg.aTqr7.bdXsmh0w7IDuHWTcEIC7c2iFe', 'DDAZ3AAb1f', '0', 'O8GCHpkTRAyyJtbLh5Fy3kQ0agA37Gz1fwhmAsXG', 'true', '2018-07-30 18:12:51', '2018-07-30 18:12:51'),
(932, 'Dr. Rebecca Kuphal I', 'bryce.gorczany@example.net', '$2y$10$sJUJ6dsccPkfrifcRERxg.aTqr7.bdXsmh0w7IDuHWTcEIC7c2iFe', 'mGieSANVIn', '1', NULL, 'true', '2018-07-30 18:12:51', '2018-07-30 18:12:51'),
(933, 'Andre Lehner PhD', 'agislason@example.org', '$2y$10$sJUJ6dsccPkfrifcRERxg.aTqr7.bdXsmh0w7IDuHWTcEIC7c2iFe', '5TkYPb4veX', '0', 'yjBMI3oCfL1s5ujLzW7TTOFOO2LpRwAqjocYw6CO', 'false', '2018-07-30 18:12:51', '2018-07-30 18:12:51'),
(934, 'Miss Hallie Moore V', 'uhuels@example.net', '$2y$10$sJUJ6dsccPkfrifcRERxg.aTqr7.bdXsmh0w7IDuHWTcEIC7c2iFe', 'DmhQ4wrerZ', '0', '39q7o1cSJkrzu18LGK2XNhX5m68u8CoLfYn6U6Ym', 'true', '2018-07-30 18:12:51', '2018-07-30 18:12:51'),
(935, 'Ron Heaney', 'marcelo98@example.net', '$2y$10$sJUJ6dsccPkfrifcRERxg.aTqr7.bdXsmh0w7IDuHWTcEIC7c2iFe', '1wZV801hSZ', '0', '58J0OHMOjorEV0h9lYjiPy4qg0j7fvmDfGURXjRC', 'false', '2018-07-30 18:12:51', '2018-07-30 18:12:51'),
(936, 'Immanuel DuBuque', 'hill.litzy@example.com', '$2y$10$sJUJ6dsccPkfrifcRERxg.aTqr7.bdXsmh0w7IDuHWTcEIC7c2iFe', '9GmyfZSk9I', '1', NULL, 'true', '2018-07-30 18:12:51', '2018-07-30 18:12:51'),
(937, 'Mr. Roel Conroy DDS', 'corwin.jay@example.com', '$2y$10$sJUJ6dsccPkfrifcRERxg.aTqr7.bdXsmh0w7IDuHWTcEIC7c2iFe', 'mHImiw8Yf2', '0', 'BP1JWBGmyJNN2pq3IrCT6tg4MG3hPlizkMUfT1L8', 'false', '2018-07-30 18:12:51', '2018-07-30 18:12:51'),
(938, 'Letha Ondricka Jr.', 'hturcotte@example.org', '$2y$10$sJUJ6dsccPkfrifcRERxg.aTqr7.bdXsmh0w7IDuHWTcEIC7c2iFe', 'YyMYRBuMV8', '0', 'B66ulV1cXnV4voE86O8nDqR6971MUjHLUg0Px0K3', 'false', '2018-07-30 18:12:51', '2018-07-30 18:12:51'),
(939, 'Miss Jade Bergstrom II', 'kbednar@example.org', '$2y$10$sJUJ6dsccPkfrifcRERxg.aTqr7.bdXsmh0w7IDuHWTcEIC7c2iFe', 'XVUzPkW5p4', '1', NULL, 'true', '2018-07-30 18:12:51', '2018-07-30 18:12:51'),
(940, 'Dr. Jana Herman', 'nova39@example.com', '$2y$10$sJUJ6dsccPkfrifcRERxg.aTqr7.bdXsmh0w7IDuHWTcEIC7c2iFe', 'TsgJURHVj4', '1', NULL, 'false', '2018-07-30 18:12:51', '2018-07-30 18:12:51'),
(941, 'Tracey Swift', 'turner.raina@example.net', '$2y$10$sJUJ6dsccPkfrifcRERxg.aTqr7.bdXsmh0w7IDuHWTcEIC7c2iFe', 'xVDck7y9jH', '0', 'TDNDFs01MefS2rOU7rDDfqUl21Kla1ggrRZiS9Lx', 'true', '2018-07-30 18:12:51', '2018-07-30 18:12:51'),
(942, 'Amy Fritsch', 'kunde.armand@example.com', '$2y$10$sJUJ6dsccPkfrifcRERxg.aTqr7.bdXsmh0w7IDuHWTcEIC7c2iFe', 'mz6egPfRQv', '0', '0B2EC4CAmoxJGZxPw5aGRuhefkfWiGwsmUkQ2oDh', 'false', '2018-07-30 18:12:51', '2018-07-30 18:12:51'),
(943, 'Prof. Ewell Frami', 'mollie.sauer@example.org', '$2y$10$sJUJ6dsccPkfrifcRERxg.aTqr7.bdXsmh0w7IDuHWTcEIC7c2iFe', 'cJMXsoqYSt', '0', 'h9UUUy7jZ5JVrxWYYxQxrbqhh8HFNfD0gLQ6gW5u', 'true', '2018-07-30 18:12:51', '2018-07-30 18:12:51'),
(944, 'Josie Feeney', 'samir20@example.net', '$2y$10$sJUJ6dsccPkfrifcRERxg.aTqr7.bdXsmh0w7IDuHWTcEIC7c2iFe', 'bZctAfZU9x', '0', 'rNd61YkmbpnzbrEv3GtM49HavDYJXtvXCfM2OUBS', 'false', '2018-07-30 18:12:51', '2018-07-30 18:12:51'),
(945, 'Dudley King', 'stark.columbus@example.org', '$2y$10$sJUJ6dsccPkfrifcRERxg.aTqr7.bdXsmh0w7IDuHWTcEIC7c2iFe', 'PpycQvV2bC', '1', NULL, 'true', '2018-07-30 18:12:51', '2018-07-30 18:12:51'),
(946, 'Constance Ryan', 'opal.white@example.org', '$2y$10$sJUJ6dsccPkfrifcRERxg.aTqr7.bdXsmh0w7IDuHWTcEIC7c2iFe', 'ABBtXuwref', '0', 'CNFiuubvneWvuhxTr7riyfnlUbmzJF5tSr2FJabR', 'true', '2018-07-30 18:12:51', '2018-07-30 18:12:51'),
(947, 'Lucy Ondricka I', 'miller.gladyce@example.org', '$2y$10$sJUJ6dsccPkfrifcRERxg.aTqr7.bdXsmh0w7IDuHWTcEIC7c2iFe', 'CgtqD2nA5q', '1', NULL, 'false', '2018-07-30 18:12:51', '2018-07-30 18:12:51'),
(948, 'Dr. Layne Wuckert II', 'nicolas.doyle@example.org', '$2y$10$sJUJ6dsccPkfrifcRERxg.aTqr7.bdXsmh0w7IDuHWTcEIC7c2iFe', '20pEigxpLV', '1', NULL, 'true', '2018-07-30 18:12:51', '2018-07-30 18:12:51'),
(949, 'Prof. Helga Kshlerin III', 'tlind@example.net', '$2y$10$sJUJ6dsccPkfrifcRERxg.aTqr7.bdXsmh0w7IDuHWTcEIC7c2iFe', 'ap5ExVfWjr', '0', 'R8UlKYU8MBmDs4SJCITFphpT9vWCE7zVIa2FhkZT', 'true', '2018-07-30 18:12:51', '2018-07-30 18:12:51'),
(950, 'Mr. Marcos Sanford Sr.', 'xmurphy@example.net', '$2y$10$sJUJ6dsccPkfrifcRERxg.aTqr7.bdXsmh0w7IDuHWTcEIC7c2iFe', 'CXLFgWNLXd', '1', NULL, 'false', '2018-07-30 18:12:51', '2018-07-30 18:12:51'),
(951, 'Marlee Schumm', 'geoffrey12@example.net', '$2y$10$sJUJ6dsccPkfrifcRERxg.aTqr7.bdXsmh0w7IDuHWTcEIC7c2iFe', 'wzGAUZgmUq', '1', NULL, 'false', '2018-07-30 18:12:51', '2018-07-30 18:12:51'),
(952, 'Kiel Corwin', 'emilia98@example.com', '$2y$10$sJUJ6dsccPkfrifcRERxg.aTqr7.bdXsmh0w7IDuHWTcEIC7c2iFe', 'ZH2b60oQwx', '0', 'bHozxydKxNF8cj21GUOy8seLsmhEkta8seQ55P7b', 'false', '2018-07-30 18:12:51', '2018-07-30 18:12:51'),
(953, 'Mathew Fisher IV', 'xhilpert@example.com', '$2y$10$sJUJ6dsccPkfrifcRERxg.aTqr7.bdXsmh0w7IDuHWTcEIC7c2iFe', 'l0nYHwVaTE', '0', 'Zt6xzK27RNlbemf3xqps0mgAoyf0EtytAtL7xXwp', 'true', '2018-07-30 18:12:51', '2018-07-30 18:12:51'),
(954, 'Winona Trantow', 'sroob@example.net', '$2y$10$sJUJ6dsccPkfrifcRERxg.aTqr7.bdXsmh0w7IDuHWTcEIC7c2iFe', 'S9mmIBFPxm', '1', NULL, 'false', '2018-07-30 18:12:52', '2018-07-30 18:12:52'),
(955, 'Dr. Price Mills V', 'cortney60@example.com', '$2y$10$sJUJ6dsccPkfrifcRERxg.aTqr7.bdXsmh0w7IDuHWTcEIC7c2iFe', 'lfqIW2frdB', '1', NULL, 'false', '2018-07-30 18:12:52', '2018-07-30 18:12:52'),
(956, 'Maritza Stark DVM', 'kassulke.autumn@example.com', '$2y$10$sJUJ6dsccPkfrifcRERxg.aTqr7.bdXsmh0w7IDuHWTcEIC7c2iFe', 'It5u0pz3X8', '1', NULL, 'true', '2018-07-30 18:12:52', '2018-07-30 18:12:52'),
(957, 'Prof. Ari Walker DVM', 'walsh.rachael@example.org', '$2y$10$sJUJ6dsccPkfrifcRERxg.aTqr7.bdXsmh0w7IDuHWTcEIC7c2iFe', 'pOr83vWiF5', '0', 'ZZrR5Ky6DAZtYpyGzSlmEVzr8nxhBn2whw4ieRYp', 'false', '2018-07-30 18:12:52', '2018-07-30 18:12:52'),
(958, 'Dr. Broderick Roberts DVM', 'xhodkiewicz@example.org', '$2y$10$sJUJ6dsccPkfrifcRERxg.aTqr7.bdXsmh0w7IDuHWTcEIC7c2iFe', 'uRu02EosMM', '1', NULL, 'true', '2018-07-30 18:12:52', '2018-07-30 18:12:52'),
(959, 'Mr. Andrew Ankunding DDS', 'ubaldo69@example.org', '$2y$10$sJUJ6dsccPkfrifcRERxg.aTqr7.bdXsmh0w7IDuHWTcEIC7c2iFe', 'T1Fm65SKfS', '1', NULL, 'true', '2018-07-30 18:12:52', '2018-07-30 18:12:52'),
(960, 'Anabelle Wisoky', 'ian62@example.com', '$2y$10$sJUJ6dsccPkfrifcRERxg.aTqr7.bdXsmh0w7IDuHWTcEIC7c2iFe', 'Auj7Kcb3wq', '0', '4PBTiiiehLuIDCl576ITJ9nEw7OSe2LHlWCso43b', 'false', '2018-07-30 18:12:52', '2018-07-30 18:12:52'),
(961, 'Selina Treutel Jr.', 'dstoltenberg@example.net', '$2y$10$sJUJ6dsccPkfrifcRERxg.aTqr7.bdXsmh0w7IDuHWTcEIC7c2iFe', 'qDUwIBEuES', '0', 'GjbcfvV2bLR5b4fKZucXpV7gLrM0QQsTgvOLZKMK', 'true', '2018-07-30 18:12:52', '2018-07-30 18:12:52'),
(962, 'Al Bailey', 'brooks.nitzsche@example.com', '$2y$10$sJUJ6dsccPkfrifcRERxg.aTqr7.bdXsmh0w7IDuHWTcEIC7c2iFe', 'ipTDfPL6nK', '1', NULL, 'false', '2018-07-30 18:12:52', '2018-07-30 18:12:52'),
(963, 'Dr. Stevie Wisozk I', 'anastasia61@example.com', '$2y$10$sJUJ6dsccPkfrifcRERxg.aTqr7.bdXsmh0w7IDuHWTcEIC7c2iFe', 'cWvoFDh23C', '0', 'e46AieGExCRxzCsp2xq222f3nd039HbgBgO8N7Mq', 'false', '2018-07-30 18:12:52', '2018-07-30 18:12:52'),
(964, 'Leonie Balistreri', 'devonte.nitzsche@example.com', '$2y$10$sJUJ6dsccPkfrifcRERxg.aTqr7.bdXsmh0w7IDuHWTcEIC7c2iFe', 'F26OY1XN1R', '0', 'TthS5pigYeTYQq2Oeks34So2MT6TJYIY1jNhGnAe', 'false', '2018-07-30 18:12:52', '2018-07-30 18:12:52'),
(965, 'Darron Borer', 'npfannerstill@example.net', '$2y$10$sJUJ6dsccPkfrifcRERxg.aTqr7.bdXsmh0w7IDuHWTcEIC7c2iFe', 'cebCIfDRog', '1', NULL, 'true', '2018-07-30 18:12:52', '2018-07-30 18:12:52'),
(966, 'Bessie McGlynn', 'efrain.reilly@example.net', '$2y$10$sJUJ6dsccPkfrifcRERxg.aTqr7.bdXsmh0w7IDuHWTcEIC7c2iFe', 'zkku2ZoxvM', '1', NULL, 'true', '2018-07-30 18:12:52', '2018-07-30 18:12:52'),
(967, 'Dr. Roxanne Kuphal', 'adela.zieme@example.org', '$2y$10$sJUJ6dsccPkfrifcRERxg.aTqr7.bdXsmh0w7IDuHWTcEIC7c2iFe', 'HiWfjy573X', '0', 'f8WyiczllffQUIkVIwrGiHh06M1sweqo2LvLvPNx', 'true', '2018-07-30 18:12:52', '2018-07-30 18:12:52'),
(968, 'Dr. Coby Johnston Jr.', 'cummerata.deontae@example.org', '$2y$10$sJUJ6dsccPkfrifcRERxg.aTqr7.bdXsmh0w7IDuHWTcEIC7c2iFe', 'H8yaaxYfMX', '1', NULL, 'false', '2018-07-30 18:12:52', '2018-07-30 18:12:52'),
(969, 'Magali Parisian V', 'feest.judy@example.org', '$2y$10$sJUJ6dsccPkfrifcRERxg.aTqr7.bdXsmh0w7IDuHWTcEIC7c2iFe', '5EFtanfQlK', '1', NULL, 'true', '2018-07-30 18:12:52', '2018-07-30 18:12:52'),
(970, 'Hildegard Kuphal', 'marcella60@example.org', '$2y$10$sJUJ6dsccPkfrifcRERxg.aTqr7.bdXsmh0w7IDuHWTcEIC7c2iFe', 'erPfnHcQTp', '0', 'yPWxugn9egIMe9PPkH5IhsUQPFJwB33MxoFhZIeH', 'false', '2018-07-30 18:12:52', '2018-07-30 18:12:52'),
(971, 'Alexis Kunde Jr.', 'amari94@example.org', '$2y$10$sJUJ6dsccPkfrifcRERxg.aTqr7.bdXsmh0w7IDuHWTcEIC7c2iFe', 'OJTcKy5UlK', '1', NULL, 'true', '2018-07-30 18:12:52', '2018-07-30 18:12:52'),
(972, 'Jayce Rohan', 'marguerite93@example.net', '$2y$10$sJUJ6dsccPkfrifcRERxg.aTqr7.bdXsmh0w7IDuHWTcEIC7c2iFe', 'DUAoFo6AEy', '1', NULL, 'true', '2018-07-30 18:12:52', '2018-07-30 18:12:52'),
(973, 'Wilma Kris', 'considine.abelardo@example.com', '$2y$10$sJUJ6dsccPkfrifcRERxg.aTqr7.bdXsmh0w7IDuHWTcEIC7c2iFe', 'LPMkPjgnjb', '0', 'ePYgXuAnK85eXB0p6rDTnwREBeV4y35osjMYBjkR', 'false', '2018-07-30 18:12:52', '2018-07-30 18:12:52'),
(974, 'Mr. Kraig Windler', 'qturcotte@example.net', '$2y$10$sJUJ6dsccPkfrifcRERxg.aTqr7.bdXsmh0w7IDuHWTcEIC7c2iFe', 'KSU6Bosb64', '0', 'AHhd1oBtpEeVhwINsOtokg0H5YRdy5FXZO30NUnw', 'false', '2018-07-30 18:12:52', '2018-07-30 18:12:52'),
(975, 'Dr. Citlalli Hill IV', 'quincy.bernier@example.net', '$2y$10$sJUJ6dsccPkfrifcRERxg.aTqr7.bdXsmh0w7IDuHWTcEIC7c2iFe', 'ao2cmBff9I', '0', 'bFFDR2f2vmXRzLfZnAJBmmJlNCL95pGsQEJ4YIrY', 'false', '2018-07-30 18:12:53', '2018-07-30 18:12:53'),
(976, 'Mr. Axel Friesen', 'qschamberger@example.org', '$2y$10$sJUJ6dsccPkfrifcRERxg.aTqr7.bdXsmh0w7IDuHWTcEIC7c2iFe', 'z1zn3mbkrj', '0', 'wqWMJ3rCoRtso8ojro45EnQq8wCmVAvbcet7bXtr', 'false', '2018-07-30 18:12:53', '2018-07-30 18:12:53'),
(977, 'Dr. Keanu Hoeger', 'ybeahan@example.com', '$2y$10$sJUJ6dsccPkfrifcRERxg.aTqr7.bdXsmh0w7IDuHWTcEIC7c2iFe', 'mKixiG3pxX', '1', NULL, 'false', '2018-07-30 18:12:53', '2018-07-30 18:12:53'),
(978, 'Darwin Adams', 'helmer.brown@example.net', '$2y$10$sJUJ6dsccPkfrifcRERxg.aTqr7.bdXsmh0w7IDuHWTcEIC7c2iFe', 'm9dsZqgYxg', '1', NULL, 'false', '2018-07-30 18:12:53', '2018-07-30 18:12:53'),
(979, 'Caroline Blick', 'ismael.bartoletti@example.net', '$2y$10$sJUJ6dsccPkfrifcRERxg.aTqr7.bdXsmh0w7IDuHWTcEIC7c2iFe', 'nYtVzvdf1j', '1', NULL, 'false', '2018-07-30 18:12:53', '2018-07-30 18:12:53'),
(980, 'Miss Letitia Schuppe Jr.', 'elody97@example.org', '$2y$10$sJUJ6dsccPkfrifcRERxg.aTqr7.bdXsmh0w7IDuHWTcEIC7c2iFe', '1NGSV2Cb4j', '1', NULL, 'true', '2018-07-30 18:12:53', '2018-07-30 18:12:53'),
(981, 'Sally Fahey', 'gorczany.elena@example.com', '$2y$10$sJUJ6dsccPkfrifcRERxg.aTqr7.bdXsmh0w7IDuHWTcEIC7c2iFe', 'EOhdDRr7e7', '0', 'c75tPRfk9Xd3zt8EPzKHDWOzflO062w8xPJwx8bn', 'true', '2018-07-30 18:12:53', '2018-07-30 18:12:53'),
(982, 'Camilla Brown DDS', 'jedidiah92@example.org', '$2y$10$sJUJ6dsccPkfrifcRERxg.aTqr7.bdXsmh0w7IDuHWTcEIC7c2iFe', 'QPEllb1goA', '0', 'Dnw0DI05xr91sF7yp6o6x4rdOgVOxitfUx3WvIev', 'true', '2018-07-30 18:12:53', '2018-07-30 18:12:53'),
(983, 'Mr. Jayme Dickens', 'esteban.rutherford@example.com', '$2y$10$sJUJ6dsccPkfrifcRERxg.aTqr7.bdXsmh0w7IDuHWTcEIC7c2iFe', '4Cuqdg2z36', '1', NULL, 'false', '2018-07-30 18:12:53', '2018-07-30 18:12:53'),
(984, 'Prof. Alaina Gorczany MD', 'jgreenfelder@example.com', '$2y$10$sJUJ6dsccPkfrifcRERxg.aTqr7.bdXsmh0w7IDuHWTcEIC7c2iFe', 'fIA2PWV3pC', '1', NULL, 'true', '2018-07-30 18:12:53', '2018-07-30 18:12:53'),
(985, 'Letitia Klocko', 'berge.maddison@example.org', '$2y$10$sJUJ6dsccPkfrifcRERxg.aTqr7.bdXsmh0w7IDuHWTcEIC7c2iFe', 'RpCCZ0DLVz', '0', 'pISxSidejkbE3UBirHUCGvEC5UFZphPY9Xm1A2HQ', 'true', '2018-07-30 18:12:53', '2018-07-30 18:12:53'),
(986, 'Annette Padberg V', 'qhamill@example.com', '$2y$10$sJUJ6dsccPkfrifcRERxg.aTqr7.bdXsmh0w7IDuHWTcEIC7c2iFe', '41sAJMTevK', '0', 'M4FGROx6rgYlbbldXJJEnao0JkjblwwQkt1X598e', 'true', '2018-07-30 18:12:53', '2018-07-30 18:12:53'),
(987, 'Gaston Leffler DVM', 'kennith78@example.com', '$2y$10$sJUJ6dsccPkfrifcRERxg.aTqr7.bdXsmh0w7IDuHWTcEIC7c2iFe', 'oREqMUTyVI', '0', 'QQ1XKqiYPBeLfNOpE7VXuwkrrqSNY8aRDb91jrgT', 'false', '2018-07-30 18:12:53', '2018-07-30 18:12:53'),
(988, 'Kellen Balistreri', 'ahomenick@example.net', '$2y$10$sJUJ6dsccPkfrifcRERxg.aTqr7.bdXsmh0w7IDuHWTcEIC7c2iFe', 'hqg1JuwyCd', '1', NULL, 'true', '2018-07-30 18:12:53', '2018-07-30 18:12:53'),
(989, 'Cynthia Wilderman', 'brice11@example.org', '$2y$10$sJUJ6dsccPkfrifcRERxg.aTqr7.bdXsmh0w7IDuHWTcEIC7c2iFe', 'fmD1jyYYaW', '1', NULL, 'true', '2018-07-30 18:12:53', '2018-07-30 18:12:53'),
(990, 'Omari Beer DVM', 'rubye.schmitt@example.com', '$2y$10$sJUJ6dsccPkfrifcRERxg.aTqr7.bdXsmh0w7IDuHWTcEIC7c2iFe', 'xJt5ZPlXG9', '0', 'g0plVXo2yPQWEUc35FrAkMsF0ZiixbeFw8vnHk0S', 'true', '2018-07-30 18:12:53', '2018-07-30 18:12:53'),
(991, 'Dr. Brenna Satterfield', 'wilbert.kuhlman@example.org', '$2y$10$sJUJ6dsccPkfrifcRERxg.aTqr7.bdXsmh0w7IDuHWTcEIC7c2iFe', 'BuxD9rSmC0', '0', '8gi6ksaQIHLIsFCFrzMc8W9tKoYSV80zWsMJXFD0', 'true', '2018-07-30 18:12:53', '2018-07-30 18:12:53'),
(992, 'Victoria Collins', 'watson.zemlak@example.net', '$2y$10$sJUJ6dsccPkfrifcRERxg.aTqr7.bdXsmh0w7IDuHWTcEIC7c2iFe', 'joOFnQhHh7', '1', NULL, 'true', '2018-07-30 18:12:53', '2018-07-30 18:12:53'),
(993, 'Terrill Ritchie', 'borer.henriette@example.com', '$2y$10$sJUJ6dsccPkfrifcRERxg.aTqr7.bdXsmh0w7IDuHWTcEIC7c2iFe', 'uD6eF7C0sr', '1', NULL, 'true', '2018-07-30 18:12:53', '2018-07-30 18:12:53'),
(994, 'Ernie VonRueden', 'sherman78@example.net', '$2y$10$sJUJ6dsccPkfrifcRERxg.aTqr7.bdXsmh0w7IDuHWTcEIC7c2iFe', '0wbTQK6o2a', '0', 'ROQzcVfxg9F5roJF0hnBYD20PaPzJeIzFa7siK76', 'false', '2018-07-30 18:12:53', '2018-07-30 18:12:53'),
(995, 'Rhianna Skiles', 'johara@example.net', '$2y$10$sJUJ6dsccPkfrifcRERxg.aTqr7.bdXsmh0w7IDuHWTcEIC7c2iFe', 'Y2oMuMPLCm', '1', NULL, 'false', '2018-07-30 18:12:53', '2018-07-30 18:12:53'),
(996, 'Prof. Leon Ullrich Sr.', 'lebsack.augusta@example.net', '$2y$10$sJUJ6dsccPkfrifcRERxg.aTqr7.bdXsmh0w7IDuHWTcEIC7c2iFe', '4ZGw0dKOQA', '1', NULL, 'false', '2018-07-30 18:12:53', '2018-07-30 18:12:53'),
(997, 'Keyshawn Batz', 'camden47@example.org', '$2y$10$sJUJ6dsccPkfrifcRERxg.aTqr7.bdXsmh0w7IDuHWTcEIC7c2iFe', 'j44WuUJxIc', '1', NULL, 'true', '2018-07-30 18:12:53', '2018-07-30 18:12:53'),
(998, 'Dr. Alejandrin Klein V', 'patsy47@example.org', '$2y$10$sJUJ6dsccPkfrifcRERxg.aTqr7.bdXsmh0w7IDuHWTcEIC7c2iFe', 'Sep20qljKA', '1', NULL, 'false', '2018-07-30 18:12:53', '2018-07-30 18:12:53'),
(999, 'Arlene Feil', 'adelbert28@example.com', '$2y$10$sJUJ6dsccPkfrifcRERxg.aTqr7.bdXsmh0w7IDuHWTcEIC7c2iFe', 'HxAdLXGa05', '1', NULL, 'true', '2018-07-30 18:12:53', '2018-07-30 18:12:53'),
(1000, 'Miss Mattie Rau DDS', 'nicole00@example.org', '$2y$10$sJUJ6dsccPkfrifcRERxg.aTqr7.bdXsmh0w7IDuHWTcEIC7c2iFe', '82r6lMmt5O', '0', 'sjEDW28Zzp4fMFkCOGmobSnziScRVjekG3fUYouG', 'false', '2018-07-30 18:12:53', '2018-07-30 18:12:53');

--
-- Índices para tablas volcadas
--

--
-- Indices de la tabla `categories`
--
ALTER TABLE `categories`
  ADD PRIMARY KEY (`id`);

--
-- Indices de la tabla `category_product`
--
ALTER TABLE `category_product`
  ADD KEY `category_product_category_id_foreign` (`category_id`),
  ADD KEY `category_product_product_id_foreign` (`product_id`);

--
-- Indices de la tabla `migrations`
--
ALTER TABLE `migrations`
  ADD PRIMARY KEY (`id`);

--
-- Indices de la tabla `password_resets`
--
ALTER TABLE `password_resets`
  ADD KEY `password_resets_email_index` (`email`);

--
-- Indices de la tabla `products`
--
ALTER TABLE `products`
  ADD PRIMARY KEY (`id`),
  ADD KEY `products_seller_id_foreign` (`seller_id`);

--
-- Indices de la tabla `transactions`
--
ALTER TABLE `transactions`
  ADD PRIMARY KEY (`id`),
  ADD KEY `transactions_buyer_id_foreign` (`buyer_id`),
  ADD KEY `transactions_product_id_foreign` (`product_id`);

--
-- Indices de la tabla `users`
--
ALTER TABLE `users`
  ADD PRIMARY KEY (`id`),
  ADD UNIQUE KEY `users_email_unique` (`email`);

--
-- AUTO_INCREMENT de las tablas volcadas
--

--
-- AUTO_INCREMENT de la tabla `categories`
--
ALTER TABLE `categories`
  MODIFY `id` int(10) UNSIGNED NOT NULL AUTO_INCREMENT, AUTO_INCREMENT=31;

--
-- AUTO_INCREMENT de la tabla `migrations`
--
ALTER TABLE `migrations`
  MODIFY `id` int(10) UNSIGNED NOT NULL AUTO_INCREMENT, AUTO_INCREMENT=19;

--
-- AUTO_INCREMENT de la tabla `products`
--
ALTER TABLE `products`
  MODIFY `id` int(10) UNSIGNED NOT NULL AUTO_INCREMENT, AUTO_INCREMENT=1001;

--
-- AUTO_INCREMENT de la tabla `transactions`
--
ALTER TABLE `transactions`
  MODIFY `id` int(10) UNSIGNED NOT NULL AUTO_INCREMENT, AUTO_INCREMENT=1001;

--
-- AUTO_INCREMENT de la tabla `users`
--
ALTER TABLE `users`
  MODIFY `id` int(10) UNSIGNED NOT NULL AUTO_INCREMENT, AUTO_INCREMENT=1001;

--
-- Restricciones para tablas volcadas
--

--
-- Filtros para la tabla `category_product`
--
ALTER TABLE `category_product`
  ADD CONSTRAINT `category_product_category_id_foreign` FOREIGN KEY (`category_id`) REFERENCES `categories` (`id`),
  ADD CONSTRAINT `category_product_product_id_foreign` FOREIGN KEY (`product_id`) REFERENCES `products` (`id`);

--
-- Filtros para la tabla `products`
--
ALTER TABLE `products`
  ADD CONSTRAINT `products_seller_id_foreign` FOREIGN KEY (`seller_id`) REFERENCES `users` (`id`);

--
-- Filtros para la tabla `transactions`
--
ALTER TABLE `transactions`
  ADD CONSTRAINT `transactions_buyer_id_foreign` FOREIGN KEY (`buyer_id`) REFERENCES `users` (`id`),
  ADD CONSTRAINT `transactions_product_id_foreign` FOREIGN KEY (`product_id`) REFERENCES `products` (`id`);
COMMIT;

/*!40101 SET CHARACTER_SET_CLIENT=@OLD_CHARACTER_SET_CLIENT */;
/*!40101 SET CHARACTER_SET_RESULTS=@OLD_CHARACTER_SET_RESULTS */;
/*!40101 SET COLLATION_CONNECTION=@OLD_COLLATION_CONNECTION */;
